solid 
facet normal -0.8110957 -0.16612987 0.56082493
 outer loop
  vertex -0.08898376 7.450581e-09 0.13168924
  vertex -0.106402494 0.013625998 0.110533655
  vertex -0.11043179 1.4901161e-08 0.10066992
 endloop
endfacet
facet normal -0.8110957 0.16612981 0.560825
 outer loop
  vertex -0.08898376 7.450581e-09 0.13168924
  vertex -0.11043179 1.4901161e-08 0.10066992
  vertex -0.106402494 -0.013625979 0.110533655
 endloop
endfacet
facet normal -0.14225888 0.51225257 0.84697086
 outer loop
  vertex -0.068031624 0.02442038 0.1706853
  vertex -0.07239666 0.051685013 0.15346235
  vertex -0.09728403 0.061261885 0.14349008
 endloop
endfacet
facet normal -0.10229677 0.5369226 0.8374064
 outer loop
  vertex -0.068031624 0.02442038 0.1706853
  vertex -0.09728403 0.061261885 0.14349008
  vertex -0.09259528 0.018262386 0.17163298
 endloop
endfacet
facet normal -0.5035609 0.8462377 0.17409267
 outer loop
  vertex -0.071663715 0.024699628 0.20088683
  vertex -0.09259528 0.018262386 0.17163298
  vertex -0.12099963 1.4901161e-08 0.17824432
 endloop
endfacet
facet normal -0.5500466 0.45925862 0.6975172
 outer loop
  vertex -0.071663715 0.024699628 0.20088683
  vertex -0.12099963 1.4901161e-08 0.17824432
  vertex -0.07291748 0 0.21616085
 endloop
endfacet
facet normal -0.8383484 0.31686446 0.44358632
 outer loop
  vertex -0.04975707 0.08757201 0.19737765
  vertex -0.071663715 0.024699628 0.20088683
  vertex -0.07291748 0 0.21616085
 endloop
endfacet
facet normal -0.61851597 0.31772724 0.71867055
 outer loop
  vertex -0.04975707 0.08757201 0.19737765
  vertex -0.07291748 0 0.21616085
  vertex -0.023789167 0.11197849 0.20893644
 endloop
endfacet
facet normal -0.32410115 0.89170647 0.31593975
 outer loop
  vertex -0.023789167 0.11197849 0.20893644
  vertex -0.0204424 0.14319518 0.12426386
  vertex -0.05555328 0.11613834 0.16461107
 endloop
endfacet
facet normal -0.6913202 0.47960815 0.5404189
 outer loop
  vertex -0.023789167 0.11197849 0.20893644
  vertex -0.05555328 0.11613834 0.16461107
  vertex -0.04975707 0.08757201 0.19737765
 endloop
endfacet
facet normal -0.65253264 0.68700683 0.3197231
 outer loop
  vertex -0.0204424 0.14319518 0.12426386
  vertex -0.11265459 0.08275738 0.065931246
  vertex -0.09728403 0.061261885 0.14349008
 endloop
endfacet
facet normal -0.73719996 0.6418514 -0.21109922
 outer loop
  vertex -0.0204424 0.14319518 0.12426386
  vertex -0.09728403 0.061261885 0.14349008
  vertex -0.05555328 0.11613834 0.16461107
 endloop
endfacet
facet normal -0.6601409 0.31435776 0.68219733
 outer loop
  vertex -0.0049353763 -7.450581e-09 0.27878055
  vertex 0.020155385 0.12183037 0.24692044
  vertex -0.023789167 0.11197849 0.20893644
 endloop
endfacet
facet normal -0.6405192 0.3258774 0.6953697
 outer loop
  vertex -0.0049353763 -7.450581e-09 0.27878055
  vertex -0.023789167 0.11197849 0.20893644
  vertex -0.07291748 0 0.21616085
 endloop
endfacet
facet normal 0.089907095 0.33066624 -0.93945545
 outer loop
  vertex 0.11577343 -7.450581e-09 -0.0386468
  vertex 0.13157204 0.10268091 -0.0009935834
  vertex 0.24064323 0.11158234 0.012577765
 endloop
endfacet
facet normal 0.08017451 0.34036967 -0.9368674
 outer loop
  vertex 0.11577343 -7.450581e-09 -0.0386468
  vertex 0.24064323 0.11158234 0.012577765
  vertex 0.27232265 -2.9802322e-08 -0.025249757
 endloop
endfacet
facet normal -0.3426721 0.3031125 0.88921237
 outer loop
  vertex 0.11436459 0.09399593 0.29271358
  vertex 0.020155385 0.12183037 0.24692044
  vertex -0.0049353763 -7.450581e-09 0.27878055
 endloop
endfacet
facet normal -0.3936225 0.37518895 0.8392226
 outer loop
  vertex 0.11436459 0.09399593 0.29271358
  vertex -0.0049353763 -7.450581e-09 0.27878055
  vertex 0.09089288 -1.4901161e-08 0.3237271
 endloop
endfacet
facet normal 0.826772 0.40504798 -0.3903643
 outer loop
  vertex 0.24064323 0.11158234 0.012577765
  vertex 0.28459468 0.112352766 0.10646413
  vertex 0.31573457 -2.9802322e-08 0.055837862
 endloop
endfacet
facet normal 0.81562036 0.37959498 -0.436659
 outer loop
  vertex 0.24064323 0.11158234 0.012577765
  vertex 0.31573457 -2.9802322e-08 0.055837862
  vertex 0.27232265 -2.9802322e-08 -0.025249757
 endloop
endfacet
facet normal 0.78262377 0.27281806 0.5595269
 outer loop
  vertex 0.25474122 -2.9802322e-08 0.28256124
  vertex 0.32466924 -3.7252903e-08 0.18475124
  vertex 0.28572235 0.088492535 0.19607937
 endloop
endfacet
facet normal 0.73812854 0.32132742 0.5932242
 outer loop
  vertex 0.25474122 -2.9802322e-08 0.28256124
  vertex 0.28572235 0.088492535 0.19607937
  vertex 0.22863609 0.10872942 0.25614828
 endloop
endfacet
facet normal 0.95350206 0.2940521 -0.06608493
 outer loop
  vertex 0.32466924 -3.7252903e-08 0.18475124
  vertex 0.31573457 -2.9802322e-08 0.055837862
  vertex 0.28459468 0.112352766 0.10646413
 endloop
endfacet
facet normal 0.91565937 0.3911389 0.09261942
 outer loop
  vertex 0.32466924 -3.7252903e-08 0.18475124
  vertex 0.28459468 0.112352766 0.10646413
  vertex 0.28572235 0.088492535 0.19607937
 endloop
endfacet
facet normal 0.518546 0.82786405 0.21389535
 outer loop
  vertex 0.22863609 0.10872942 0.25614828
  vertex 0.28572235 0.088492535 0.19607937
  vertex 0.28459468 0.112352766 0.10646413
 endloop
endfacet
facet normal 0.44892675 0.87335855 0.18896985
 outer loop
  vertex 0.22863609 0.10872942 0.25614828
  vertex 0.28459468 0.112352766 0.10646413
  vertex 0.16037616 0.15958232 0.18328427
 endloop
endfacet
facet normal -0.3021509 0.85930413 -0.41267577
 outer loop
  vertex -0.11265459 0.08275738 0.065931246
  vertex -0.0204424 0.14319518 0.12426386
  vertex 0.10346674 0.15739337 0.06310519
 endloop
endfacet
facet normal -0.31798717 0.9108193 -0.26323423
 outer loop
  vertex -0.11265459 0.08275738 0.065931246
  vertex 0.10346674 0.15739337 0.06310519
  vertex 0.093506075 0.14046463 0.01656241
 endloop
endfacet
facet normal -0.24721424 0.9685016 0.029829785
 outer loop
  vertex 0.012834428 0.123661965 0.1267804
  vertex 0.020155385 0.12183037 0.24692044
  vertex 0.16037616 0.15958232 0.18328427
 endloop
endfacet
facet normal -0.27573964 0.9545451 0.113187194
 outer loop
  vertex 0.012834428 0.123661965 0.1267804
  vertex 0.16037616 0.15958232 0.18328427
  vertex 0.10346674 0.15739337 0.06310519
 endloop
endfacet
facet normal -0.24574329 0.952864 -0.17793389
 outer loop
  vertex -0.0641339 0.027879603 0.18382686
  vertex -0.068031624 0.02442038 0.1706853
  vertex -0.09259528 0.018262386 0.17163298
 endloop
endfacet
facet normal -0.33132184 0.943055 0.029548613
 outer loop
  vertex -0.0641339 0.027879603 0.18382686
  vertex -0.09259528 0.018262386 0.17163298
  vertex -0.071663715 0.024699628 0.20088683
 endloop
endfacet
facet normal -0.37858897 -0.8881924 -0.26035494
 outer loop
  vertex -0.106402494 0.013625998 0.110533655
  vertex -0.08898376 7.450581e-09 0.13168924
  vertex -0.12099963 1.4901161e-08 0.17824432
 endloop
endfacet
facet normal -0.6463836 -0.7089795 -0.28202188
 outer loop
  vertex -0.106402494 0.013625998 0.110533655
  vertex -0.12099963 1.4901161e-08 0.17824432
  vertex -0.13292803 0.035580307 0.11613789
 endloop
endfacet
facet normal -0.2547437 -0.51647526 0.81753224
 outer loop
  vertex -0.11043179 1.4901161e-08 0.10066992
  vertex -0.106402494 0.013625998 0.110533655
  vertex -0.13292803 0.035580307 0.11613789
 endloop
endfacet
facet normal 0.13478911 -0.32214338 0.9370462
 outer loop
  vertex -0.11043179 1.4901161e-08 0.10066992
  vertex -0.13292803 0.035580307 0.11613789
  vertex -0.15002593 2.2351742e-08 0.10636533
 endloop
endfacet
facet normal 0.0069683515 -0.17220625 0.9850363
 outer loop
  vertex -0.07239666 0.051685013 0.15346235
  vertex -0.044903412 0.07689454 0.15767504
  vertex -0.05555328 0.11613834 0.16461107
 endloop
endfacet
facet normal -0.39016494 -0.056998532 0.91897905
 outer loop
  vertex -0.07239666 0.051685013 0.15346235
  vertex -0.05555328 0.11613834 0.16461107
  vertex -0.09728403 0.061261885 0.14349008
 endloop
endfacet
facet normal -0.9906835 -0.09774833 -0.09482335
 outer loop
  vertex -0.044903412 0.07689454 0.15767504
  vertex -0.04545539 0.06203328 0.17876159
  vertex -0.04975707 0.08757201 0.19737765
 endloop
endfacet
facet normal -0.96608543 -0.25334132 -0.049971625
 outer loop
  vertex -0.044903412 0.07689454 0.15767504
  vertex -0.04975707 0.08757201 0.19737765
  vertex -0.05555328 0.11613834 0.16461107
 endloop
endfacet
facet normal -0.85529256 0.42347598 -0.29856765
 outer loop
  vertex -0.04545539 0.06203328 0.17876159
  vertex -0.0641339 0.027879603 0.18382686
  vertex -0.071663715 0.024699628 0.20088683
 endloop
endfacet
facet normal -0.80820245 0.25189143 -0.5323153
 outer loop
  vertex -0.04545539 0.06203328 0.17876159
  vertex -0.071663715 0.024699628 0.20088683
  vertex -0.04975707 0.08757201 0.19737765
 endloop
endfacet
facet normal -0.44418144 0.8461829 0.29441002
 outer loop
  vertex -0.0204424 0.14319518 0.12426386
  vertex -0.023789167 0.11197849 0.20893644
  vertex 0.020155385 0.12183037 0.24692044
 endloop
endfacet
facet normal 0.50714207 0.8616793 -0.017766891
 outer loop
  vertex -0.0204424 0.14319518 0.12426386
  vertex 0.020155385 0.12183037 0.24692044
  vertex 0.012834428 0.123661965 0.1267804
 endloop
endfacet
facet normal 0.29705718 0.601599 0.7415091
 outer loop
  vertex 0.10346674 0.15739337 0.06310519
  vertex -0.0204424 0.14319518 0.12426386
  vertex 0.012834428 0.123661965 0.1267804
 endloop
endfacet
facet normal 0.0700098 0.47748876 -0.87584424
 outer loop
  vertex 0.24064323 0.11158234 0.012577765
  vertex 0.13157204 0.10268091 -0.0009935834
  vertex 0.093506075 0.14046463 0.01656241
 endloop
endfacet
facet normal 0.169425 0.9139797 -0.36869532
 outer loop
  vertex 0.24064323 0.11158234 0.012577765
  vertex 0.093506075 0.14046463 0.01656241
  vertex 0.10346674 0.15739337 0.06310519
 endloop
endfacet
facet normal -0.07860128 0.35385603 -0.9319913
 outer loop
  vertex 0.093506075 0.14046463 0.01656241
  vertex 0.13157204 0.10268091 -0.0009935834
  vertex 0.11577343 -7.450581e-09 -0.0386468
 endloop
endfacet
facet normal -0.41835994 0.27403975 -0.8659545
 outer loop
  vertex 0.093506075 0.14046463 0.01656241
  vertex 0.11577343 -7.450581e-09 -0.0386468
  vertex 0.010216489 7.450581e-09 0.012349879
 endloop
endfacet
facet normal 0.061330717 0.84454304 0.53196394
 outer loop
  vertex 0.11436459 0.09399593 0.29271358
  vertex 0.22863609 0.10872942 0.25614828
  vertex 0.16037616 0.15958232 0.18328427
 endloop
endfacet
facet normal 0.0029338456 0.8571909 0.51499045
 outer loop
  vertex 0.11436459 0.09399593 0.29271358
  vertex 0.16037616 0.15958232 0.18328427
  vertex 0.020155385 0.12183037 0.24692044
 endloop
endfacet
facet normal 0.23377007 0.28215522 0.9304515
 outer loop
  vertex 0.09089288 -1.4901161e-08 0.3237271
  vertex 0.25474122 -2.9802322e-08 0.28256124
  vertex 0.22863609 0.10872942 0.25614828
 endloop
endfacet
facet normal 0.26744983 0.24103366 0.93293804
 outer loop
  vertex 0.09089288 -1.4901161e-08 0.3237271
  vertex 0.22863609 0.10872942 0.25614828
  vertex 0.11436459 0.09399593 0.29271358
 endloop
endfacet
facet normal 0.26920453 0.9537363 -0.13385028
 outer loop
  vertex 0.28459468 0.112352766 0.10646413
  vertex 0.24064323 0.11158234 0.012577765
  vertex 0.10346674 0.15739337 0.06310519
 endloop
endfacet
facet normal 0.27148527 0.95132166 -0.14588617
 outer loop
  vertex 0.28459468 0.112352766 0.10646413
  vertex 0.10346674 0.15739337 0.06310519
  vertex 0.16037616 0.15958232 0.18328427
 endloop
endfacet
facet normal -0.14671586 0.5304528 0.8349217
 outer loop
  vertex -0.12099963 1.4901161e-08 0.17824432
  vertex -0.09259528 0.018262386 0.17163298
  vertex -0.09728403 0.061261885 0.14349008
 endloop
endfacet
facet normal -0.722436 0.53094393 0.4429275
 outer loop
  vertex -0.12099963 1.4901161e-08 0.17824432
  vertex -0.09728403 0.061261885 0.14349008
  vertex -0.13292803 0.035580307 0.11613789
 endloop
endfacet
facet normal -0.19814189 0.60299057 -0.7727497
 outer loop
  vertex -0.1262627 0.06013772 0.051769987
  vertex -0.11265459 0.08275738 0.065931246
  vertex -0.09672669 0.054899998 0.04010953
 endloop
endfacet
facet normal -0.7021856 0.6380327 0.31599006
 outer loop
  vertex -0.11265459 0.08275738 0.065931246
  vertex -0.13292803 0.035580307 0.11613789
  vertex -0.09728403 0.061261885 0.14349008
 endloop
endfacet
facet normal -0.6200456 -0.69389623 0.36613032
 outer loop
  vertex -0.09672669 0.054899998 0.04010953
  vertex -0.11265459 0.08275738 0.065931246
  vertex -0.11272692 0.08092928 0.0623441
 endloop
endfacet
facet normal -0.33669037 0.8416806 -0.4221531
 outer loop
  vertex -0.11265459 0.08275738 0.065931246
  vertex 0.093506075 0.14046463 0.01656241
  vertex -0.11272692 0.08092928 0.0623441
 endloop
endfacet
facet normal -0.10229697 -0.53692245 0.83740646
 outer loop
  vertex -0.06803164 -0.024420373 0.1706853
  vertex -0.09259527 -0.018262371 0.17163298
  vertex -0.09728403 -0.061261877 0.14349008
 endloop
endfacet
facet normal -0.14225909 -0.51225245 0.846971
 outer loop
  vertex -0.06803164 -0.024420373 0.1706853
  vertex -0.09728403 -0.061261877 0.14349008
  vertex -0.072396666 -0.051685035 0.15346234
 endloop
endfacet
facet normal -0.5500469 -0.45925808 0.69751734
 outer loop
  vertex -0.07166374 -0.024699613 0.20088685
  vertex -0.07291748 0 0.21616085
  vertex -0.12099963 1.4901161e-08 0.17824432
 endloop
endfacet
facet normal -0.5035612 -0.8462375 0.17409231
 outer loop
  vertex -0.07166374 -0.024699613 0.20088685
  vertex -0.12099963 1.4901161e-08 0.17824432
  vertex -0.09259527 -0.018262371 0.17163298
 endloop
endfacet
facet normal -0.6185162 -0.31772727 0.71867037
 outer loop
  vertex -0.049757063 -0.08757201 0.19737765
  vertex -0.023789175 -0.111978516 0.20893642
  vertex -0.07291748 0 0.21616085
 endloop
endfacet
facet normal -0.8383474 -0.31686467 0.44358805
 outer loop
  vertex -0.049757063 -0.08757201 0.19737765
  vertex -0.07291748 0 0.21616085
  vertex -0.07166374 -0.024699613 0.20088685
 endloop
endfacet
facet normal -0.69132036 -0.47960797 0.5404186
 outer loop
  vertex -0.023789175 -0.111978516 0.20893642
  vertex -0.049757063 -0.08757201 0.19737765
  vertex -0.055553295 -0.11613831 0.16461106
 endloop
endfacet
facet normal -0.324102 -0.89170635 0.31593943
 outer loop
  vertex -0.023789175 -0.111978516 0.20893642
  vertex -0.055553295 -0.11613831 0.16461106
  vertex -0.020442437 -0.14319517 0.12426385
 endloop
endfacet
facet normal -0.73720014 -0.64185137 -0.21109882
 outer loop
  vertex -0.020442437 -0.14319517 0.12426385
  vertex -0.055553295 -0.11613831 0.16461106
  vertex -0.09728403 -0.061261877 0.14349008
 endloop
endfacet
facet normal -0.6525327 -0.6870067 0.319723
 outer loop
  vertex -0.020442437 -0.14319517 0.12426385
  vertex -0.09728403 -0.061261877 0.14349008
  vertex -0.11265462 -0.08275734 0.065931246
 endloop
endfacet
facet normal -0.6405193 -0.32587743 0.6953697
 outer loop
  vertex -0.0049353763 -7.450581e-09 0.27878055
  vertex -0.07291748 0 0.21616085
  vertex -0.023789175 -0.111978516 0.20893642
 endloop
endfacet
facet normal -0.6601411 -0.31435767 0.68219715
 outer loop
  vertex -0.0049353763 -7.450581e-09 0.27878055
  vertex -0.023789175 -0.111978516 0.20893642
  vertex 0.020155378 -0.12183042 0.24692044
 endloop
endfacet
facet normal 0.08017443 -0.3403697 -0.9368674
 outer loop
  vertex 0.11577343 -7.450581e-09 -0.0386468
  vertex 0.27232265 -2.9802322e-08 -0.025249757
  vertex 0.24064323 -0.11158237 0.012577757
 endloop
endfacet
facet normal 0.089907005 -0.33066624 -0.9394555
 outer loop
  vertex 0.11577343 -7.450581e-09 -0.0386468
  vertex 0.24064323 -0.11158237 0.012577757
  vertex 0.13157204 -0.10268091 -0.0009935908
 endloop
endfacet
facet normal -0.39362252 -0.37518886 0.8392226
 outer loop
  vertex 0.11436457 -0.09399596 0.29271358
  vertex 0.09089288 -1.4901161e-08 0.3237271
  vertex -0.0049353763 -7.450581e-09 0.27878055
 endloop
endfacet
facet normal -0.34267208 -0.3031124 0.88921237
 outer loop
  vertex 0.11436457 -0.09399596 0.29271358
  vertex -0.0049353763 -7.450581e-09 0.27878055
  vertex 0.020155378 -0.12183042 0.24692044
 endloop
endfacet
facet normal 0.81562024 -0.37959504 -0.43665895
 outer loop
  vertex 0.24064323 -0.11158237 0.012577757
  vertex 0.27232265 -2.9802322e-08 -0.025249757
  vertex 0.31573457 -2.9802322e-08 0.055837862
 endloop
endfacet
facet normal 0.8267719 -0.40504807 -0.39036423
 outer loop
  vertex 0.24064323 -0.11158237 0.012577757
  vertex 0.31573457 -2.9802322e-08 0.055837862
  vertex 0.28459466 -0.11235283 0.106464125
 endloop
endfacet
facet normal 0.7381285 -0.3213276 0.59322417
 outer loop
  vertex 0.25474122 -2.9802322e-08 0.28256124
  vertex 0.22863606 -0.1087295 0.25614828
  vertex 0.28572232 -0.08849262 0.19607937
 endloop
endfacet
facet normal 0.78262365 -0.2728183 0.5595269
 outer loop
  vertex 0.25474122 -2.9802322e-08 0.28256124
  vertex 0.28572232 -0.08849262 0.19607937
  vertex 0.32466924 -3.7252903e-08 0.18475124
 endloop
endfacet
facet normal 0.9156592 -0.3911391 0.092619404
 outer loop
  vertex 0.32466924 -3.7252903e-08 0.18475124
  vertex 0.28572232 -0.08849262 0.19607937
  vertex 0.28459466 -0.11235283 0.106464125
 endloop
endfacet
facet normal 0.953502 -0.2940523 -0.066084936
 outer loop
  vertex 0.32466924 -3.7252903e-08 0.18475124
  vertex 0.28459466 -0.11235283 0.106464125
  vertex 0.31573457 -2.9802322e-08 0.055837862
 endloop
endfacet
facet normal 0.4489262 -0.8733588 0.1889696
 outer loop
  vertex 0.22863606 -0.1087295 0.25614828
  vertex 0.16037613 -0.15958232 0.18328425
  vertex 0.28459466 -0.11235283 0.106464125
 endloop
endfacet
facet normal 0.5185458 -0.82786417 0.21389523
 outer loop
  vertex 0.22863606 -0.1087295 0.25614828
  vertex 0.28459466 -0.11235283 0.106464125
  vertex 0.28572232 -0.08849262 0.19607937
 endloop
endfacet
facet normal -0.3179874 -0.9108192 -0.26323453
 outer loop
  vertex -0.11265462 -0.08275734 0.065931246
  vertex 0.093506046 -0.14046463 0.016562402
  vertex 0.1034667 -0.15739338 0.06310518
 endloop
endfacet
facet normal -0.3021511 -0.859304 -0.4126758
 outer loop
  vertex -0.11265462 -0.08275734 0.065931246
  vertex 0.1034667 -0.15739338 0.06310518
  vertex -0.020442437 -0.14319517 0.12426385
 endloop
endfacet
facet normal -0.27573955 -0.95454514 0.11318728
 outer loop
  vertex 0.012834404 -0.123661995 0.12678039
  vertex 0.1034667 -0.15739338 0.06310518
  vertex 0.16037613 -0.15958232 0.18328425
 endloop
endfacet
facet normal -0.24721399 -0.9685016 0.029829606
 outer loop
  vertex 0.012834404 -0.123661995 0.12678039
  vertex 0.16037613 -0.15958232 0.18328425
  vertex 0.020155378 -0.12183042 0.24692044
 endloop
endfacet
facet normal -0.33132192 -0.943055 0.02954835
 outer loop
  vertex -0.06413389 -0.027879596 0.18382686
  vertex -0.07166374 -0.024699613 0.20088685
  vertex -0.09259527 -0.018262371 0.17163298
 endloop
endfacet
facet normal -0.24574375 -0.95286393 -0.17793335
 outer loop
  vertex -0.06413389 -0.027879596 0.18382686
  vertex -0.09259527 -0.018262371 0.17163298
  vertex -0.06803164 -0.024420373 0.1706853
 endloop
endfacet
facet normal -0.6463832 0.7089798 -0.282022
 outer loop
  vertex -0.106402494 -0.013625979 0.110533655
  vertex -0.13292804 -0.035580277 0.11613789
  vertex -0.12099963 1.4901161e-08 0.17824432
 endloop
endfacet
facet normal -0.3785887 0.88819253 -0.26035506
 outer loop
  vertex -0.106402494 -0.013625979 0.110533655
  vertex -0.12099963 1.4901161e-08 0.17824432
  vertex -0.08898376 7.450581e-09 0.13168924
 endloop
endfacet
facet normal 0.13478924 0.32214326 0.93704623
 outer loop
  vertex -0.11043179 1.4901161e-08 0.10066992
  vertex -0.15002593 2.2351742e-08 0.10636533
  vertex -0.13292804 -0.035580277 0.11613789
 endloop
endfacet
facet normal -0.2547432 0.51647514 0.8175324
 outer loop
  vertex -0.11043179 1.4901161e-08 0.10066992
  vertex -0.13292804 -0.035580277 0.11613789
  vertex -0.106402494 -0.013625979 0.110533655
 endloop
endfacet
facet normal -0.3901646 0.05699874 0.91897917
 outer loop
  vertex -0.072396666 -0.051685035 0.15346234
  vertex -0.09728403 -0.061261877 0.14349008
  vertex -0.055553295 -0.11613831 0.16461106
 endloop
endfacet
facet normal 0.0069675287 0.17220615 0.9850362
 outer loop
  vertex -0.072396666 -0.051685035 0.15346234
  vertex -0.055553295 -0.11613831 0.16461106
  vertex -0.044903435 -0.07689452 0.15767504
 endloop
endfacet
facet normal -0.96608543 0.2533414 -0.04997079
 outer loop
  vertex -0.044903435 -0.07689452 0.15767504
  vertex -0.055553295 -0.11613831 0.16461106
  vertex -0.049757063 -0.08757201 0.19737765
 endloop
endfacet
facet normal -0.9906835 0.097748816 -0.094822444
 outer loop
  vertex -0.044903435 -0.07689452 0.15767504
  vertex -0.049757063 -0.08757201 0.19737765
  vertex -0.04545539 -0.06203331 0.17876159
 endloop
endfacet
facet normal -0.80820256 -0.2518917 -0.53231496
 outer loop
  vertex -0.04545539 -0.06203331 0.17876159
  vertex -0.049757063 -0.08757201 0.19737765
  vertex -0.07166374 -0.024699613 0.20088685
 endloop
endfacet
facet normal -0.85529256 -0.42347515 -0.29856887
 outer loop
  vertex -0.04545539 -0.06203331 0.17876159
  vertex -0.07166374 -0.024699613 0.20088685
  vertex -0.06413389 -0.027879596 0.18382686
 endloop
endfacet
facet normal 0.50714105 -0.8616799 -0.017767051
 outer loop
  vertex -0.020442437 -0.14319517 0.12426385
  vertex 0.012834404 -0.123661995 0.12678039
  vertex 0.020155378 -0.12183042 0.24692044
 endloop
endfacet
facet normal -0.4441819 -0.84618276 0.29440978
 outer loop
  vertex -0.020442437 -0.14319517 0.12426385
  vertex 0.020155378 -0.12183042 0.24692044
  vertex -0.023789175 -0.111978516 0.20893642
 endloop
endfacet
facet normal 0.29705682 -0.6015995 0.7415088
 outer loop
  vertex 0.1034667 -0.15739338 0.06310518
  vertex 0.012834404 -0.123661995 0.12678039
  vertex -0.020442437 -0.14319517 0.12426385
 endloop
endfacet
facet normal 0.16942476 -0.91397977 -0.3686955
 outer loop
  vertex 0.24064323 -0.11158237 0.012577757
  vertex 0.1034667 -0.15739338 0.06310518
  vertex 0.093506046 -0.14046463 0.016562402
 endloop
endfacet
facet normal 0.07000967 -0.47748876 -0.8758443
 outer loop
  vertex 0.24064323 -0.11158237 0.012577757
  vertex 0.093506046 -0.14046463 0.016562402
  vertex 0.13157204 -0.10268091 -0.0009935908
 endloop
endfacet
facet normal -0.41836 -0.27403957 -0.8659545
 outer loop
  vertex 0.093506046 -0.14046463 0.016562402
  vertex 0.010216489 7.450581e-09 0.012349879
  vertex 0.11577343 -7.450581e-09 -0.0386468
 endloop
endfacet
facet normal -0.07860114 -0.353856 -0.93199134
 outer loop
  vertex 0.093506046 -0.14046463 0.016562402
  vertex 0.11577343 -7.450581e-09 -0.0386468
  vertex 0.13157204 -0.10268091 -0.0009935908
 endloop
endfacet
facet normal 0.002934151 -0.85719097 0.51499027
 outer loop
  vertex 0.11436457 -0.09399596 0.29271358
  vertex 0.020155378 -0.12183042 0.24692044
  vertex 0.16037613 -0.15958232 0.18328425
 endloop
endfacet
facet normal 0.061330263 -0.8445433 0.5319636
 outer loop
  vertex 0.11436457 -0.09399596 0.29271358
  vertex 0.16037613 -0.15958232 0.18328425
  vertex 0.22863606 -0.1087295 0.25614828
 endloop
endfacet
facet normal 0.2674498 -0.24103372 0.932938
 outer loop
  vertex 0.09089288 -1.4901161e-08 0.3237271
  vertex 0.11436457 -0.09399596 0.29271358
  vertex 0.22863606 -0.1087295 0.25614828
 endloop
endfacet
facet normal 0.23377 -0.28215525 0.9304515
 outer loop
  vertex 0.09089288 -1.4901161e-08 0.3237271
  vertex 0.22863606 -0.1087295 0.25614828
  vertex 0.25474122 -2.9802322e-08 0.28256124
 endloop
endfacet
facet normal 0.27148497 -0.95132184 -0.14588596
 outer loop
  vertex 0.28459466 -0.11235283 0.106464125
  vertex 0.16037613 -0.15958232 0.18328425
  vertex 0.1034667 -0.15739338 0.06310518
 endloop
endfacet
facet normal 0.2692043 -0.9537364 -0.13385046
 outer loop
  vertex 0.28459466 -0.11235283 0.106464125
  vertex 0.1034667 -0.15739338 0.06310518
  vertex 0.24064323 -0.11158237 0.012577757
 endloop
endfacet
facet normal -0.5246853 -0.812722 0.25335422
 outer loop
  vertex -0.1458344 -0.043381892 0.064383
  vertex -0.1262627 -0.059949115 0.05176999
  vertex -0.13292804 -0.035580277 0.11613789
 endloop
endfacet
facet normal -0.8248332 -0.07766792 0.5600161
 outer loop
  vertex -0.14976336 -0.017790124 0.08489637
  vertex -0.15908897 6.917864e-05 0.073637806
  vertex -0.15797475 -0.015791178 0.07307926
 endloop
endfacet
facet normal -0.8916945 -0.3584475 0.27639893
 outer loop
  vertex -0.1458344 -0.043381892 0.064383
  vertex -0.13292804 -0.035580277 0.11613789
  vertex -0.14976336 -0.017790124 0.08489637
 endloop
endfacet
facet normal -0.7584404 -0.4745355 0.4467486
 outer loop
  vertex -0.15797475 -0.015791178 0.07307926
  vertex -0.1458344 -0.043381892 0.064383
  vertex -0.14976336 -0.017790124 0.08489637
 endloop
endfacet
facet normal -0.722436 -0.53094375 0.44292763
 outer loop
  vertex -0.12099963 1.4901161e-08 0.17824432
  vertex -0.13292804 -0.035580277 0.11613789
  vertex -0.09728403 -0.061261877 0.14349008
 endloop
endfacet
facet normal -0.14671603 -0.53045267 0.8349217
 outer loop
  vertex -0.12099963 1.4901161e-08 0.17824432
  vertex -0.09728403 -0.061261877 0.14349008
  vertex -0.09259527 -0.018262371 0.17163298
 endloop
endfacet
facet normal -0.70218563 -0.6380327 0.31598997
 outer loop
  vertex -0.11265462 -0.08275734 0.065931246
  vertex -0.09728403 -0.061261877 0.14349008
  vertex -0.13292804 -0.035580277 0.11613789
 endloop
endfacet
facet normal -0.87834966 -0.47003585 0.08699553
 outer loop
  vertex -0.1262627 -0.059949115 0.05176999
  vertex -0.11265462 -0.08275734 0.065931246
  vertex -0.13292804 -0.035580277 0.11613789
 endloop
endfacet
facet normal -0.8771511 0.4718588 0.08919237
 outer loop
  vertex -0.13292803 0.035580307 0.11613789
  vertex -0.11265459 0.08275738 0.065931246
  vertex -0.1262627 0.06013772 0.051769987
 endloop
endfacet
facet normal -0.33669 -0.84168327 -0.4221482
 outer loop
  vertex -0.11265462 -0.08275734 0.065931246
  vertex -0.11272695 -0.080929264 0.0623441
  vertex 0.093506046 -0.14046463 0.016562402
 endloop
endfacet
facet normal -0.2634863 -0.18463153 -0.94682956
 outer loop
  vertex 0.093506046 -0.14046463 0.016562402
  vertex -0.11272695 -0.080929264 0.0623441
  vertex 0.010216489 7.450581e-09 0.012349879
 endloop
endfacet
facet normal -0.26348633 0.18463165 -0.94682956
 outer loop
  vertex 0.010216489 7.450581e-09 0.012349879
  vertex -0.11272692 0.08092928 0.0623441
  vertex 0.093506075 0.14046463 0.01656241
 endloop
endfacet
facet normal -0.62487644 0.6904346 0.36445782
 outer loop
  vertex -0.11272695 -0.080929264 0.0623441
  vertex -0.11265462 -0.08275734 0.065931246
  vertex -0.09672673 -0.0547114 0.04010954
 endloop
endfacet
facet normal -0.19945072 -0.60001403 -0.77472746
 outer loop
  vertex -0.11265462 -0.08275734 0.065931246
  vertex -0.1262627 -0.059949115 0.05176999
  vertex -0.09672673 -0.0547114 0.04010954
 endloop
endfacet
facet normal -0.66771734 0.44271863 0.5984594
 outer loop
  vertex -0.14583439 0.04668323 0.064383
  vertex -0.15915659 0.052508585 0.04520967
  vertex -0.15218267 0.031153597 0.06878831
 endloop
endfacet
facet normal -0.7560595 0.087207556 0.648667
 outer loop
  vertex -0.15809014 0.0140675865 0.07292003
  vertex -0.17335066 0.012293354 0.05537153
  vertex -0.15908897 6.917864e-05 0.073637806
 endloop
endfacet
facet normal -0.6583874 -0.47785172 0.5815357
 outer loop
  vertex -0.15797475 -0.015791178 0.07307926
  vertex -0.1726056 -0.018141836 0.05458334
  vertex -0.15856355 -0.04933121 0.044852573
 endloop
endfacet
facet normal -0.56941634 -0.021646556 -0.8217642
 outer loop
  vertex -0.17335066 0.012293354 0.05537153
  vertex -0.16229734 0.009828515 0.047777396
  vertex -0.16322383 0.00018192083 0.04867349
 endloop
endfacet
facet normal -0.5408743 -0.009097926 -0.84105426
 outer loop
  vertex -0.15915659 0.052508585 0.04520967
  vertex -0.15233696 0.04058102 0.040953048
  vertex -0.15921867 0.025153711 0.045545496
 endloop
endfacet
facet normal -0.80880284 -0.49045455 0.3244878
 outer loop
  vertex -0.044903435 -0.07689452 0.15767504
  vertex -0.04545539 -0.06203331 0.17876159
  vertex -0.06413389 -0.027879596 0.18382686
 endloop
endfacet
facet normal -0.96007305 -0.022440922 0.27884784
 outer loop
  vertex -0.06413389 -0.027879596 0.18382686
  vertex -0.06803164 -0.024420373 0.1706853
  vertex -0.072396666 -0.051685035 0.15346234
 endloop
endfacet
facet normal -0.5926579 -0.54764915 0.5906243
 outer loop
  vertex -0.06413389 -0.027879596 0.18382686
  vertex -0.072396666 -0.051685035 0.15346234
  vertex -0.044903435 -0.07689452 0.15767504
 endloop
endfacet
facet normal -0.91306674 0.3194279 0.25352502
 outer loop
  vertex -0.14976336 0.017790165 0.08489636
  vertex -0.15908897 6.917864e-05 0.073637806
  vertex -0.15002593 2.2351742e-08 0.10636533
 endloop
endfacet
facet normal -0.8929147 0.35197583 0.28074217
 outer loop
  vertex -0.14976336 0.017790165 0.08489636
  vertex -0.15002593 2.2351742e-08 0.10636533
  vertex -0.13292803 0.035580307 0.11613789
 endloop
endfacet
facet normal -0.8304427 0.08746584 0.55019504
 outer loop
  vertex -0.15809014 0.0140675865 0.07292003
  vertex -0.15908897 6.917864e-05 0.073637806
  vertex -0.14976336 0.017790165 0.08489636
 endloop
endfacet
facet normal -0.82195204 0.5552778 0.12673399
 outer loop
  vertex -0.14976336 0.017790165 0.08489636
  vertex -0.13292803 0.035580307 0.11613789
  vertex -0.1262627 0.06013772 0.051769987
 endloop
endfacet
facet normal 0.14080235 0.56034 0.81620693
 outer loop
  vertex -0.14976336 0.017790165 0.08489636
  vertex -0.1262627 0.06013772 0.051769987
  vertex -0.14583439 0.04668323 0.064383
 endloop
endfacet
facet normal -0.80915844 0.38674033 0.4423739
 outer loop
  vertex -0.15218267 0.031153597 0.06878831
  vertex -0.15809014 0.0140675865 0.07292003
  vertex -0.14976336 0.017790165 0.08489636
 endloop
endfacet
facet normal -0.7542133 0.4452219 0.48263854
 outer loop
  vertex -0.14583439 0.04668323 0.064383
  vertex -0.15218267 0.031153597 0.06878831
  vertex -0.14976336 0.017790165 0.08489636
 endloop
endfacet
facet normal -0.9138515 -0.31807587 0.2523952
 outer loop
  vertex -0.15002593 2.2351742e-08 0.10636533
  vertex -0.15908897 6.917864e-05 0.073637806
  vertex -0.14976336 -0.017790124 0.08489637
 endloop
endfacet
facet normal -0.892915 -0.3519755 0.28074205
 outer loop
  vertex -0.15002593 2.2351742e-08 0.10636533
  vertex -0.14976336 -0.017790124 0.08489637
  vertex -0.13292804 -0.035580277 0.11613789
 endloop
endfacet
facet normal -0.8622675 0.49035674 0.12666912
 outer loop
  vertex -0.068031624 0.02442038 0.1706853
  vertex -0.0641339 0.027879603 0.18382686
  vertex -0.04545539 0.06203328 0.17876159
 endloop
endfacet
facet normal -0.6453912 0.6322216 0.42867935
 outer loop
  vertex -0.04545539 0.06203328 0.17876159
  vertex -0.044903412 0.07689454 0.15767504
  vertex -0.07239666 0.051685013 0.15346235
 endloop
endfacet
facet normal -0.711956 0.29001167 0.6395403
 outer loop
  vertex -0.04545539 0.06203328 0.17876159
  vertex -0.07239666 0.051685013 0.15346235
  vertex -0.068031624 0.02442038 0.1706853
 endloop
endfacet
facet normal -0.7145766 0.38785034 0.5821962
 outer loop
  vertex -0.17335066 0.012293354 0.05537153
  vertex -0.15809014 0.0140675865 0.07292003
  vertex -0.15218267 0.031153597 0.06878831
 endloop
endfacet
facet normal -0.71711886 0.39772746 0.57232285
 outer loop
  vertex -0.17335066 0.012293354 0.05537153
  vertex -0.15218267 0.031153597 0.06878831
  vertex -0.15915659 0.052508585 0.04520967
 endloop
endfacet
facet normal -0.28631908 0.8431453 0.4551125
 outer loop
  vertex -0.15915659 0.052508585 0.04520967
  vertex -0.14583439 0.04668323 0.064383
  vertex -0.1262627 0.06013772 0.051769987
 endloop
endfacet
facet normal -0.2720524 0.9138955 0.3013014
 outer loop
  vertex -0.15915659 0.052508585 0.04520967
  vertex -0.1262627 0.06013772 0.051769987
  vertex -0.13651463 0.06406536 0.030600095
 endloop
endfacet
facet normal 0.20516889 0.9753195 0.0815935
 outer loop
  vertex -0.13651463 0.06406536 0.030600095
  vertex -0.1262627 0.06013772 0.051769987
  vertex -0.09672669 0.054899998 0.04010953
 endloop
endfacet
facet normal 0.16009776 0.95481145 0.25040725
 outer loop
  vertex -0.13651463 0.06406536 0.030600095
  vertex -0.09672669 0.054899998 0.04010953
  vertex -0.10575743 0.062203716 0.018034
 endloop
endfacet
facet normal -0.6643978 -0.47437638 0.57753146
 outer loop
  vertex -0.1458344 -0.043381892 0.064383
  vertex -0.15797475 -0.015791178 0.07307926
  vertex -0.15856355 -0.04933121 0.044852573
 endloop
endfacet
facet normal -0.35845214 -0.87015545 0.3381443
 outer loop
  vertex -0.15856355 -0.04933121 0.044852573
  vertex -0.13651466 -0.06395258 0.0306001
  vertex -0.1262627 -0.059949115 0.05176999
 endloop
endfacet
facet normal -0.36503178 -0.7972524 0.48077065
 outer loop
  vertex -0.15856355 -0.04933121 0.044852573
  vertex -0.1262627 -0.059949115 0.05176999
  vertex -0.1458344 -0.043381892 0.064383
 endloop
endfacet
facet normal 0.1611019 -0.95396084 0.25299194
 outer loop
  vertex -0.13651466 -0.06395258 0.0306001
  vertex -0.10575745 -0.06209095 0.018034006
  vertex -0.09672673 -0.0547114 0.04010954
 endloop
endfacet
facet normal 0.20622726 -0.97485006 0.08448524
 outer loop
  vertex -0.13651466 -0.06395258 0.0306001
  vertex -0.09672673 -0.0547114 0.04010954
  vertex -0.1262627 -0.059949115 0.05176999
 endloop
endfacet
facet normal -0.7816151 -0.035261955 0.62276363
 outer loop
  vertex -0.17335066 0.012293354 0.05537153
  vertex -0.1726056 -0.018141836 0.05458334
  vertex -0.15797475 -0.015791178 0.07307926
 endloop
endfacet
facet normal -0.8103067 -0.07738197 0.5808745
 outer loop
  vertex -0.17335066 0.012293354 0.05537153
  vertex -0.15797475 -0.015791178 0.07307926
  vertex -0.15908897 6.917864e-05 0.073637806
 endloop
endfacet
facet normal -0.5545459 0.007974166 -0.8321149
 outer loop
  vertex -0.16229734 -0.011485554 0.047777396
  vertex -0.1726056 -0.018141836 0.05458334
  vertex -0.17335066 0.012293354 0.05537153
 endloop
endfacet
facet normal -0.5324939 0.022700539 -0.8461294
 outer loop
  vertex -0.16229734 -0.011485554 0.047777396
  vertex -0.17335066 0.012293354 0.05537153
  vertex -0.16322383 0.00018192083 0.04867349
 endloop
endfacet
facet normal -0.5380254 0.010263279 -0.8428661
 outer loop
  vertex -0.13932526 -0.050682187 0.032555774
  vertex -0.13651466 -0.06395258 0.0306001
  vertex -0.15856355 -0.04933121 0.044852573
 endloop
endfacet
facet normal -0.5382619 0.005900873 -0.8427569
 outer loop
  vertex -0.13932526 -0.050682187 0.032555774
  vertex -0.15856355 -0.04933121 0.044852573
  vertex -0.15133733 -0.035715133 0.040332578
 endloop
endfacet
facet normal -0.5584444 0.007376107 -0.8295092
 outer loop
  vertex -0.15921867 -0.021004125 0.0455455
  vertex -0.15856355 -0.04933121 0.044852573
  vertex -0.1726056 -0.018141836 0.05458334
 endloop
endfacet
facet normal -0.55737275 0.014373448 -0.83013785
 outer loop
  vertex -0.15921867 -0.021004125 0.0455455
  vertex -0.1726056 -0.018141836 0.05458334
  vertex -0.16229734 -0.011485554 0.047777396
 endloop
endfacet
facet normal -0.56717324 -0.006003295 -0.8235766
 outer loop
  vertex -0.15921867 0.025153711 0.045545496
  vertex -0.16229734 0.009828515 0.047777396
  vertex -0.17335066 0.012293354 0.05537153
 endloop
endfacet
facet normal -0.56541294 -0.008842211 -0.8247606
 outer loop
  vertex -0.15921867 0.025153711 0.045545496
  vertex -0.17335066 0.012293354 0.05537153
  vertex -0.15915659 0.052508585 0.04520967
 endloop
endfacet
facet normal -0.474358 -0.3930304 -0.7877256
 outer loop
  vertex -0.13932526 -0.050682187 0.032555774
  vertex -0.13053244 -0.048831128 0.02633728
  vertex -0.10575745 -0.06209095 0.018034006
 endloop
endfacet
facet normal -0.38050243 0.05545229 -0.9231159
 outer loop
  vertex -0.13932526 -0.050682187 0.032555774
  vertex -0.10575745 -0.06209095 0.018034006
  vertex -0.13651466 -0.06395258 0.0306001
 endloop
endfacet
facet normal -0.38093346 -0.07092778 -0.9218779
 outer loop
  vertex -0.14032492 0.051046032 0.033176247
  vertex -0.13651463 0.06406536 0.030600095
  vertex -0.10575743 0.062203716 0.018034
 endloop
endfacet
facet normal -0.4602204 0.28448159 -0.8409919
 outer loop
  vertex -0.14032492 0.051046032 0.033176247
  vertex -0.10575743 0.062203716 0.018034
  vertex -0.1340312 0.04743012 0.028508954
 endloop
endfacet
facet normal -0.5411503 0.008054393 -0.8408873
 outer loop
  vertex -0.15856355 -0.04933121 0.044852573
  vertex -0.15921867 -0.021004125 0.0455455
  vertex -0.15133733 -0.035715133 0.040332578
 endloop
endfacet
facet normal -0.5388522 -0.007473341 -0.84236705
 outer loop
  vertex -0.14032492 0.051046032 0.033176247
  vertex -0.15233696 0.04058102 0.040953048
  vertex -0.15915659 0.052508585 0.04520967
 endloop
endfacet
facet normal -0.53892684 -0.008943599 -0.8423051
 outer loop
  vertex -0.14032492 0.051046032 0.033176247
  vertex -0.15915659 0.052508585 0.04520967
  vertex -0.13651463 0.06406536 0.030600095
 endloop
endfacet
facet normal 0.10930855 0.9561727 0.27163467
 outer loop
  vertex -0.10575743 0.062203716 0.018034
  vertex -0.09672669 0.054899998 0.04010953
  vertex -0.07014044 0.054899998 0.02941095
 endloop
endfacet
facet normal 0.105783075 0.95381373 0.2811572
 outer loop
  vertex -0.07014044 0.054899998 0.02941095
  vertex -0.080770195 0.062203716 0.008632759
  vertex -0.10575743 0.062203716 0.018034
 endloop
endfacet
facet normal 0.1103447 -0.95531833 0.2742096
 outer loop
  vertex -0.09672673 -0.0547114 0.04010954
  vertex -0.10575745 -0.06209095 0.018034006
  vertex -0.070140466 -0.0547114 0.029410962
 endloop
endfacet
facet normal 0.0889509 -0.9394637 0.3309016
 outer loop
  vertex -0.070140466 -0.0547114 0.029410962
  vertex -0.10575745 -0.06209095 0.018034006
  vertex -0.07985303 -0.06209095 0.01107054
 endloop
endfacet
facet normal -0.32587022 -0.48789153 -0.8097966
 outer loop
  vertex -0.11272695 -0.080929264 0.0623441
  vertex -0.09672673 -0.0547114 0.04010954
  vertex -0.070140466 -0.0547114 0.029410962
 endloop
endfacet
facet normal -0.32530773 0.4905781 -0.8083984
 outer loop
  vertex -0.11272692 0.08092928 0.0623441
  vertex -0.07014044 0.054899998 0.02941095
  vertex -0.09672669 0.054899998 0.04010953
 endloop
endfacet
facet normal -0.37144017 1.6920254e-06 0.9284569
 outer loop
  vertex -0.11510801 -0.06959063 -0.05573763
  vertex -0.06463425 -0.08142373 -0.03554498
  vertex -0.06463423 -0.07815257 -0.03554498
 endloop
endfacet
facet normal -0.34531212 -0.09708733 0.9334526
 outer loop
  vertex -0.06463428 0.075514324 -0.035545018
  vertex -0.11836822 0.064262435 -0.056593113
  vertex -0.11613088 0.061949395 -0.05600603
 endloop
endfacet
facet normal -0.25380453 -4.7194916e-07 0.96725553
 outer loop
  vertex -0.14200556 0.034256473 -0.062795475
  vertex -0.1503818 -0.000501357 -0.06499339
  vertex -0.14721774 -0.00050134957 -0.06416315
 endloop
endfacet
facet normal -0.2538045 6.860522e-07 0.96725553
 outer loop
  vertex -0.1503818 -0.000501357 -0.06499339
  vertex -0.1398161 -0.036164597 -0.06222096
  vertex -0.14721774 -0.00050134957 -0.06416315
 endloop
endfacet
facet normal -0.25380522 3.8034386e-07 0.96725535
 outer loop
  vertex -0.121724196 0.06773201 -0.05747371
  vertex -0.14748582 0.037527613 -0.06423348
  vertex -0.14200556 0.034256473 -0.062795475
 endloop
endfacet
facet normal -0.25380158 -5.190987e-07 0.96725625
 outer loop
  vertex -0.14748582 0.037527613 -0.06423348
  vertex -0.15670985 -0.000501357 -0.066653825
  vertex -0.15354586 -0.000501357 -0.065823615
 endloop
endfacet
facet normal 0.7685899 0.60711855 0.20168488
 outer loop
  vertex -0.13130535 -0.03207566 -0.06675154
  vertex -0.107439205 -0.06380798 -0.062180042
  vertex -0.1304751 -0.032075644 -0.06991553
 endloop
endfacet
facet normal -0.7737148 -0.60011804 -0.2030362
 outer loop
  vertex -0.12265786 -0.077993706 -0.059955187
  vertex -0.14691591 -0.04188908 -0.07422959
  vertex -0.14608562 -0.04188908 -0.07739361
 endloop
endfacet
facet normal 0.9672529 0 0.25381455
 outer loop
  vertex -0.06048306 0.075514324 -0.051365156
  vertex -0.059652798 0.07387875 -0.054529175
  vertex -0.059652798 0.07714989 -0.054529175
 endloop
endfacet
facet normal 0.23728503 0.00016866213 -0.9714401
 outer loop
  vertex -0.09585828 -0.016949877 -0.10857921
  vertex -0.07072534 -0.028528363 -0.10244222
  vertex -0.07067113 -0.035952285 -0.10243027
 endloop
endfacet
facet normal -0 1 0
 outer loop
  vertex 0.037628345 0.09023443 0.062289923
  vertex 0.015117317 0.09023443 0.023046175
  vertex -0.039971102 0.09023443 0.027933236
 endloop
endfacet
facet normal 0.7737082 0.38471755 -0.50335675
 outer loop
  vertex -0.059425823 0.09015533 -0.05543475
  vertex -0.017991576 0.0905187 0.008531418
  vertex -0.052128233 0.023131236 -0.095444426
 endloop
endfacet
facet normal 0.7108586 1.434932e-07 -0.703335
 outer loop
  vertex -0.05217814 -0.023861684 -0.095464334
  vertex 0.0086754225 -0.07161029 -0.03395983
  vertex 0.008675449 -0.09123714 -0.033959806
 endloop
endfacet
facet normal 0.0014448265 0.9998663 0.016286517
 outer loop
  vertex -0.039971102 0.09023443 0.027933236
  vertex 0.015117317 0.09023443 0.023046175
  vertex -0.017991576 0.0905187 0.008531418
 endloop
endfacet
facet normal -0.5250468 0.78247637 -0.33474842
 outer loop
  vertex -0.052128233 0.023131236 -0.095444426
  vertex -0.017991576 0.0905187 0.008531418
  vertex 0.008675478 0.090234436 -0.03395984
 endloop
endfacet
facet normal 0.009032973 0.99995863 -0.0010206205
 outer loop
  vertex 0.008675478 0.090234436 -0.03395984
  vertex -0.017991576 0.0905187 0.008531418
  vertex 0.015117317 0.09023443 0.023046175
 endloop
endfacet
facet normal -6.410723e-08 -1 -7.226427e-07
 outer loop
  vertex 0.037628286 -0.0912372 0.062289968
  vertex -0.03997112 -0.09123717 0.027933238
  vertex 0.01511731 -0.09123717 0.023046222
 endloop
endfacet
facet normal 0.001245196 -0.99990076 0.014036351
 outer loop
  vertex -0.03997112 -0.09123717 0.027933238
  vertex -0.017843077 -0.091487095 0.008166617
  vertex 0.01511731 -0.09123717 0.023046222
 endloop
endfacet
facet normal 0.7729295 -0.38288566 -0.50594324
 outer loop
  vertex -0.05217814 -0.023861684 -0.095464334
  vertex -0.017843077 -0.091487095 0.008166617
  vertex -0.05942581 -0.09165737 -0.05523046
 endloop
endfacet
facet normal -0.5259277 -0.7814732 -0.33570752
 outer loop
  vertex -0.05217814 -0.023861684 -0.095464334
  vertex 0.008675449 -0.09123714 -0.033959806
  vertex -0.017843077 -0.091487095 0.008166617
 endloop
endfacet
facet normal 0.007990103 -0.9999677 -0.00090342946
 outer loop
  vertex 0.01511731 -0.09123717 0.023046222
  vertex -0.017843077 -0.091487095 0.008166617
  vertex 0.008675449 -0.09123714 -0.033959806
 endloop
endfacet
facet normal -0.23019962 0.97102714 -0.06414378
 outer loop
  vertex -0.059425823 0.09015533 -0.05543475
  vertex -0.1270628 0.07375376 -0.060990542
  vertex -0.06463428 0.09023444 -0.035545018
 endloop
endfacet
facet normal -0.34269002 0.094231635 0.9347106
 outer loop
  vertex -0.11846398 -0.0730602 -0.05661823
  vertex -0.12070126 -0.07537325 -0.05720529
  vertex -0.06463425 -0.08633046 -0.03554498
 endloop
endfacet
facet normal -0.25380513 3.1777626e-07 0.96725535
 outer loop
  vertex -0.11836822 0.064262435 -0.056593113
  vertex -0.121724196 0.06773201 -0.05747371
  vertex -0.14200556 0.034256473 -0.062795475
 endloop
endfacet
facet normal -0.35856643 0 0.9335042
 outer loop
  vertex -0.06463428 0.08042102 -0.035545018
  vertex -0.06463428 0.083692156 -0.035545018
  vertex -0.121724196 0.06773201 -0.05747371
 endloop
endfacet
facet normal -0.25380623 1.2728931e-06 0.9672551
 outer loop
  vertex -0.121724196 0.06773201 -0.05747371
  vertex -0.12508017 0.07120159 -0.05835432
  vertex -0.14748582 0.037527613 -0.06423348
 endloop
endfacet
facet normal -0.5823995 -0.77046895 -0.2592076
 outer loop
  vertex -0.117672205 -0.044127658 -0.13136761
  vertex -0.08807912 -0.069709525 -0.12181914
  vertex -0.14216563 -0.041441366 -0.084319405
 endloop
endfacet
facet normal -0.8675616 0.22811766 -0.44192678
 outer loop
  vertex -0.13001195 -0.00067762285 -0.13360892
  vertex -0.14431061 0.03849288 -0.085319355
  vertex -0.12043917 0.038664456 -0.13209362
 endloop
endfacet
facet normal 0.83968943 0.24396947 -0.485181
 outer loop
  vertex -0.09227378 0.06731768 -0.12376754
  vertex -0.059425823 0.09015533 -0.05543475
  vertex -0.07072534 0.035562202 -0.102442235
 endloop
endfacet
facet normal 0.15467559 0.9871313 0.040586457
 outer loop
  vertex -0.107439205 -0.06380798 -0.062180042
  vertex -0.0629738 -0.07161029 -0.041873038
  vertex -0.062143564 -0.07161029 -0.04503707
 endloop
endfacet
facet normal -0.55024135 -0.64617527 -0.5288592
 outer loop
  vertex -0.14216563 -0.041441366 -0.084319405
  vertex -0.12265786 -0.077993706 -0.059955187
  vertex -0.14525545 -0.04188908 -0.08055764
 endloop
endfacet
facet normal -0.4840276 0.64486957 -0.5914901
 outer loop
  vertex -0.1270628 0.07375376 -0.060990542
  vertex -0.14431061 0.03849288 -0.085319355
  vertex -0.14744484 0.039980985 -0.08113215
 endloop
endfacet
facet normal -0.77933985 0.59229326 -0.20449433
 outer loop
  vertex -0.1270628 0.07375376 -0.060990542
  vertex -0.14744484 0.039980985 -0.08113215
  vertex -0.14827508 0.039980978 -0.077968106
 endloop
endfacet
facet normal -0.7737203 -0.60011584 -0.20302163
 outer loop
  vertex -0.14691591 -0.04188908 -0.07422959
  vertex -0.12265786 -0.077993706 -0.059955187
  vertex -0.14774615 -0.04188908 -0.07106555
 endloop
endfacet
facet normal -0.7793369 0.59229434 -0.20450257
 outer loop
  vertex -0.1270628 0.07375376 -0.060990542
  vertex -0.14910528 0.039980978 -0.07480409
  vertex -0.14993554 0.039980974 -0.07164006
 endloop
endfacet
facet normal -0.7737213 -0.6001157 -0.20301874
 outer loop
  vertex -0.12265786 -0.077993706 -0.059955187
  vertex -0.14857636 -0.04188908 -0.06790152
  vertex -0.14774615 -0.04188908 -0.07106555
 endloop
endfacet
facet normal 0.9672481 0.0032255347 0.25381237
 outer loop
  vertex -0.059425823 0.09015533 -0.05543475
  vertex -0.06131333 0.0869633 -0.04820112
  vertex -0.06048307 0.0869633 -0.051365152
 endloop
endfacet
facet normal 0.96725094 0.0031998055 0.25380176
 outer loop
  vertex -0.059425823 0.09015533 -0.05543475
  vertex -0.062143557 0.0869633 -0.04503709
  vertex -0.06131333 0.0869633 -0.04820112
 endloop
endfacet
facet normal 0.96725 0.0032120156 0.25380528
 outer loop
  vertex -0.059425823 0.09015533 -0.05543475
  vertex -0.06297379 0.0869633 -0.04187308
  vertex -0.062143557 0.0869633 -0.04503709
 endloop
endfacet
facet normal 0.96724874 0.0032334158 0.25381
 outer loop
  vertex -0.059425823 0.09015533 -0.05543475
  vertex -0.063804045 0.0869633 -0.038709044
  vertex -0.06297379 0.0869633 -0.04187308
 endloop
endfacet
facet normal 0.6929601 -0.013855377 -0.72084284
 outer loop
  vertex -0.09227378 0.06731768 -0.12376754
  vertex -0.07072534 0.035562202 -0.102442235
  vertex -0.07068682 0.027799621 -0.102256
 endloop
endfacet
facet normal 0.5246991 -0.28240606 -0.8030801
 outer loop
  vertex -0.12043917 0.038664456 -0.13209362
  vertex -0.09227378 0.06731768 -0.12376754
  vertex -0.09291586 0.020146776 -0.10759923
 endloop
endfacet
facet normal 0.32198292 -0.310894 -0.89424384
 outer loop
  vertex -0.07068682 0.027799621 -0.102256
  vertex -0.09291586 0.020146776 -0.10759923
  vertex -0.09227378 0.06731768 -0.12376754
 endloop
endfacet
facet normal 0.3398499 -0.020871403 -0.940248
 outer loop
  vertex -0.052128233 0.023131236 -0.095444426
  vertex -0.07068682 0.027799621 -0.102256
  vertex -0.07072534 0.035562202 -0.102442235
 endloop
endfacet
facet normal -0.8025181 -0.28986806 0.5214798
 outer loop
  vertex -0.059425823 0.09015533 -0.05543475
  vertex -0.018500105 0.08696332 0.005772549
  vertex -0.017991576 0.0905187 0.008531418
 endloop
endfacet
facet normal -0.8273577 0.14633232 0.5422786
 outer loop
  vertex -0.05942581 -0.09165737 -0.05523046
  vertex -0.017843077 -0.091487095 0.008166617
  vertex -0.018500166 -0.08633043 0.0057725804
 endloop
endfacet
facet normal 0.8674233 0 -0.49757084
 outer loop
  vertex 0.01511731 -0.09123717 0.023046222
  vertex 0.037628286 -0.07161032 0.062289968
  vertex 0.037628286 -0.0912372 0.062289968
 endloop
endfacet
facet normal -0.4048396 0 0.91438776
 outer loop
  vertex 0.037628345 0.09023443 0.062289923
  vertex -0.039971102 0.0869633 0.027933236
  vertex -0.039971102 0.083692156 0.027933236
 endloop
endfacet
facet normal -0.40484026 0 0.9143874
 outer loop
  vertex 0.037628286 -0.07161032 0.062289968
  vertex -0.03997117 -0.07815258 0.02793322
  vertex -0.03997117 -0.081423745 0.02793322
 endloop
endfacet
facet normal -0.40483963 0 0.9143877
 outer loop
  vertex 0.037628345 0.09023443 0.062289923
  vertex -0.039971102 0.09023443 0.027933236
  vertex -0.039971102 0.0869633 0.027933236
 endloop
endfacet
facet normal -0.4048402 5.5914086e-07 0.9143874
 outer loop
  vertex -0.03997112 -0.09123717 0.027933238
  vertex 0.037628286 -0.0912372 0.062289968
  vertex -0.039971143 -0.08633046 0.027933229
 endloop
endfacet
facet normal -0.4048402 0 0.9143874
 outer loop
  vertex 0.037628286 -0.07161032 0.062289968
  vertex -0.03997117 -0.07488145 0.02793322
  vertex -0.03997117 -0.07815258 0.02793322
 endloop
endfacet
facet normal -0.40484023 -8.387134e-07 0.91438746
 outer loop
  vertex -0.03997117 -0.07488145 0.02793322
  vertex 0.037628286 -0.07161032 0.062289968
  vertex -0.03997117 -0.07161032 0.027933221
 endloop
endfacet
facet normal -0.40483963 0 0.9143877
 outer loop
  vertex 0.037628345 0.09023443 0.062289923
  vertex -0.039971102 0.083692156 0.027933236
  vertex -0.039971102 0.08042103 0.027933236
 endloop
endfacet
facet normal -0.40483984 0 0.9143876
 outer loop
  vertex 0.037628375 0.07060759 0.062289946
  vertex -0.03997108 0.07551432 0.027933232
  vertex -0.03997108 0.070607595 0.027933232
 endloop
endfacet
facet normal 0 0 0
 outer loop
  vertex -0.018500166 -0.07815258 0.0057725804
  vertex -0.018500166 -0.081423745 0.0057725804
  vertex -0.018500166 -0.08633043 0.0057725804
 endloop
endfacet
facet normal -0.9777599 -0.17689668 -0.11266399
 outer loop
  vertex -0.018500166 -0.08633043 0.0057725804
  vertex -0.017843077 -0.091487095 0.008166617
  vertex -0.019233022 -0.08633046 0.012132753
 endloop
endfacet
facet normal -0.86029035 -2.3223174e-06 -0.5098044
 outer loop
  vertex -0.019233022 -0.08633046 0.012132753
  vertex -0.019233037 -0.081423745 0.0121327555
  vertex -0.019233037 -0.07815258 0.012132741
 endloop
endfacet
facet normal -1 0 0
 outer loop
  vertex -0.019233037 -0.07815258 0.012132741
  vertex -0.019233037 -0.07488145 0.012132741
  vertex -0.019233037 -0.07161032 0.01213274
 endloop
endfacet
facet normal -0.99342686 -3.2846476e-06 -0.11446926
 outer loop
  vertex -0.019233037 -0.07161032 0.01213274
  vertex -0.018500175 -0.07161029 0.0057725674
  vertex -0.018500166 -0.07488142 0.0057725804
 endloop
endfacet
facet normal -0.9934269 0 -0.1144684
 outer loop
  vertex -0.018500166 -0.07815258 0.0057725804
  vertex -0.018500166 -0.08633043 0.0057725804
  vertex -0.019233022 -0.08633046 0.012132753
 endloop
endfacet
facet normal -0.9934266 0 -0.11447092
 outer loop
  vertex -0.019233037 -0.07161032 0.01213274
  vertex -0.018500166 -0.07488142 0.0057725804
  vertex -0.018500166 -0.07815258 0.0057725804
 endloop
endfacet
facet normal -0.9934266 -1.9796253e-06 -0.114470914
 outer loop
  vertex -0.018500166 -0.07815258 0.0057725804
  vertex -0.019233022 -0.08633046 0.012132753
  vertex -0.019233037 -0.07815258 0.012132741
 endloop
endfacet
facet normal -0.9934267 -1.6295479e-08 -0.114470914
 outer loop
  vertex -0.018500166 -0.07815258 0.0057725804
  vertex -0.019233037 -0.07815258 0.012132741
  vertex -0.019233037 -0.07161032 0.01213274
 endloop
endfacet
facet normal 0.5672968 0.46676785 -0.6784557
 outer loop
  vertex -0.059425823 0.09015533 -0.05543475
  vertex -0.052128233 0.023131236 -0.095444426
  vertex -0.07072534 0.035562202 -0.102442235
 endloop
endfacet
facet normal 0.7110322 1.0811597e-06 -0.70315945
 outer loop
  vertex -0.052128233 0.023131236 -0.095444426
  vertex 0.008675478 0.090234436 -0.03395984
  vertex 0.008675512 0.0706076 -0.033959836
 endloop
endfacet
facet normal -0.21332067 0.9528277 -0.21590222
 outer loop
  vertex -0.1270628 0.07375376 -0.060990542
  vertex -0.059425823 0.09015533 -0.05543475
  vertex -0.09227378 0.06731768 -0.12376754
 endloop
endfacet
facet normal -0.84763587 -0.2869263 -0.44630358
 outer loop
  vertex -0.15489247 -0.0005013272 -0.086468264
  vertex -0.13001195 -0.00067762285 -0.13360892
  vertex -0.14216563 -0.041441366 -0.084319405
 endloop
endfacet
facet normal -0.85685 0.24587527 -0.45315936
 outer loop
  vertex -0.13001195 -0.00067762285 -0.13360892
  vertex -0.15489247 -0.0005013272 -0.086468264
  vertex -0.14431061 0.03849288 -0.085319355
 endloop
endfacet
facet normal -0.65902656 0.6180659 -0.42857745
 outer loop
  vertex -0.14431061 0.03849288 -0.085319355
  vertex -0.1270628 0.07375376 -0.060990542
  vertex -0.09227378 0.06731768 -0.12376754
 endloop
endfacet
facet normal -0.43133324 -0.47974622 0.7640649
 outer loop
  vertex -0.12070126 -0.07537325 -0.05720529
  vertex -0.12265786 -0.077993706 -0.059955187
  vertex -0.06464113 -0.0912371 -0.035518683
 endloop
endfacet
facet normal -0.35942927 0.0055054943 0.93315613
 outer loop
  vertex -0.12070126 -0.07537325 -0.05720529
  vertex -0.06464113 -0.0912371 -0.035518683
  vertex -0.06463425 -0.08633046 -0.03554498
 endloop
endfacet
facet normal 0.96725506 3.1307668e-06 0.25380632
 outer loop
  vertex -0.06464113 -0.0912371 -0.035518683
  vertex -0.063804016 -0.08633046 -0.038708996
  vertex -0.06463425 -0.08633046 -0.03554498
 endloop
endfacet
facet normal -0.35895792 0.112022765 0.9266068
 outer loop
  vertex -0.109514765 -0.06380801 -0.054269962
  vertex -0.11175206 -0.06612106 -0.05485703
  vertex -0.06463423 -0.07488142 -0.03554498
 endloop
endfacet
facet normal -0.3850492 0 0.9228961
 outer loop
  vertex -0.109514765 -0.06380801 -0.054269962
  vertex -0.06463423 -0.07488142 -0.03554498
  vertex -0.06463423 -0.07161029 -0.03554498
 endloop
endfacet
facet normal -0.35373998 0.10629759 0.92928404
 outer loop
  vertex -0.11175206 -0.06612106 -0.05485703
  vertex -0.11510801 -0.06959063 -0.05573763
  vertex -0.06463423 -0.07815257 -0.03554498
 endloop
endfacet
facet normal -0.37924802 0 0.9252951
 outer loop
  vertex -0.11175206 -0.06612106 -0.05485703
  vertex -0.06463423 -0.07815257 -0.03554498
  vertex -0.06463423 -0.07488142 -0.03554498
 endloop
endfacet
facet normal -0.3426896 0.09423329 0.9347106
 outer loop
  vertex -0.11510801 -0.06959063 -0.05573763
  vertex -0.11846398 -0.0730602 -0.05661823
  vertex -0.06463425 -0.08633046 -0.03554498
 endloop
endfacet
facet normal -0.37144053 0 0.9284568
 outer loop
  vertex -0.11510801 -0.06959063 -0.05573763
  vertex -0.06463425 -0.08633046 -0.03554498
  vertex -0.06463425 -0.08142373 -0.03554498
 endloop
endfacet
facet normal 0.9672541 -1.926982e-07 0.25380975
 outer loop
  vertex -0.06463426 0.07060761 -0.035545014
  vertex -0.063804016 0.07060761 -0.03870904
  vertex -0.063804016 0.075514324 -0.038709037
 endloop
endfacet
facet normal 0.96725285 3.1307081e-06 0.25381455
 outer loop
  vertex -0.06463426 0.07060761 -0.035545014
  vertex -0.063804016 0.075514324 -0.038709037
  vertex -0.06463428 0.075514324 -0.035545018
 endloop
endfacet
facet normal -0.34531218 -0.0970869 0.9334525
 outer loop
  vertex -0.06463428 0.075514324 -0.035545018
  vertex -0.11613088 0.061949395 -0.05600603
  vertex -0.11389364 0.059636354 -0.055418983
 endloop
endfacet
facet normal -0.37415147 -4.4666515e-07 0.92736757
 outer loop
  vertex -0.06463428 0.075514324 -0.035545018
  vertex -0.11389364 0.059636354 -0.055418983
  vertex -0.06463426 0.07060761 -0.035545014
 endloop
endfacet
facet normal -0.25380564 -1.0456193e-07 0.96725523
 outer loop
  vertex -0.11389364 0.059636354 -0.055418983
  vertex -0.11613088 0.061949395 -0.05600603
  vertex -0.13789538 0.03180312 -0.06171699
 endloop
endfacet
facet normal -0.25380632 4.87361e-07 0.967255
 outer loop
  vertex -0.11389364 0.059636354 -0.055418983
  vertex -0.13789538 0.03180312 -0.06171699
  vertex -0.13515523 0.030167554 -0.060997978
 endloop
endfacet
facet normal -0.2538061 8.6997625e-07 0.9672551
 outer loop
  vertex -0.13515523 0.030167554 -0.060997978
  vertex -0.13789538 0.03180312 -0.06171699
  vertex -0.1440537 -0.00050134957 -0.06333289
 endloop
endfacet
facet normal -0.25380585 7.9325986e-07 0.9672552
 outer loop
  vertex -0.13515523 0.030167554 -0.060997978
  vertex -0.1440537 -0.00050134957 -0.06333289
  vertex -0.1408897 -0.00050134957 -0.06250267
 endloop
endfacet
facet normal -0.25380516 -2.3956952e-07 0.96725535
 outer loop
  vertex -0.1440537 -0.00050134957 -0.06333289
  vertex -0.13570595 -0.03371124 -0.061142474
  vertex -0.13296579 -0.032075673 -0.060423464
 endloop
endfacet
facet normal -0.2538059 -4.93128e-07 0.9672552
 outer loop
  vertex -0.1440537 -0.00050134957 -0.06333289
  vertex -0.13296579 -0.032075673 -0.060423464
  vertex -0.1408897 -0.00050134957 -0.06250267
 endloop
endfacet
facet normal -0.2538071 -1.2310232e-06 0.9672548
 outer loop
  vertex -0.13570595 -0.03371124 -0.061142474
  vertex -0.11175206 -0.06612106 -0.05485703
  vertex -0.109514765 -0.06380801 -0.054269962
 endloop
endfacet
facet normal -0.25380543 3.3698143e-07 0.9672553
 outer loop
  vertex -0.13570595 -0.03371124 -0.061142474
  vertex -0.109514765 -0.06380801 -0.054269962
  vertex -0.13296579 -0.032075673 -0.060423464
 endloop
endfacet
facet normal -0.25380272 -1.7077981e-06 0.967256
 outer loop
  vertex -0.11836822 0.064262435 -0.056593113
  vertex -0.14200556 0.034256473 -0.062795475
  vertex -0.13789538 0.03180312 -0.06171699
 endloop
endfacet
facet normal -0.25380808 1.6729456e-06 0.9672546
 outer loop
  vertex -0.11836822 0.064262435 -0.056593113
  vertex -0.13789538 0.03180312 -0.06171699
  vertex -0.11613088 0.061949395 -0.05600603
 endloop
endfacet
facet normal -0.2538022 -8.421377e-07 0.9672561
 outer loop
  vertex -0.13789538 0.03180312 -0.06171699
  vertex -0.14200556 0.034256473 -0.062795475
  vertex -0.14721774 -0.00050134957 -0.06416315
 endloop
endfacet
facet normal -0.25381103 1.8676524e-06 0.9672538
 outer loop
  vertex -0.13789538 0.03180312 -0.06171699
  vertex -0.14721774 -0.00050134957 -0.06416315
  vertex -0.1440537 -0.00050134957 -0.06333289
 endloop
endfacet
facet normal -0.25380394 8.170202e-07 0.9672557
 outer loop
  vertex -0.14721774 -0.00050134957 -0.06416315
  vertex -0.1398161 -0.036164597 -0.06222096
  vertex -0.13570595 -0.03371124 -0.061142474
 endloop
endfacet
facet normal -0.253811 -1.8083613e-06 0.96725386
 outer loop
  vertex -0.14721774 -0.00050134957 -0.06416315
  vertex -0.13570595 -0.03371124 -0.061142474
  vertex -0.1440537 -0.00050134957 -0.06333289
 endloop
endfacet
facet normal -0.25380614 -9.0681755e-07 0.9672551
 outer loop
  vertex -0.1398161 -0.036164597 -0.06222096
  vertex -0.11510801 -0.06959063 -0.05573763
  vertex -0.11175206 -0.06612106 -0.05485703
 endloop
endfacet
facet normal -0.2538041 1.173093e-06 0.9672556
 outer loop
  vertex -0.1398161 -0.036164597 -0.06222096
  vertex -0.11175206 -0.06612106 -0.05485703
  vertex -0.13570595 -0.03371124 -0.061142474
 endloop
endfacet
facet normal -0.33945364 -0.09071629 0.93623817
 outer loop
  vertex -0.06463428 0.08042102 -0.035545018
  vertex -0.121724196 0.06773201 -0.05747371
  vertex -0.11836822 0.064262435 -0.056593113
 endloop
endfacet
facet normal -0.36472642 0 0.9311147
 outer loop
  vertex -0.06463428 0.08042102 -0.035545018
  vertex -0.11836822 0.064262435 -0.056593113
  vertex -0.06463428 0.075514324 -0.035545018
 endloop
endfacet
facet normal -0.25380537 1.2719762e-07 0.96725535
 outer loop
  vertex -0.14200556 0.034256473 -0.062795475
  vertex -0.14748582 0.037527613 -0.06423348
  vertex -0.15354586 -0.000501357 -0.065823615
 endloop
endfacet
facet normal -0.25380138 -1.2878676e-06 0.96725637
 outer loop
  vertex -0.14200556 0.034256473 -0.062795475
  vertex -0.15354586 -0.000501357 -0.065823615
  vertex -0.1503818 -0.000501357 -0.06499339
 endloop
endfacet
facet normal -0.25380522 4.6406714e-07 0.96725535
 outer loop
  vertex -0.14392632 -0.038617954 -0.06329947
  vertex -0.1398161 -0.036164597 -0.06222096
  vertex -0.1503818 -0.000501357 -0.06499339
 endloop
endfacet
facet normal -0.25380138 1.1597944e-06 0.9672563
 outer loop
  vertex -0.14392632 -0.038617954 -0.06329947
  vertex -0.1503818 -0.000501357 -0.06499339
  vertex -0.15354586 -0.000501357 -0.065823615
 endloop
endfacet
facet normal -0.2538055 -4.917725e-07 0.96725535
 outer loop
  vertex -0.14392632 -0.038617954 -0.06329947
  vertex -0.11846398 -0.0730602 -0.05661823
  vertex -0.11510801 -0.06959063 -0.05573763
 endloop
endfacet
facet normal -0.25380495 0 0.9672554
 outer loop
  vertex -0.14392632 -0.038617954 -0.06329947
  vertex -0.11510801 -0.06959063 -0.05573763
  vertex -0.1398161 -0.036164597 -0.06222096
 endloop
endfacet
facet normal -0.33270976 -0.08340515 0.93933374
 outer loop
  vertex -0.06463428 0.0869633 -0.035545018
  vertex -0.12508017 0.07120159 -0.05835432
  vertex -0.121724196 0.06773201 -0.05747371
 endloop
endfacet
facet normal -0.35856658 0 0.93350416
 outer loop
  vertex -0.06463428 0.0869633 -0.035545018
  vertex -0.121724196 0.06773201 -0.05747371
  vertex -0.06463428 0.083692156 -0.035545018
 endloop
endfacet
facet normal -0.25380424 1.6141091e-07 0.96725565
 outer loop
  vertex -0.15670985 -0.000501357 -0.066653825
  vertex -0.14666647 -0.040253535 -0.06401847
  vertex -0.14392632 -0.038617954 -0.06329947
 endloop
endfacet
facet normal -0.25380158 1.0795774e-06 0.96725625
 outer loop
  vertex -0.15670985 -0.000501357 -0.066653825
  vertex -0.14392632 -0.038617954 -0.06329947
  vertex -0.15354586 -0.000501357 -0.065823615
 endloop
endfacet
facet normal -0.2538059 -1.0026203e-06 0.9672552
 outer loop
  vertex -0.14666647 -0.040253535 -0.06401847
  vertex -0.12070126 -0.07537325 -0.05720529
  vertex -0.11846398 -0.0730602 -0.05661823
 endloop
endfacet
facet normal -0.25380436 4.1391462e-07 0.96725553
 outer loop
  vertex -0.14666647 -0.040253535 -0.06401847
  vertex -0.11846398 -0.0730602 -0.05661823
  vertex -0.14392632 -0.038617954 -0.06329947
 endloop
endfacet
facet normal -0.436573 0.45968708 0.7733639
 outer loop
  vertex -0.06463428 0.09023444 -0.035545018
  vertex -0.1270628 0.07375376 -0.060990542
  vertex -0.12508017 0.07120159 -0.05835432
 endloop
endfacet
facet normal -0.35305086 0 0.93560416
 outer loop
  vertex -0.06463428 0.09023444 -0.035545018
  vertex -0.12508017 0.07120159 -0.05835432
  vertex -0.06463428 0.0869633 -0.035545018
 endloop
endfacet
facet normal -0.5781964 0.32420948 0.748717
 outer loop
  vertex -0.12508017 0.07120159 -0.05835432
  vertex -0.1270628 0.07375376 -0.060990542
  vertex -0.151596 0.039980967 -0.065312
 endloop
endfacet
facet normal -0.25380784 2.4293065e-06 0.9672547
 outer loop
  vertex -0.12508017 0.07120159 -0.05835432
  vertex -0.151596 0.039980967 -0.065312
  vertex -0.14748582 0.037527613 -0.06423348
 endloop
endfacet
facet normal -0.25380877 6.78522e-07 0.9672544
 outer loop
  vertex -0.14748582 0.037527613 -0.06423348
  vertex -0.151596 0.039980967 -0.065312
  vertex -0.15987387 -0.000501357 -0.067484096
 endloop
endfacet
facet normal -0.25381643 3.326574e-06 0.96725243
 outer loop
  vertex -0.14748582 0.037527613 -0.06423348
  vertex -0.15987387 -0.000501357 -0.067484096
  vertex -0.15670985 -0.000501357 -0.066653825
 endloop
endfacet
facet normal -0.25381 -8.5257545e-07 0.9672541
 outer loop
  vertex -0.15987387 -0.000501357 -0.067484096
  vertex -0.14940657 -0.041889094 -0.064737484
  vertex -0.14666647 -0.040253535 -0.06401847
 endloop
endfacet
facet normal -0.25381646 -3.1334116e-06 0.9672524
 outer loop
  vertex -0.15987387 -0.000501357 -0.067484096
  vertex -0.14666647 -0.040253535 -0.06401847
  vertex -0.15670985 -0.000501357 -0.066653825
 endloop
endfacet
facet normal -0.5858251 -0.33635223 0.737344
 outer loop
  vertex -0.14940657 -0.041889094 -0.064737484
  vertex -0.12265786 -0.077993706 -0.059955187
  vertex -0.12070126 -0.07537325 -0.05720529
 endloop
endfacet
facet normal -0.25380874 -3.1459283e-06 0.96725446
 outer loop
  vertex -0.14940657 -0.041889094 -0.064737484
  vertex -0.12070126 -0.07537325 -0.05720529
  vertex -0.14666647 -0.040253535 -0.06401847
 endloop
endfacet
facet normal 0.03320524 -0.635204 0.7716303
 outer loop
  vertex -0.10891216 0.05963637 -0.07440314
  vertex -0.09291586 0.020146776 -0.10759923
  vertex -0.07068682 0.027799621 -0.102256
 endloop
endfacet
facet normal -0.11154223 -0.72682524 0.6777046
 outer loop
  vertex -0.10891216 0.05963637 -0.07440314
  vertex -0.07068682 0.027799621 -0.102256
  vertex -0.059652798 0.07060761 -0.054529175
 endloop
endfacet
facet normal -0.86098903 -0.2668551 -0.4329968
 outer loop
  vertex -0.13001195 -0.00067762285 -0.13360892
  vertex -0.117672205 -0.044127658 -0.13136761
  vertex -0.14216563 -0.041441366 -0.084319405
 endloop
endfacet
facet normal 0.8338243 -0.120579004 -0.53870016
 outer loop
  vertex -0.08807912 -0.069709525 -0.12181914
  vertex -0.07067113 -0.035952285 -0.10243027
  vertex -0.070110366 -0.080663055 -0.09155453
 endloop
endfacet
facet normal 0.5406552 -0.06504015 0.8387263
 outer loop
  vertex -0.13590829 -0.00050131977 -0.081486866
  vertex -0.09585828 -0.016949877 -0.10857921
  vertex -0.09291586 0.020146776 -0.10759923
 endloop
endfacet
facet normal 0.563652 -0.1452871 0.8131347
 outer loop
  vertex -0.13590829 -0.00050131977 -0.081486866
  vertex -0.09291586 0.020146776 -0.10759923
  vertex -0.1301738 0.030167583 -0.07998215
 endloop
endfacet
facet normal 0.4431463 -0.4648443 0.76651233
 outer loop
  vertex -0.09291586 0.020146776 -0.10759923
  vertex -0.10891216 0.05963637 -0.07440314
  vertex -0.1301738 0.030167583 -0.07998215
 endloop
endfacet
facet normal -0.62828445 0.71000504 -0.3180431
 outer loop
  vertex -0.12043917 0.038664456 -0.13209362
  vertex -0.14431061 0.03849288 -0.085319355
  vertex -0.09227378 0.06731768 -0.12376754
 endloop
endfacet
facet normal 0.07629102 0.5911789 0.8029241
 outer loop
  vertex -0.07072534 -0.028528363 -0.10244222
  vertex -0.09585828 -0.016949877 -0.10857921
  vertex -0.10453335 -0.06380798 -0.07325414
 endloop
endfacet
facet normal -0.15940098 0.71549624 0.6801886
 outer loop
  vertex -0.07072534 -0.028528363 -0.10244222
  vertex -0.10453335 -0.06380798 -0.07325414
  vertex -0.05965288 -0.07161029 -0.054529168
 endloop
endfacet
facet normal 0.6043822 0.20241655 0.7705516
 outer loop
  vertex -0.13590829 -0.00050131977 -0.081486866
  vertex -0.12798443 -0.032075644 -0.07940767
  vertex -0.09585828 -0.016949877 -0.10857921
 endloop
endfacet
facet normal 0.45428458 0.48112315 0.749764
 outer loop
  vertex -0.12798443 -0.032075644 -0.07940767
  vertex -0.10453335 -0.06380798 -0.07325414
  vertex -0.09585828 -0.016949877 -0.10857921
 endloop
endfacet
facet normal 0.96725535 -0 0.25380525
 outer loop
  vertex -0.060483087 -0.07161029 -0.05136513
  vertex -0.060483087 -0.07488142 -0.05136513
  vertex -0.059652857 -0.07488142 -0.054529145
 endloop
endfacet
facet normal 0.96725744 8.343501e-06 0.25379717
 outer loop
  vertex -0.060483087 -0.07161029 -0.05136513
  vertex -0.059652857 -0.07488142 -0.054529145
  vertex -0.05965288 -0.07161029 -0.054529168
 endloop
endfacet
facet normal 0.9667495 0.0063781994 0.25564572
 outer loop
  vertex -0.05942581 -0.09165737 -0.05523046
  vertex -0.060483094 -0.08633046 -0.051365133
  vertex -0.06464113 -0.0912371 -0.035518683
 endloop
endfacet
facet normal 0.9672559 -1.2466309e-06 0.2538033
 outer loop
  vertex -0.06464113 -0.0912371 -0.035518683
  vertex -0.060483094 -0.08633046 -0.051365133
  vertex -0.061313324 -0.08633046 -0.04820109
 endloop
endfacet
facet normal 0.96725655 -8.556447e-06 0.25380066
 outer loop
  vertex -0.06464113 -0.0912371 -0.035518683
  vertex -0.061313324 -0.08633046 -0.04820109
  vertex -0.062143542 -0.08633046 -0.045037057
 endloop
endfacet
facet normal 0.96725345 1.5894615e-05 0.2538124
 outer loop
  vertex -0.062143542 -0.08633046 -0.045037057
  vertex -0.0629738 -0.08633046 -0.041873038
  vertex -0.06464113 -0.0912371 -0.035518683
 endloop
endfacet
facet normal 0.96725667 -1.1899667e-06 0.25380006
 outer loop
  vertex -0.06464113 -0.0912371 -0.035518683
  vertex -0.0629738 -0.08633046 -0.041873038
  vertex -0.063804016 -0.08633046 -0.038708996
 endloop
endfacet
facet normal 0.96725535 0 0.25380525
 outer loop
  vertex -0.060483087 -0.07815257 -0.05136513
  vertex -0.059652857 -0.07815257 -0.054529145
  vertex -0.059652857 -0.07488142 -0.054529145
 endloop
endfacet
facet normal 0.96725535 0 0.25380525
 outer loop
  vertex -0.060483087 -0.07815257 -0.05136513
  vertex -0.059652857 -0.07488142 -0.054529145
  vertex -0.060483087 -0.07488142 -0.05136513
 endloop
endfacet
facet normal 0.9672548 -2.203073e-06 0.2538074
 outer loop
  vertex -0.060483087 -0.07815257 -0.05136513
  vertex -0.060483094 -0.08142373 -0.05136513
  vertex -0.059652857 -0.0814237 -0.054529145
 endloop
endfacet
facet normal 0.96725535 0 0.25380525
 outer loop
  vertex -0.060483087 -0.07815257 -0.05136513
  vertex -0.059652857 -0.0814237 -0.054529145
  vertex -0.059652857 -0.07815257 -0.054529145
 endloop
endfacet
facet normal 0.96456677 -2.0031197e-07 0.2638389
 outer loop
  vertex -0.060483094 -0.08142373 -0.05136513
  vertex -0.060483094 -0.08633046 -0.051365133
  vertex -0.05942581 -0.09165737 -0.05523046
 endloop
endfacet
facet normal 0.96724683 0.004066454 0.2538053
 outer loop
  vertex -0.060483094 -0.08142373 -0.05136513
  vertex -0.05942581 -0.09165737 -0.05523046
  vertex -0.059652857 -0.0814237 -0.054529145
 endloop
endfacet
facet normal 0.96725464 0 0.2538078
 outer loop
  vertex -0.06131333 -0.07488142 -0.04820109
  vertex -0.060483087 -0.07488142 -0.05136513
  vertex -0.060483087 -0.07161029 -0.05136513
 endloop
endfacet
facet normal 0.96725464 0 0.2538078
 outer loop
  vertex -0.06131333 -0.07488142 -0.04820109
  vertex -0.060483087 -0.07161029 -0.05136513
  vertex -0.06131333 -0.07161029 -0.04820109
 endloop
endfacet
facet normal 0.96725464 0 0.25380784
 outer loop
  vertex -0.06131333 -0.07815257 -0.04820109
  vertex -0.060483087 -0.07815257 -0.05136513
  vertex -0.060483087 -0.07488142 -0.05136513
 endloop
endfacet
facet normal 0.96725464 0 0.25380784
 outer loop
  vertex -0.06131333 -0.07815257 -0.04820109
  vertex -0.060483087 -0.07488142 -0.05136513
  vertex -0.06131333 -0.07488142 -0.04820109
 endloop
endfacet
facet normal 0.9672552 -2.203074e-06 0.2538057
 outer loop
  vertex -0.06131333 -0.08142373 -0.04820109
  vertex -0.060483094 -0.08142373 -0.05136513
  vertex -0.060483087 -0.07815257 -0.05136513
 endloop
endfacet
facet normal 0.96725464 0 0.25380784
 outer loop
  vertex -0.06131333 -0.08142373 -0.04820109
  vertex -0.060483087 -0.07815257 -0.05136513
  vertex -0.06131333 -0.07815257 -0.04820109
 endloop
endfacet
facet normal 0.9672559 -1.9269274e-07 0.2538033
 outer loop
  vertex -0.061313324 -0.08633046 -0.04820109
  vertex -0.060483094 -0.08633046 -0.051365133
  vertex -0.060483094 -0.08142373 -0.05136513
 endloop
endfacet
facet normal 0.96725523 1.4590989e-06 0.2538057
 outer loop
  vertex -0.061313324 -0.08633046 -0.04820109
  vertex -0.060483094 -0.08142373 -0.05136513
  vertex -0.06131333 -0.08142373 -0.04820109
 endloop
endfacet
facet normal 0.9672552 0 0.25380573
 outer loop
  vertex -0.062143564 -0.07488142 -0.04503707
  vertex -0.06131333 -0.07488142 -0.04820109
  vertex -0.06131333 -0.07161029 -0.04820109
 endloop
endfacet
facet normal 0.9672552 0 0.25380573
 outer loop
  vertex -0.062143564 -0.07488142 -0.04503707
  vertex -0.06131333 -0.07161029 -0.04820109
  vertex -0.062143564 -0.07161029 -0.04503707
 endloop
endfacet
facet normal 0.96725523 0 0.25380576
 outer loop
  vertex -0.062143564 -0.07815257 -0.04503707
  vertex -0.06131333 -0.07815257 -0.04820109
  vertex -0.06131333 -0.07488142 -0.04820109
 endloop
endfacet
facet normal 0.96725523 0 0.25380576
 outer loop
  vertex -0.062143564 -0.07815257 -0.04503707
  vertex -0.06131333 -0.07488142 -0.04820109
  vertex -0.062143564 -0.07488142 -0.04503707
 endloop
endfacet
facet normal 0.96725523 0 0.25380576
 outer loop
  vertex -0.062143564 -0.08142373 -0.04503707
  vertex -0.06131333 -0.08142373 -0.04820109
  vertex -0.06131333 -0.07815257 -0.04820109
 endloop
endfacet
facet normal 0.96725523 0 0.25380576
 outer loop
  vertex -0.062143564 -0.08142373 -0.04503707
  vertex -0.06131333 -0.07815257 -0.04820109
  vertex -0.062143564 -0.07815257 -0.04503707
 endloop
endfacet
facet normal 0.9672566 1.4687225e-06 0.25380066
 outer loop
  vertex -0.062143542 -0.08633046 -0.045037057
  vertex -0.061313324 -0.08633046 -0.04820109
  vertex -0.06131333 -0.08142373 -0.04820109
 endloop
endfacet
facet normal 0.9672553 4.986459e-06 0.2538058
 outer loop
  vertex -0.062143542 -0.08633046 -0.045037057
  vertex -0.06131333 -0.08142373 -0.04820109
  vertex -0.062143564 -0.08142373 -0.04503707
 endloop
endfacet
facet normal 0.96725535 0 0.2538052
 outer loop
  vertex -0.0629738 -0.07488142 -0.041873038
  vertex -0.062143564 -0.07488142 -0.04503707
  vertex -0.062143564 -0.07161029 -0.04503707
 endloop
endfacet
facet normal 0.96725535 0 0.2538052
 outer loop
  vertex -0.0629738 -0.07488142 -0.041873038
  vertex -0.062143564 -0.07161029 -0.04503707
  vertex -0.0629738 -0.07161029 -0.041873038
 endloop
endfacet
facet normal 0.9672554 0 0.2538052
 outer loop
  vertex -0.0629738 -0.07815257 -0.041873038
  vertex -0.062143564 -0.07815257 -0.04503707
  vertex -0.062143564 -0.07488142 -0.04503707
 endloop
endfacet
facet normal 0.9672554 0 0.2538052
 outer loop
  vertex -0.0629738 -0.07815257 -0.041873038
  vertex -0.062143564 -0.07488142 -0.04503707
  vertex -0.0629738 -0.07488142 -0.041873038
 endloop
endfacet
facet normal 0.96725535 0 0.25380522
 outer loop
  vertex -0.0629738 -0.08142373 -0.041873038
  vertex -0.062143564 -0.08142373 -0.04503707
  vertex -0.062143564 -0.07815257 -0.04503707
 endloop
endfacet
facet normal 0.96725535 0 0.25380522
 outer loop
  vertex -0.0629738 -0.08142373 -0.041873038
  vertex -0.062143564 -0.07815257 -0.04503707
  vertex -0.0629738 -0.07815257 -0.041873038
 endloop
endfacet
facet normal 0.9672535 -0 0.25381243
 outer loop
  vertex -0.0629738 -0.08142373 -0.041873038
  vertex -0.0629738 -0.08633046 -0.041873038
  vertex -0.062143542 -0.08633046 -0.045037057
 endloop
endfacet
facet normal 0.96725535 4.9842447e-06 0.2538052
 outer loop
  vertex -0.0629738 -0.08142373 -0.041873038
  vertex -0.062143542 -0.08633046 -0.045037057
  vertex -0.062143564 -0.08142373 -0.04503707
 endloop
endfacet
facet normal 0.9672559 0 0.25380337
 outer loop
  vertex -0.06380402 -0.07488142 -0.03870901
  vertex -0.0629738 -0.07488142 -0.041873038
  vertex -0.0629738 -0.07161029 -0.041873038
 endloop
endfacet
facet normal 0.9672559 0 0.25380337
 outer loop
  vertex -0.06380402 -0.07488142 -0.03870901
  vertex -0.0629738 -0.07161029 -0.041873038
  vertex -0.06380402 -0.07161029 -0.03870901
 endloop
endfacet
facet normal 0.96725583 0 0.25380337
 outer loop
  vertex -0.06380402 -0.07815257 -0.03870901
  vertex -0.0629738 -0.07815257 -0.041873038
  vertex -0.0629738 -0.07488142 -0.041873038
 endloop
endfacet
facet normal 0.96725583 0 0.25380337
 outer loop
  vertex -0.06380402 -0.07815257 -0.03870901
  vertex -0.0629738 -0.07488142 -0.041873038
  vertex -0.06380402 -0.07488142 -0.03870901
 endloop
endfacet
facet normal 0.96725583 -0 0.25380334
 outer loop
  vertex -0.06380402 -0.07815257 -0.03870901
  vertex -0.06380402 -0.08142373 -0.03870901
  vertex -0.0629738 -0.08142373 -0.041873038
 endloop
endfacet
facet normal 0.96725583 0 0.25380334
 outer loop
  vertex -0.06380402 -0.07815257 -0.03870901
  vertex -0.0629738 -0.08142373 -0.041873038
  vertex -0.0629738 -0.07815257 -0.041873038
 endloop
endfacet
facet normal 0.96725667 2.2394838e-06 0.2538001
 outer loop
  vertex -0.06380402 -0.08142373 -0.03870901
  vertex -0.063804016 -0.08633046 -0.038708996
  vertex -0.0629738 -0.08633046 -0.041873038
 endloop
endfacet
facet normal 0.9672558 0 0.25380334
 outer loop
  vertex -0.06380402 -0.08142373 -0.03870901
  vertex -0.0629738 -0.08633046 -0.041873038
  vertex -0.0629738 -0.08142373 -0.041873038
 endloop
endfacet
facet normal 0.9672571 0 0.2537988
 outer loop
  vertex -0.06463423 -0.07488142 -0.03554498
  vertex -0.06380402 -0.07488142 -0.03870901
  vertex -0.06380402 -0.07161029 -0.03870901
 endloop
endfacet
facet normal 0.9672571 0 0.2537988
 outer loop
  vertex -0.06463423 -0.07488142 -0.03554498
  vertex -0.06380402 -0.07161029 -0.03870901
  vertex -0.06463423 -0.07161029 -0.03554498
 endloop
endfacet
facet normal 0.967257 0 0.25379878
 outer loop
  vertex -0.06463423 -0.07815257 -0.03554498
  vertex -0.06380402 -0.07815257 -0.03870901
  vertex -0.06380402 -0.07488142 -0.03870901
 endloop
endfacet
facet normal 0.967257 0 0.25379878
 outer loop
  vertex -0.06463423 -0.07815257 -0.03554498
  vertex -0.06380402 -0.07488142 -0.03870901
  vertex -0.06463423 -0.07488142 -0.03554498
 endloop
endfacet
facet normal 0.96725595 0 0.25380307
 outer loop
  vertex -0.06463425 -0.08142373 -0.03554498
  vertex -0.06380402 -0.08142373 -0.03870901
  vertex -0.06380402 -0.07815257 -0.03870901
 endloop
endfacet
facet normal 0.967257 -4.4198e-06 0.2537988
 outer loop
  vertex -0.06463425 -0.08142373 -0.03554498
  vertex -0.06380402 -0.07815257 -0.03870901
  vertex -0.06463423 -0.07815257 -0.03554498
 endloop
endfacet
facet normal 0.9672551 -0 0.25380632
 outer loop
  vertex -0.06463425 -0.08142373 -0.03554498
  vertex -0.06463425 -0.08633046 -0.03554498
  vertex -0.063804016 -0.08633046 -0.038708996
 endloop
endfacet
facet normal 0.9672559 2.2394918e-06 0.25380307
 outer loop
  vertex -0.06463425 -0.08142373 -0.03554498
  vertex -0.063804016 -0.08633046 -0.038708996
  vertex -0.06380402 -0.08142373 -0.03870901
 endloop
endfacet
facet normal 0.1546761 0.9871313 0.040585216
 outer loop
  vertex -0.105363615 -0.06380798 -0.070090115
  vertex -0.060483087 -0.07161029 -0.05136513
  vertex -0.05965288 -0.07161029 -0.054529168
 endloop
endfacet
facet normal 0.15467517 0.9871313 0.040588036
 outer loop
  vertex -0.105363615 -0.06380798 -0.070090115
  vertex -0.05965288 -0.07161029 -0.054529168
  vertex -0.10453335 -0.06380798 -0.07325414
 endloop
endfacet
facet normal 0.15467535 0.98713124 0.040586844
 outer loop
  vertex -0.10619388 -0.06380798 -0.06692608
  vertex -0.06131333 -0.07161029 -0.04820109
  vertex -0.060483087 -0.07161029 -0.05136513
 endloop
endfacet
facet normal 0.1546751 0.9871313 0.040587828
 outer loop
  vertex -0.10619388 -0.06380798 -0.06692608
  vertex -0.060483087 -0.07161029 -0.05136513
  vertex -0.105363615 -0.06380798 -0.070090115
 endloop
endfacet
facet normal 0.15467554 0.9871313 0.040586542
 outer loop
  vertex -0.107439205 -0.06380798 -0.062180042
  vertex -0.062143564 -0.07161029 -0.04503707
  vertex -0.06131333 -0.07161029 -0.04820109
 endloop
endfacet
facet normal 0.15467574 0.98713124 0.040585876
 outer loop
  vertex -0.107439205 -0.06380798 -0.062180042
  vertex -0.06131333 -0.07161029 -0.04820109
  vertex -0.10619388 -0.06380798 -0.06692608
 endloop
endfacet
facet normal 0.15467577 0.9871313 0.04058619
 outer loop
  vertex -0.108684525 -0.06380798 -0.057433993
  vertex -0.06380402 -0.07161029 -0.03870901
  vertex -0.0629738 -0.07161029 -0.041873038
 endloop
endfacet
facet normal 0.154676 0.9871313 0.040585574
 outer loop
  vertex -0.108684525 -0.06380798 -0.057433993
  vertex -0.0629738 -0.07161029 -0.041873038
  vertex -0.107439205 -0.06380798 -0.062180042
 endloop
endfacet
facet normal 0.197172 -0.97900254 0.051741358
 outer loop
  vertex -0.109742455 0.05963637 -0.07123912
  vertex -0.10891216 0.05963637 -0.07440314
  vertex -0.059652798 0.07060761 -0.054529175
 endloop
endfacet
facet normal 0.1971726 -0.9790026 0.051739596
 outer loop
  vertex -0.109742455 0.05963637 -0.07123912
  vertex -0.059652798 0.07060761 -0.054529175
  vertex -0.06048306 0.07060761 -0.051365156
 endloop
endfacet
facet normal 0.7753207 -0.5979047 0.20343973
 outer loop
  vertex -0.109742455 0.05963637 -0.07123912
  vertex -0.13100404 0.030167568 -0.07681812
  vertex -0.1301738 0.030167583 -0.07998215
 endloop
endfacet
facet normal 0.77531546 -0.59790593 0.20345615
 outer loop
  vertex -0.109742455 0.05963637 -0.07123912
  vertex -0.1301738 0.030167583 -0.07998215
  vertex -0.10891216 0.05963637 -0.07440314
 endloop
endfacet
facet normal 0.9496718 -0.18979755 0.24919924
 outer loop
  vertex -0.13100404 0.030167568 -0.07681812
  vertex -0.13673855 -0.0005013272 -0.07832283
  vertex -0.13590829 -0.00050131977 -0.081486866
 endloop
endfacet
facet normal 0.949674 -0.18979672 0.24919161
 outer loop
  vertex -0.13100404 0.030167568 -0.07681812
  vertex -0.13590829 -0.00050131977 -0.081486866
  vertex -0.1301738 0.030167583 -0.07998215
 endloop
endfacet
facet normal 0.93626 0.25114202 0.24565214
 outer loop
  vertex -0.13673855 -0.0005013272 -0.07832283
  vertex -0.12881461 -0.032075644 -0.07624361
  vertex -0.12798443 -0.032075644 -0.07940767
 endloop
endfacet
facet normal 0.9362536 0.2511393 0.2456792
 outer loop
  vertex -0.13673855 -0.0005013272 -0.07832283
  vertex -0.12798443 -0.032075644 -0.07940767
  vertex -0.13590829 -0.00050131977 -0.081486866
 endloop
endfacet
facet normal 0.7685905 0.60711795 0.20168379
 outer loop
  vertex -0.12881461 -0.032075644 -0.07624361
  vertex -0.105363615 -0.06380798 -0.070090115
  vertex -0.10453335 -0.06380798 -0.07325414
 endloop
endfacet
facet normal 0.76859534 0.6071195 0.20166087
 outer loop
  vertex -0.12881461 -0.032075644 -0.07624361
  vertex -0.10453335 -0.06380798 -0.07325414
  vertex -0.12798443 -0.032075644 -0.07940767
 endloop
endfacet
facet normal 0.19717427 -0.9790025 0.05173533
 outer loop
  vertex -0.11057264 0.05963637 -0.0680751
  vertex -0.109742455 0.05963637 -0.07123912
  vertex -0.06048306 0.07060761 -0.051365156
 endloop
endfacet
facet normal 0.1971734 -0.97900254 0.051737998
 outer loop
  vertex -0.11057264 0.05963637 -0.0680751
  vertex -0.06048306 0.07060761 -0.051365156
  vertex -0.061313298 0.07060761 -0.048201125
 endloop
endfacet
facet normal 0.77531964 -0.59790546 0.20344177
 outer loop
  vertex -0.11057264 0.05963637 -0.0680751
  vertex -0.13183427 0.030167568 -0.07365409
  vertex -0.13100404 0.030167568 -0.07681812
 endloop
endfacet
facet normal 0.77532274 -0.59790474 0.20343186
 outer loop
  vertex -0.11057264 0.05963637 -0.0680751
  vertex -0.13100404 0.030167568 -0.07681812
  vertex -0.109742455 0.05963637 -0.07123912
 endloop
endfacet
facet normal 0.9496747 -0.18979755 0.2491882
 outer loop
  vertex -0.13756877 -0.0005013272 -0.075158805
  vertex -0.13673855 -0.0005013272 -0.07832283
  vertex -0.13100404 0.030167568 -0.07681812
 endloop
endfacet
facet normal 0.9496739 -0.1897972 0.24919187
 outer loop
  vertex -0.13756877 -0.0005013272 -0.075158805
  vertex -0.13100404 0.030167568 -0.07681812
  vertex -0.13183427 0.030167568 -0.07365409
 endloop
endfacet
facet normal 0.9362528 0.25114202 0.2456796
 outer loop
  vertex -0.12964487 -0.032075644 -0.073079586
  vertex -0.12881461 -0.032075644 -0.07624361
  vertex -0.13673855 -0.0005013272 -0.07832283
 endloop
endfacet
facet normal 0.93625635 0.2511408 0.24566732
 outer loop
  vertex -0.12964487 -0.032075644 -0.073079586
  vertex -0.13673855 -0.0005013272 -0.07832283
  vertex -0.13756877 -0.0005013272 -0.075158805
 endloop
endfacet
facet normal 0.7685905 0.60711807 0.20168379
 outer loop
  vertex -0.12881461 -0.032075644 -0.07624361
  vertex -0.12964487 -0.032075644 -0.073079586
  vertex -0.10619388 -0.06380798 -0.06692608
 endloop
endfacet
facet normal 0.76859075 0.607118 0.20168291
 outer loop
  vertex -0.12881461 -0.032075644 -0.07624361
  vertex -0.10619388 -0.06380798 -0.06692608
  vertex -0.105363615 -0.06380798 -0.070090115
 endloop
endfacet
facet normal 0.1971732 -0.9790024 0.05173824
 outer loop
  vertex -0.061313298 0.07060761 -0.048201125
  vertex -0.06214354 0.07060761 -0.0450371
  vertex -0.11140291 0.05963637 -0.06491107
 endloop
endfacet
facet normal 0.1971728 -0.9790025 0.05173947
 outer loop
  vertex -0.061313298 0.07060761 -0.048201125
  vertex -0.11140291 0.05963637 -0.06491107
  vertex -0.11057264 0.05963637 -0.0680751
 endloop
endfacet
facet normal 0.77531767 -0.59790546 0.20344904
 outer loop
  vertex -0.11140291 0.05963637 -0.06491107
  vertex -0.13266453 0.030167568 -0.07049007
  vertex -0.13183427 0.030167568 -0.07365409
 endloop
endfacet
facet normal 0.7753178 -0.59790546 0.20344849
 outer loop
  vertex -0.11140291 0.05963637 -0.06491107
  vertex -0.13183427 0.030167568 -0.07365409
  vertex -0.11057264 0.05963637 -0.0680751
 endloop
endfacet
facet normal 0.94967175 -0.18979582 0.24920084
 outer loop
  vertex -0.13183427 0.030167568 -0.07365409
  vertex -0.13266453 0.030167568 -0.07049007
  vertex -0.13839899 -0.0005013272 -0.07199478
 endloop
endfacet
facet normal 0.9496748 -0.18979718 0.24918821
 outer loop
  vertex -0.13183427 0.030167568 -0.07365409
  vertex -0.13839899 -0.0005013272 -0.07199478
  vertex -0.13756877 -0.0005013272 -0.075158805
 endloop
endfacet
facet normal 0.9362559 0.25114056 0.24566928
 outer loop
  vertex -0.13839899 -0.0005013272 -0.07199478
  vertex -0.1304751 -0.032075644 -0.06991553
  vertex -0.12964487 -0.032075644 -0.073079586
 endloop
endfacet
facet normal 0.9362563 0.25114077 0.24566744
 outer loop
  vertex -0.13839899 -0.0005013272 -0.07199478
  vertex -0.12964487 -0.032075644 -0.073079586
  vertex -0.13756877 -0.0005013272 -0.075158805
 endloop
endfacet
facet normal 0.7685931 0.6071181 0.20167361
 outer loop
  vertex -0.1304751 -0.032075644 -0.06991553
  vertex -0.107439205 -0.06380798 -0.062180042
  vertex -0.10619388 -0.06380798 -0.06692608
 endloop
endfacet
facet normal 0.7685927 0.60711807 0.20167537
 outer loop
  vertex -0.1304751 -0.032075644 -0.06991553
  vertex -0.10619388 -0.06380798 -0.06692608
  vertex -0.12964487 -0.032075644 -0.073079586
 endloop
endfacet
facet normal 0.19717358 -0.9790025 0.051737644
 outer loop
  vertex -0.06214354 0.07060761 -0.0450371
  vertex -0.06297377 0.07060761 -0.04187307
  vertex -0.11223314 0.059636362 -0.061747044
 endloop
endfacet
facet normal 0.19717418 -0.9790024 0.051735785
 outer loop
  vertex -0.06214354 0.07060761 -0.0450371
  vertex -0.11223314 0.059636362 -0.061747044
  vertex -0.11140291 0.05963637 -0.06491107
 endloop
endfacet
facet normal 0.775321 -0.5979039 0.2034412
 outer loop
  vertex -0.11140291 0.05963637 -0.06491107
  vertex -0.11223314 0.059636362 -0.061747044
  vertex -0.13349468 0.030167568 -0.06732602
 endloop
endfacet
facet normal 0.77532536 -0.59790546 0.20341994
 outer loop
  vertex -0.11140291 0.05963637 -0.06491107
  vertex -0.13349468 0.030167568 -0.06732602
  vertex -0.13266453 0.030167568 -0.07049007
 endloop
endfacet
facet normal 0.9496742 -0.18979846 0.24918973
 outer loop
  vertex -0.13349468 0.030167568 -0.06732602
  vertex -0.13922922 -0.00050133467 -0.06883073
  vertex -0.13839899 -0.0005013272 -0.07199478
 endloop
endfacet
facet normal 0.94968116 -0.18979585 0.24916524
 outer loop
  vertex -0.13349468 0.030167568 -0.06732602
  vertex -0.13839899 -0.0005013272 -0.07199478
  vertex -0.13266453 0.030167568 -0.07049007
 endloop
endfacet
facet normal 0.9362536 0.2511397 0.2456789
 outer loop
  vertex -0.13922922 -0.00050133467 -0.06883073
  vertex -0.13130535 -0.03207566 -0.06675154
  vertex -0.1304751 -0.032075644 -0.06991553
 endloop
endfacet
facet normal 0.9362557 0.25114056 0.2456699
 outer loop
  vertex -0.13922922 -0.00050133467 -0.06883073
  vertex -0.1304751 -0.032075644 -0.06991553
  vertex -0.13839899 -0.0005013272 -0.07199478
 endloop
endfacet
facet normal 0.1971746 -0.9790025 0.05173518
 outer loop
  vertex -0.113063365 0.059636354 -0.058583006
  vertex -0.11223314 0.059636362 -0.061747044
  vertex -0.06297377 0.07060761 -0.04187307
 endloop
endfacet
facet normal 0.1971734 -0.9790025 0.051738694
 outer loop
  vertex -0.113063365 0.059636354 -0.058583006
  vertex -0.06297377 0.07060761 -0.04187307
  vertex -0.063804016 0.07060761 -0.03870904
 endloop
endfacet
facet normal 0.7753139 -0.5979057 0.20346269
 outer loop
  vertex -0.113063365 0.059636354 -0.058583006
  vertex -0.134325 0.030167561 -0.064162016
  vertex -0.13349468 0.030167568 -0.06732602
 endloop
endfacet
facet normal 0.77532166 -0.597904 0.2034383
 outer loop
  vertex -0.113063365 0.059636354 -0.058583006
  vertex -0.13349468 0.030167568 -0.06732602
  vertex -0.11223314 0.059636362 -0.061747044
 endloop
endfacet
facet normal 0.9496719 -0.18979645 0.24919984
 outer loop
  vertex -0.134325 0.030167561 -0.064162016
  vertex -0.14005949 -0.0005013421 -0.0656667
  vertex -0.13922922 -0.00050133467 -0.06883073
 endloop
endfacet
facet normal 0.9496666 -0.18979846 0.24921867
 outer loop
  vertex -0.134325 0.030167561 -0.064162016
  vertex -0.13922922 -0.00050133467 -0.06883073
  vertex -0.13349468 0.030167568 -0.06732602
 endloop
endfacet
facet normal 0.9362555 0.2511406 0.24567035
 outer loop
  vertex -0.14005949 -0.0005013421 -0.0656667
  vertex -0.13213558 -0.03207566 -0.0635875
  vertex -0.13130535 -0.03207566 -0.06675154
 endloop
endfacet
facet normal 0.93625337 0.25113967 0.2456797
 outer loop
  vertex -0.14005949 -0.0005013421 -0.0656667
  vertex -0.13130535 -0.03207566 -0.06675154
  vertex -0.13922922 -0.00050133467 -0.06883073
 endloop
endfacet
facet normal 0.7685929 0.60711896 0.20167173
 outer loop
  vertex -0.108684525 -0.06380798 -0.057433993
  vertex -0.107439205 -0.06380798 -0.062180042
  vertex -0.13130535 -0.03207566 -0.06675154
 endloop
endfacet
facet normal 0.7685916 0.60711926 0.20167588
 outer loop
  vertex -0.108684525 -0.06380798 -0.057433993
  vertex -0.13130535 -0.03207566 -0.06675154
  vertex -0.13213558 -0.03207566 -0.0635875
 endloop
endfacet
facet normal 0.19717269 -0.9790025 0.051740486
 outer loop
  vertex -0.11389364 0.059636354 -0.055418983
  vertex -0.113063365 0.059636354 -0.058583006
  vertex -0.063804016 0.07060761 -0.03870904
 endloop
endfacet
facet normal 0.19717327 -0.97900254 0.051738724
 outer loop
  vertex -0.11389364 0.059636354 -0.055418983
  vertex -0.063804016 0.07060761 -0.03870904
  vertex -0.06463426 0.07060761 -0.035545014
 endloop
endfacet
facet normal 0.77532053 -0.59790474 0.20344013
 outer loop
  vertex -0.11389364 0.059636354 -0.055418983
  vertex -0.13515523 0.030167554 -0.060997978
  vertex -0.134325 0.030167561 -0.064162016
 endloop
endfacet
facet normal 0.7753166 -0.5979057 0.20345251
 outer loop
  vertex -0.11389364 0.059636354 -0.055418983
  vertex -0.134325 0.030167561 -0.064162016
  vertex -0.113063365 0.059636354 -0.058583006
 endloop
endfacet
facet normal 0.9496753 -0.18979606 0.2491873
 outer loop
  vertex -0.13515523 0.030167554 -0.060997978
  vertex -0.1408897 -0.00050134957 -0.06250267
  vertex -0.14005949 -0.0005013421 -0.0656667
 endloop
endfacet
facet normal 0.9496743 -0.18979645 0.24919096
 outer loop
  vertex -0.13515523 0.030167554 -0.060997978
  vertex -0.14005949 -0.0005013421 -0.0656667
  vertex -0.134325 0.030167561 -0.064162016
 endloop
endfacet
facet normal 0.9362573 0.25114104 0.24566318
 outer loop
  vertex -0.1408897 -0.00050134957 -0.06250267
  vertex -0.13296579 -0.032075673 -0.060423464
  vertex -0.13213558 -0.03207566 -0.0635875
 endloop
endfacet
facet normal 0.93625635 0.25114062 0.24566746
 outer loop
  vertex -0.1408897 -0.00050134957 -0.06250267
  vertex -0.13213558 -0.03207566 -0.0635875
  vertex -0.14005949 -0.0005013421 -0.0656667
 endloop
endfacet
facet normal 0.7685902 0.6071185 0.20168352
 outer loop
  vertex -0.13296579 -0.032075673 -0.060423464
  vertex -0.109514765 -0.06380801 -0.054269962
  vertex -0.108684525 -0.06380798 -0.057433993
 endloop
endfacet
facet normal 0.76859266 0.60711926 0.2016721
 outer loop
  vertex -0.13296579 -0.032075673 -0.060423464
  vertex -0.108684525 -0.06380798 -0.057433993
  vertex -0.13213558 -0.03207566 -0.0635875
 endloop
endfacet
facet normal -0.9228283 -0.2995854 -0.24215007
 outer loop
  vertex -0.15572271 -0.00050133467 -0.083304256
  vertex -0.15489247 -0.0005013272 -0.086468264
  vertex -0.14216563 -0.041441366 -0.084319405
 endloop
endfacet
facet normal -0.7386943 -0.22889443 -0.6339858
 outer loop
  vertex -0.15572271 -0.00050133467 -0.083304256
  vertex -0.14216563 -0.041441366 -0.084319405
  vertex -0.14525545 -0.04188908 -0.08055764
 endloop
endfacet
facet normal -0.20863436 -0.9773899 -0.034361485
 outer loop
  vertex -0.05942581 -0.09165737 -0.05523046
  vertex -0.06464113 -0.0912371 -0.035518683
  vertex -0.12265786 -0.077993706 -0.059955187
 endloop
endfacet
facet normal -0.94633955 0.2068321 -0.24831821
 outer loop
  vertex -0.15489247 -0.0005013272 -0.086468264
  vertex -0.15572271 -0.00050133467 -0.083304256
  vertex -0.14744484 0.039980985 -0.08113215
 endloop
endfacet
facet normal -0.74184155 0.21997792 -0.63346726
 outer loop
  vertex -0.15489247 -0.0005013272 -0.086468264
  vertex -0.14744484 0.039980985 -0.08113215
  vertex -0.14431061 0.03849288 -0.085319355
 endloop
endfacet
facet normal -0.93579173 -0.25296503 -0.2455657
 outer loop
  vertex -0.156553 -0.00050133467 -0.08014021
  vertex -0.15572271 -0.00050133467 -0.083304256
  vertex -0.14525545 -0.04188908 -0.08055764
 endloop
endfacet
facet normal -0.93579954 -0.25296748 -0.24553365
 outer loop
  vertex -0.156553 -0.00050133467 -0.08014021
  vertex -0.14525545 -0.04188908 -0.08055764
  vertex -0.14608562 -0.04188908 -0.07739361
 endloop
endfacet
facet normal -0.7737263 -0.6001124 -0.20300911
 outer loop
  vertex -0.14608562 -0.04188908 -0.07739361
  vertex -0.14525545 -0.04188908 -0.08055764
  vertex -0.12265786 -0.077993706 -0.059955187
 endloop
endfacet
facet normal -0.94633543 0.20683345 -0.24833255
 outer loop
  vertex -0.15572271 -0.00050133467 -0.083304256
  vertex -0.156553 -0.00050133467 -0.08014021
  vertex -0.14827508 0.039980978 -0.077968106
 endloop
endfacet
facet normal -0.94634026 0.20683207 -0.24831547
 outer loop
  vertex -0.15572271 -0.00050133467 -0.083304256
  vertex -0.14827508 0.039980978 -0.077968106
  vertex -0.14744484 0.039980985 -0.08113215
 endloop
endfacet
facet normal -0.9357995 -0.25296748 -0.24553363
 outer loop
  vertex -0.15738317 -0.0005013421 -0.07697617
  vertex -0.156553 -0.00050133467 -0.08014021
  vertex -0.14608562 -0.04188908 -0.07739361
 endloop
endfacet
facet normal -0.93579125 -0.25296485 -0.2455679
 outer loop
  vertex -0.15738317 -0.0005013421 -0.07697617
  vertex -0.14608562 -0.04188908 -0.07739361
  vertex -0.14691591 -0.04188908 -0.07422959
 endloop
endfacet
facet normal -0.9463417 0.20683262 -0.24830975
 outer loop
  vertex -0.15738317 -0.0005013421 -0.07697617
  vertex -0.14910528 0.039980978 -0.07480409
  vertex -0.14827508 0.039980978 -0.077968106
 endloop
endfacet
facet normal -0.9463442 0.20683347 -0.2482994
 outer loop
  vertex -0.15738317 -0.0005013421 -0.07697617
  vertex -0.14827508 0.039980978 -0.077968106
  vertex -0.156553 -0.00050133467 -0.08014021
 endloop
endfacet
facet normal -0.93579113 -0.25296617 -0.24556673
 outer loop
  vertex -0.14774615 -0.04188908 -0.07106555
  vertex -0.15821347 -0.0005013421 -0.07381214
  vertex -0.15738317 -0.0005013421 -0.07697617
 endloop
endfacet
facet normal -0.93579596 -0.2529649 -0.24554975
 outer loop
  vertex -0.14774615 -0.04188908 -0.07106555
  vertex -0.15738317 -0.0005013421 -0.07697617
  vertex -0.14691591 -0.04188908 -0.07422959
 endloop
endfacet
facet normal -0.77934146 0.5922925 -0.2044907
 outer loop
  vertex -0.1270628 0.07375376 -0.060990542
  vertex -0.14827508 0.039980978 -0.077968106
  vertex -0.14910528 0.039980978 -0.07480409
 endloop
endfacet
facet normal -0.9463352 0.2068333 -0.24833363
 outer loop
  vertex -0.15738317 -0.0005013421 -0.07697617
  vertex -0.15821347 -0.0005013421 -0.07381214
  vertex -0.14993554 0.039980974 -0.07164006
 endloop
endfacet
facet normal -0.94633764 0.20683263 -0.24832514
 outer loop
  vertex -0.15738317 -0.0005013421 -0.07697617
  vertex -0.14993554 0.039980974 -0.07164006
  vertex -0.14910528 0.039980978 -0.07480409
 endloop
endfacet
facet normal -0.9357994 -0.25296617 -0.24553534
 outer loop
  vertex -0.15904364 -0.0005013421 -0.070648134
  vertex -0.15821347 -0.0005013421 -0.07381214
  vertex -0.14774615 -0.04188908 -0.07106555
 endloop
endfacet
facet normal -0.9357968 -0.25296533 -0.24554616
 outer loop
  vertex -0.15904364 -0.0005013421 -0.070648134
  vertex -0.14774615 -0.04188908 -0.07106555
  vertex -0.14857636 -0.04188908 -0.06790152
 endloop
endfacet
facet normal -0.9463436 0.20683312 -0.24830195
 outer loop
  vertex -0.15821347 -0.0005013421 -0.07381214
  vertex -0.15904364 -0.0005013421 -0.070648134
  vertex -0.15076573 0.03998097 -0.06847603
 endloop
endfacet
facet normal -0.94634295 0.20683332 -0.24830422
 outer loop
  vertex -0.15821347 -0.0005013421 -0.07381214
  vertex -0.15076573 0.03998097 -0.06847603
  vertex -0.14993554 0.039980974 -0.07164006
 endloop
endfacet
facet normal -0.93579763 -0.252966 -0.24554257
 outer loop
  vertex -0.14857636 -0.04188908 -0.06790152
  vertex -0.14940657 -0.041889094 -0.064737484
  vertex -0.15987387 -0.000501357 -0.067484096
 endloop
endfacet
facet normal -0.93579555 -0.2529654 -0.24555086
 outer loop
  vertex -0.14857636 -0.04188908 -0.06790152
  vertex -0.15987387 -0.000501357 -0.067484096
  vertex -0.15904364 -0.0005013421 -0.070648134
 endloop
endfacet
facet normal -0.77934253 0.5922928 -0.20448565
 outer loop
  vertex -0.14993554 0.039980974 -0.07164006
  vertex -0.15076573 0.03998097 -0.06847603
  vertex -0.1270628 0.07375376 -0.060990542
 endloop
endfacet
facet normal -0.77372164 -0.6001157 -0.20301752
 outer loop
  vertex -0.14940657 -0.041889094 -0.064737484
  vertex -0.14857636 -0.04188908 -0.06790152
  vertex -0.12265786 -0.077993706 -0.059955187
 endloop
endfacet
facet normal -0.9463376 0.20683311 -0.24832508
 outer loop
  vertex -0.151596 0.039980967 -0.065312
  vertex -0.15076573 0.03998097 -0.06847603
  vertex -0.15904364 -0.0005013421 -0.070648134
 endloop
endfacet
facet normal -0.94634014 0.20683236 -0.24831554
 outer loop
  vertex -0.151596 0.039980967 -0.065312
  vertex -0.15904364 -0.0005013421 -0.070648134
  vertex -0.15987387 -0.000501357 -0.067484096
 endloop
endfacet
facet normal 0.9672529 0 0.25381455
 outer loop
  vertex -0.06048306 0.07060761 -0.051365156
  vertex -0.059652798 0.07060761 -0.054529175
  vertex -0.059652798 0.07387875 -0.054529175
 endloop
endfacet
facet normal 0.96725285 0 0.25381455
 outer loop
  vertex -0.06048306 0.07060761 -0.051365156
  vertex -0.059652798 0.07387875 -0.054529175
  vertex -0.06048306 0.075514324 -0.051365156
 endloop
endfacet
facet normal -0.77933776 0.59229326 -0.20450278
 outer loop
  vertex -0.15076573 0.03998097 -0.06847603
  vertex -0.151596 0.039980967 -0.065312
  vertex -0.1270628 0.07375376 -0.060990542
 endloop
endfacet
facet normal 0.96725506 0 0.25380626
 outer loop
  vertex -0.061313298 0.07060761 -0.048201125
  vertex -0.06048306 0.07060761 -0.051365156
  vertex -0.06048306 0.075514324 -0.051365156
 endloop
endfacet
facet normal 0.96725506 0 0.25380626
 outer loop
  vertex -0.061313298 0.07060761 -0.048201125
  vertex -0.06048306 0.075514324 -0.051365156
  vertex -0.061313298 0.075514324 -0.048201125
 endloop
endfacet
facet normal 0.9672547 0 0.2538076
 outer loop
  vertex -0.06214354 0.07060761 -0.0450371
  vertex -0.061313298 0.07060761 -0.048201125
  vertex -0.061313298 0.075514324 -0.048201125
 endloop
endfacet
facet normal 0.9672547 0 0.2538076
 outer loop
  vertex -0.06214354 0.07060761 -0.0450371
  vertex -0.061313298 0.075514324 -0.048201125
  vertex -0.06214354 0.075514324 -0.0450371
 endloop
endfacet
facet normal 0.96725553 0 0.25380442
 outer loop
  vertex -0.06297377 0.07060761 -0.04187307
  vertex -0.06214354 0.07060761 -0.0450371
  vertex -0.06214354 0.075514324 -0.0450371
 endloop
endfacet
facet normal 0.96725374 4.7881463e-06 0.25381136
 outer loop
  vertex -0.06297377 0.07060761 -0.04187307
  vertex -0.06214354 0.075514324 -0.0450371
  vertex -0.06297379 0.075514324 -0.04187308
 endloop
endfacet
facet normal 0.9672543 -1.92698e-07 0.25380948
 outer loop
  vertex -0.063804016 0.075514324 -0.038709037
  vertex -0.063804016 0.07060761 -0.03870904
  vertex -0.06297377 0.07060761 -0.04187307
 endloop
endfacet
facet normal 0.9672561 4.791564e-06 0.25380224
 outer loop
  vertex -0.063804016 0.075514324 -0.038709037
  vertex -0.06297377 0.07060761 -0.04187307
  vertex -0.06297379 0.075514324 -0.04187308
 endloop
endfacet
facet normal 0.96725553 -0 0.25380465
 outer loop
  vertex -0.06048307 0.0869633 -0.051365152
  vertex -0.06048307 0.083692156 -0.051365152
  vertex -0.059652835 0.08369218 -0.05452919
 endloop
endfacet
facet normal 0.9676056 0.0013866451 0.25246292
 outer loop
  vertex -0.06048307 0.0869633 -0.051365152
  vertex -0.059652835 0.08369218 -0.05452919
  vertex -0.059425823 0.09015533 -0.05543475
 endloop
endfacet
facet normal 0.9672555 -0 0.25380462
 outer loop
  vertex -0.06048307 0.083692156 -0.051365152
  vertex -0.06048307 0.08042102 -0.051365152
  vertex -0.059652835 0.08042104 -0.05452919
 endloop
endfacet
facet normal 0.9672555 0 0.25380462
 outer loop
  vertex -0.06048307 0.083692156 -0.051365152
  vertex -0.059652835 0.08042104 -0.05452919
  vertex -0.059652835 0.08369218 -0.05452919
 endloop
endfacet
facet normal 0.9672528 1.2760228e-06 0.2538152
 outer loop
  vertex -0.06048307 0.08042102 -0.051365152
  vertex -0.06048306 0.075514324 -0.051365156
  vertex -0.059652798 0.07714989 -0.054529175
 endloop
endfacet
facet normal 0.9672555 1.2171587e-05 0.25380462
 outer loop
  vertex -0.06048307 0.08042102 -0.051365152
  vertex -0.059652798 0.07714989 -0.054529175
  vertex -0.059652835 0.08042104 -0.05452919
 endloop
endfacet
facet normal 0.9672531 0 0.25381368
 outer loop
  vertex -0.06131333 0.083692156 -0.04820112
  vertex -0.06048307 0.083692156 -0.051365152
  vertex -0.06048307 0.0869633 -0.051365152
 endloop
endfacet
facet normal 0.9672531 0 0.25381368
 outer loop
  vertex -0.06131333 0.083692156 -0.04820112
  vertex -0.06048307 0.0869633 -0.051365152
  vertex -0.06131333 0.0869633 -0.04820112
 endloop
endfacet
facet normal 0.9672531 0 0.2538137
 outer loop
  vertex -0.06131333 0.08042102 -0.04820112
  vertex -0.06048307 0.08042102 -0.051365152
  vertex -0.06048307 0.083692156 -0.051365152
 endloop
endfacet
facet normal 0.9672531 0 0.2538137
 outer loop
  vertex -0.06131333 0.08042102 -0.04820112
  vertex -0.06048307 0.083692156 -0.051365152
  vertex -0.06131333 0.083692156 -0.04820112
 endloop
endfacet
facet normal 0.9672531 6.416566e-06 0.2538137
 outer loop
  vertex -0.06048307 0.08042102 -0.051365152
  vertex -0.06131333 0.08042102 -0.04820112
  vertex -0.061313298 0.075514324 -0.048201125
 endloop
endfacet
facet normal 0.96725506 1.2891174e-06 0.25380626
 outer loop
  vertex -0.06048307 0.08042102 -0.051365152
  vertex -0.061313298 0.075514324 -0.048201125
  vertex -0.06048306 0.075514324 -0.051365156
 endloop
endfacet
facet normal 0.9672559 0 0.25380304
 outer loop
  vertex -0.062143557 0.083692156 -0.04503709
  vertex -0.06131333 0.083692156 -0.04820112
  vertex -0.06131333 0.0869633 -0.04820112
 endloop
endfacet
facet normal 0.9672559 0 0.25380304
 outer loop
  vertex -0.062143557 0.083692156 -0.04503709
  vertex -0.06131333 0.0869633 -0.04820112
  vertex -0.062143557 0.0869633 -0.04503709
 endloop
endfacet
facet normal 0.9672559 0 0.25380304
 outer loop
  vertex -0.062143557 0.08042102 -0.04503709
  vertex -0.06131333 0.08042102 -0.04820112
  vertex -0.06131333 0.083692156 -0.04820112
 endloop
endfacet
facet normal 0.9672559 0 0.25380304
 outer loop
  vertex -0.062143557 0.08042102 -0.04503709
  vertex -0.06131333 0.083692156 -0.04820112
  vertex -0.062143557 0.083692156 -0.04503709
 endloop
endfacet
facet normal 0.96725595 3.2864389e-06 0.25380307
 outer loop
  vertex -0.06131333 0.08042102 -0.04820112
  vertex -0.062143557 0.08042102 -0.04503709
  vertex -0.06214354 0.075514324 -0.0450371
 endloop
endfacet
facet normal 0.9672547 6.4172605e-06 0.2538076
 outer loop
  vertex -0.06131333 0.08042102 -0.04820112
  vertex -0.06214354 0.075514324 -0.0450371
  vertex -0.061313298 0.075514324 -0.048201125
 endloop
endfacet
facet normal 0.96725494 0 0.2538066
 outer loop
  vertex -0.06297379 0.083692156 -0.04187308
  vertex -0.062143557 0.083692156 -0.04503709
  vertex -0.062143557 0.0869633 -0.04503709
 endloop
endfacet
facet normal 0.96725494 0 0.2538066
 outer loop
  vertex -0.06297379 0.083692156 -0.04187308
  vertex -0.062143557 0.0869633 -0.04503709
  vertex -0.06297379 0.0869633 -0.04187308
 endloop
endfacet
facet normal 0.967255 0 0.2538066
 outer loop
  vertex -0.06297379 0.08042102 -0.04187308
  vertex -0.062143557 0.08042102 -0.04503709
  vertex -0.062143557 0.083692156 -0.04503709
 endloop
endfacet
facet normal 0.967255 0 0.2538066
 outer loop
  vertex -0.06297379 0.08042102 -0.04187308
  vertex -0.062143557 0.083692156 -0.04503709
  vertex -0.06297379 0.083692156 -0.04187308
 endloop
endfacet
facet normal 0.96725374 -0 0.2538114
 outer loop
  vertex -0.06297379 0.08042102 -0.04187308
  vertex -0.06297379 0.075514324 -0.04187308
  vertex -0.06214354 0.075514324 -0.0450371
 endloop
endfacet
facet normal 0.967255 3.2864298e-06 0.2538066
 outer loop
  vertex -0.06297379 0.08042102 -0.04187308
  vertex -0.06214354 0.075514324 -0.0450371
  vertex -0.062143557 0.08042102 -0.04503709
 endloop
endfacet
facet normal 0.9672537 0 0.2538113
 outer loop
  vertex -0.063804045 0.083692156 -0.038709044
  vertex -0.06297379 0.083692156 -0.04187308
  vertex -0.06297379 0.0869633 -0.04187308
 endloop
endfacet
facet normal 0.9672537 0 0.2538113
 outer loop
  vertex -0.063804045 0.083692156 -0.038709044
  vertex -0.06297379 0.0869633 -0.04187308
  vertex -0.063804045 0.0869633 -0.038709044
 endloop
endfacet
facet normal 0.96725374 0 0.2538113
 outer loop
  vertex -0.063804045 0.08042102 -0.038709044
  vertex -0.06297379 0.08042102 -0.04187308
  vertex -0.06297379 0.083692156 -0.04187308
 endloop
endfacet
facet normal 0.96725374 0 0.2538113
 outer loop
  vertex -0.063804045 0.08042102 -0.038709044
  vertex -0.06297379 0.083692156 -0.04187308
  vertex -0.063804045 0.083692156 -0.038709044
 endloop
endfacet
facet normal 0.9672561 6.2603094e-06 0.25380224
 outer loop
  vertex -0.063804045 0.08042102 -0.038709044
  vertex -0.063804016 0.075514324 -0.038709037
  vertex -0.06297379 0.075514324 -0.04187308
 endloop
endfacet
facet normal 0.9672538 0 0.25381133
 outer loop
  vertex -0.063804045 0.08042102 -0.038709044
  vertex -0.06297379 0.075514324 -0.04187308
  vertex -0.06297379 0.08042102 -0.04187308
 endloop
endfacet
facet normal 0.96725035 0.0032007652 0.25380418
 outer loop
  vertex -0.06463428 0.0869633 -0.035545018
  vertex -0.063804045 0.0869633 -0.038709044
  vertex -0.059425823 0.09015533 -0.05543475
 endloop
endfacet
facet normal 0.96738124 0 0.2533248
 outer loop
  vertex -0.06463428 0.0869633 -0.035545018
  vertex -0.059425823 0.09015533 -0.05543475
  vertex -0.06463428 0.09023444 -0.035545018
 endloop
endfacet
facet normal 0.9672553 0 0.2538055
 outer loop
  vertex -0.06463428 0.083692156 -0.035545018
  vertex -0.063804045 0.083692156 -0.038709044
  vertex -0.063804045 0.0869633 -0.038709044
 endloop
endfacet
facet normal 0.9672553 0 0.2538055
 outer loop
  vertex -0.06463428 0.083692156 -0.035545018
  vertex -0.063804045 0.0869633 -0.038709044
  vertex -0.06463428 0.0869633 -0.035545018
 endloop
endfacet
facet normal 0.9672553 0 0.2538055
 outer loop
  vertex -0.06463428 0.08042102 -0.035545018
  vertex -0.063804045 0.08042102 -0.038709044
  vertex -0.063804045 0.083692156 -0.038709044
 endloop
endfacet
facet normal 0.9672553 0 0.2538055
 outer loop
  vertex -0.06463428 0.08042102 -0.035545018
  vertex -0.063804045 0.083692156 -0.038709044
  vertex -0.06463428 0.083692156 -0.035545018
 endloop
endfacet
facet normal 0.96725285 6.260308e-06 0.25381455
 outer loop
  vertex -0.06463428 0.075514324 -0.035545018
  vertex -0.063804016 0.075514324 -0.038709037
  vertex -0.063804045 0.08042102 -0.038709044
 endloop
endfacet
facet normal 0.96725523 0 0.2538055
 outer loop
  vertex -0.06463428 0.075514324 -0.035545018
  vertex -0.063804045 0.08042102 -0.038709044
  vertex -0.06463428 0.08042102 -0.035545018
 endloop
endfacet
facet normal 0.58321404 -0.024810174 -0.81193954
 outer loop
  vertex -0.09291586 0.020146776 -0.10759923
  vertex -0.09585828 -0.016949877 -0.10857921
  vertex -0.13001195 -0.00067762285 -0.13360892
 endloop
endfacet
facet normal 0.61403626 -0.11935803 -0.7802007
 outer loop
  vertex -0.09291586 0.020146776 -0.10759923
  vertex -0.13001195 -0.00067762285 -0.13360892
  vertex -0.12043917 0.038664456 -0.13209362
 endloop
endfacet
facet normal 0.42098793 0.27868915 -0.8631926
 outer loop
  vertex -0.07067113 -0.035952285 -0.10243027
  vertex -0.08807912 -0.069709525 -0.12181914
  vertex -0.09585828 -0.016949877 -0.10857921
 endloop
endfacet
facet normal -0.8259856 0 0.56369126
 outer loop
  vertex -0.059652835 0.08369218 -0.05452919
  vertex -0.018500105 0.08369217 0.005772549
  vertex -0.018500105 0.08696332 0.005772549
 endloop
endfacet
facet normal -0.82394224 0.10691106 0.5564973
 outer loop
  vertex -0.059652835 0.08369218 -0.05452919
  vertex -0.018500105 0.08696332 0.005772549
  vertex -0.059425823 0.09015533 -0.05543475
 endloop
endfacet
facet normal 0.627544 0.13870184 -0.7661268
 outer loop
  vertex -0.09585828 -0.016949877 -0.10857921
  vertex -0.117672205 -0.044127658 -0.13136761
  vertex -0.13001195 -0.00067762285 -0.13360892
 endloop
endfacet
facet normal 0.5050194 0.27939582 -0.8166354
 outer loop
  vertex -0.09585828 -0.016949877 -0.10857921
  vertex -0.08807912 -0.069709525 -0.12181914
  vertex -0.117672205 -0.044127658 -0.13136761
 endloop
endfacet
facet normal 0.1546754 0.98713136 0.040585313
 outer loop
  vertex -0.109514765 -0.06380801 -0.054269962
  vertex -0.06463423 -0.07161029 -0.03554498
  vertex -0.06380402 -0.07161029 -0.03870901
 endloop
endfacet
facet normal 0.15467201 0.9871315 0.04059516
 outer loop
  vertex -0.109514765 -0.06380801 -0.054269962
  vertex -0.06380402 -0.07161029 -0.03870901
  vertex -0.108684525 -0.06380798 -0.057433993
 endloop
endfacet
facet normal 0.35189265 0.0010624122 -0.9360398
 outer loop
  vertex -0.05217814 -0.023861684 -0.095464334
  vertex -0.07067113 -0.035952285 -0.10243027
  vertex -0.07072534 -0.028528363 -0.10244222
 endloop
endfacet
facet normal -0.8259858 0 0.563691
 outer loop
  vertex -0.018500105 0.07387874 0.005772549
  vertex -0.018500105 0.07714988 0.005772549
  vertex -0.059652798 0.07714989 -0.054529175
 endloop
endfacet
facet normal -0.8259858 0 0.563691
 outer loop
  vertex -0.018500105 0.07387874 0.005772549
  vertex -0.059652798 0.07714989 -0.054529175
  vertex -0.059652798 0.07387875 -0.054529175
 endloop
endfacet
facet normal -0.83043236 0 0.5571194
 outer loop
  vertex -0.05942581 -0.09165737 -0.05523046
  vertex -0.018500166 -0.08633043 0.0057725804
  vertex -0.018500166 -0.081423745 0.0057725804
 endloop
endfacet
facet normal -0.82464933 -0.056863263 0.5627789
 outer loop
  vertex -0.05942581 -0.09165737 -0.05523046
  vertex -0.018500166 -0.081423745 0.0057725804
  vertex -0.059652857 -0.0814237 -0.054529145
 endloop
endfacet
facet normal -0.8259857 -1.0482545e-07 0.56369096
 outer loop
  vertex -0.059652857 -0.07488142 -0.054529145
  vertex -0.018500166 -0.07488142 0.0057725804
  vertex -0.018500175 -0.07161029 0.0057725674
 endloop
endfacet
facet normal -0.8259858 -1.9499107e-06 0.563691
 outer loop
  vertex -0.059652857 -0.07488142 -0.054529145
  vertex -0.018500175 -0.07161029 0.0057725674
  vertex -0.05965288 -0.07161029 -0.054529168
 endloop
endfacet
facet normal -0.8259857 0 0.56369096
 outer loop
  vertex -0.059652798 0.07714989 -0.054529175
  vertex -0.018500105 0.07714988 0.005772549
  vertex -0.018500105 0.08042104 0.005772549
 endloop
endfacet
facet normal -0.8259856 -6.8246545e-06 0.56369126
 outer loop
  vertex -0.059652798 0.07714989 -0.054529175
  vertex -0.018500105 0.08042104 0.005772549
  vertex -0.059652835 0.08042104 -0.05452919
 endloop
endfacet
facet normal -0.8259858 0 0.563691
 outer loop
  vertex -0.018500166 -0.081423745 0.0057725804
  vertex -0.018500166 -0.07815258 0.0057725804
  vertex -0.059652857 -0.07815257 -0.054529145
 endloop
endfacet
facet normal -0.8259857 0 0.56369096
 outer loop
  vertex -0.018500166 -0.081423745 0.0057725804
  vertex -0.059652857 -0.07815257 -0.054529145
  vertex -0.059652857 -0.0814237 -0.054529145
 endloop
endfacet
facet normal -0.82598555 0 0.5636912
 outer loop
  vertex -0.018500105 0.08042104 0.005772549
  vertex -0.018500105 0.08369217 0.005772549
  vertex -0.059652835 0.08369218 -0.05452919
 endloop
endfacet
facet normal -0.8259856 0 0.56369126
 outer loop
  vertex -0.018500105 0.08042104 0.005772549
  vertex -0.059652835 0.08369218 -0.05452919
  vertex -0.059652835 0.08042104 -0.05452919
 endloop
endfacet
facet normal -0.8259858 0 0.563691
 outer loop
  vertex -0.018500166 -0.07815258 0.0057725804
  vertex -0.018500166 -0.07488142 0.0057725804
  vertex -0.059652857 -0.07488142 -0.054529145
 endloop
endfacet
facet normal -0.8259857 0 0.563691
 outer loop
  vertex -0.018500166 -0.07815258 0.0057725804
  vertex -0.059652857 -0.07488142 -0.054529145
  vertex -0.059652857 -0.07815257 -0.054529145
 endloop
endfacet
facet normal -0.8259858 0 0.563691
 outer loop
  vertex -0.018500105 0.0706076 0.005772549
  vertex -0.018500105 0.07387874 0.005772549
  vertex -0.059652798 0.07387875 -0.054529175
 endloop
endfacet
facet normal -0.8259858 0 0.563691
 outer loop
  vertex -0.018500105 0.0706076 0.005772549
  vertex -0.059652798 0.07387875 -0.054529175
  vertex -0.059652798 0.07060761 -0.054529175
 endloop
endfacet
facet normal 0.99367565 2.0426896e-06 -0.1122885
 outer loop
  vertex 0.015117269 -0.07161032 0.023046216
  vertex 0.01511731 -0.09123717 0.023046222
  vertex 0.008675449 -0.09123714 -0.033959806
 endloop
endfacet
facet normal 0.99367565 1.1923598e-06 -0.11228819
 outer loop
  vertex 0.015117269 -0.07161032 0.023046216
  vertex 0.008675449 -0.09123714 -0.033959806
  vertex 0.0086754225 -0.07161029 -0.03395983
 endloop
endfacet
facet normal 0.99367565 1.6761371e-06 -0.112288125
 outer loop
  vertex 0.008675512 0.0706076 -0.033959836
  vertex 0.008675478 0.090234436 -0.03395984
  vertex 0.015117317 0.09023443 0.023046175
 endloop
endfacet
facet normal 0.99367565 1.4374602e-06 -0.11228805
 outer loop
  vertex 0.008675512 0.0706076 -0.033959836
  vertex 0.015117317 0.09023443 0.023046175
  vertex 0.0151173435 0.070607595 0.023046155
 endloop
endfacet
facet normal 0.867423 7.504842e-07 -0.49757138
 outer loop
  vertex 0.037628345 0.09023443 0.062289923
  vertex 0.037628375 0.07060759 0.062289946
  vertex 0.0151173435 0.070607595 0.023046155
 endloop
endfacet
facet normal 0.8674228 1.6719258e-06 -0.49757177
 outer loop
  vertex 0.037628345 0.09023443 0.062289923
  vertex 0.0151173435 0.070607595 0.023046155
  vertex 0.015117317 0.09023443 0.023046175
 endloop
endfacet
facet normal 0.867423 1.6693976e-06 -0.49757153
 outer loop
  vertex 0.01511731 -0.09123717 0.023046222
  vertex 0.015117269 -0.07161032 0.023046216
  vertex 0.037628286 -0.07161032 0.062289968
 endloop
endfacet
facet normal -0.40483934 -2.5384043e-06 0.9143878
 outer loop
  vertex 0.037628345 0.09023443 0.062289923
  vertex -0.039971102 0.08042103 0.027933236
  vertex -0.03997108 0.07551432 0.027933232
 endloop
endfacet
facet normal -0.40483984 4.1935584e-07 0.9143876
 outer loop
  vertex 0.037628345 0.09023443 0.062289923
  vertex -0.03997108 0.07551432 0.027933232
  vertex 0.037628375 0.07060759 0.062289946
 endloop
endfacet
facet normal -0.40484017 -4.15988e-07 0.91438746
 outer loop
  vertex 0.037628286 -0.07161032 0.062289968
  vertex -0.03997117 -0.081423745 0.02793322
  vertex -0.039971143 -0.08633046 0.027933229
 endloop
endfacet
facet normal -0.40484026 0 0.91438746
 outer loop
  vertex 0.037628286 -0.07161032 0.062289968
  vertex -0.039971143 -0.08633046 0.027933229
  vertex 0.037628286 -0.0912372 0.062289968
 endloop
endfacet
facet normal -0.61698884 0.36851528 -0.6953569
 outer loop
  vertex -0.019233022 -0.08633046 0.012132753
  vertex -0.017843077 -0.091487095 0.008166617
  vertex -0.03997112 -0.09123717 0.027933238
 endloop
endfacet
facet normal -0.60604334 -4.270508e-06 -0.7954317
 outer loop
  vertex -0.019233022 -0.08633046 0.012132753
  vertex -0.03997112 -0.09123717 0.027933238
  vertex -0.039971143 -0.08633046 0.027933229
 endloop
endfacet
facet normal -0.6060439 0 -0.7954313
 outer loop
  vertex -0.01923297 0.08042103 0.0121327415
  vertex -0.01923297 0.07551432 0.0121327415
  vertex -0.03997108 0.07551432 0.027933232
 endloop
endfacet
facet normal -0.60604346 -2.1568233e-06 -0.79543144
 outer loop
  vertex -0.01923297 0.08042103 0.0121327415
  vertex -0.03997108 0.07551432 0.027933232
  vertex -0.039971102 0.08042103 0.027933236
 endloop
endfacet
facet normal -0.6060432 0 -0.79543173
 outer loop
  vertex -0.019233037 -0.07488145 0.012132741
  vertex -0.019233037 -0.07815258 0.012132741
  vertex -0.03997117 -0.07815258 0.02793322
 endloop
endfacet
facet normal -0.6060432 -0 -0.79543173
 outer loop
  vertex -0.019233037 -0.07488145 0.012132741
  vertex -0.03997117 -0.07815258 0.02793322
  vertex -0.03997117 -0.07488145 0.02793322
 endloop
endfacet
facet normal -0.6060432 -2.26467e-07 -0.79543173
 outer loop
  vertex -0.019233037 -0.07161032 0.01213274
  vertex -0.019233037 -0.07488145 0.012132741
  vertex -0.03997117 -0.07488145 0.02793322
 endloop
endfacet
facet normal -0.6060433 4.52934e-07 -0.79543173
 outer loop
  vertex -0.019233037 -0.07161032 0.01213274
  vertex -0.03997117 -0.07488145 0.02793322
  vertex -0.03997117 -0.07161032 0.027933221
 endloop
endfacet
facet normal -0.6060435 0 -0.79543144
 outer loop
  vertex -0.01923297 0.083692156 0.0121327415
  vertex -0.01923297 0.08042103 0.0121327415
  vertex -0.039971102 0.08042103 0.027933236
 endloop
endfacet
facet normal -0.6060435 -0 -0.79543144
 outer loop
  vertex -0.01923297 0.083692156 0.0121327415
  vertex -0.039971102 0.08042103 0.027933236
  vertex -0.039971102 0.083692156 0.027933236
 endloop
endfacet
facet normal -0.6060439 0 -0.79543126
 outer loop
  vertex -0.01923297 0.07551432 0.0121327415
  vertex -0.01923297 0.070607595 0.0121327415
  vertex -0.03997108 0.070607595 0.027933232
 endloop
endfacet
facet normal -0.6060439 -0 -0.79543126
 outer loop
  vertex -0.01923297 0.07551432 0.0121327415
  vertex -0.03997108 0.070607595 0.027933232
  vertex -0.03997108 0.07551432 0.027933232
 endloop
endfacet
facet normal -0.6060428 -4.7306276e-06 -0.7954321
 outer loop
  vertex -0.039971143 -0.08633046 0.027933229
  vertex -0.03997117 -0.081423745 0.02793322
  vertex -0.019233037 -0.081423745 0.0121327555
 endloop
endfacet
facet normal -0.6060433 -1.3875556e-06 -0.7954317
 outer loop
  vertex -0.039971143 -0.08633046 0.027933229
  vertex -0.019233037 -0.081423745 0.0121327555
  vertex -0.019233022 -0.08633046 0.012132753
 endloop
endfacet
facet normal -0.6060435 0 -0.7954315
 outer loop
  vertex -0.01923297 0.0869633 0.0121327415
  vertex -0.01923297 0.083692156 0.0121327415
  vertex -0.039971102 0.083692156 0.027933236
 endloop
endfacet
facet normal -0.6060435 -0 -0.7954315
 outer loop
  vertex -0.01923297 0.0869633 0.0121327415
  vertex -0.039971102 0.083692156 0.027933236
  vertex -0.039971102 0.0869633 0.027933236
 endloop
endfacet
facet normal -0.60604316 -3.6234387e-06 -0.79543173
 outer loop
  vertex -0.03997117 -0.07815258 0.02793322
  vertex -0.019233037 -0.07815258 0.012132741
  vertex -0.019233037 -0.081423745 0.0121327555
 endloop
endfacet
facet normal -0.6060428 0 -0.79543203
 outer loop
  vertex -0.03997117 -0.07815258 0.02793322
  vertex -0.019233037 -0.081423745 0.0121327555
  vertex -0.03997117 -0.081423745 0.02793322
 endloop
endfacet
facet normal -0.58054245 -0.47044978 -0.6645656
 outer loop
  vertex -0.039971102 0.09023443 0.027933236
  vertex -0.017991576 0.0905187 0.008531418
  vertex -0.01923297 0.0869633 0.0121327415
 endloop
endfacet
facet normal -0.6060435 0 -0.79543144
 outer loop
  vertex -0.039971102 0.09023443 0.027933236
  vertex -0.01923297 0.0869633 0.0121327415
  vertex -0.039971102 0.0869633 0.027933236
 endloop
endfacet
facet normal 0 0 0
 outer loop
  vertex -0.01923297 0.07551432 0.0121327415
  vertex -0.01923297 0.08042103 0.0121327415
  vertex -0.01923297 0.083692156 0.0121327415
 endloop
endfacet
facet normal -0.94540876 -0 -0.32588688
 outer loop
  vertex -0.01923297 0.083692156 0.0121327415
  vertex -0.01923297 0.0869633 0.0121327415
  vertex -0.017991576 0.0905187 0.008531418
 endloop
endfacet
facet normal -0.9834331 0 0.18127123
 outer loop
  vertex -0.017991576 0.0905187 0.008531418
  vertex -0.018500105 0.08696332 0.005772549
  vertex -0.018500105 0.08369217 0.005772549
 endloop
endfacet
facet normal 0 0 0
 outer loop
  vertex -0.018500105 0.08369217 0.005772549
  vertex -0.018500105 0.08042104 0.005772549
  vertex -0.018500105 0.07714988 0.005772549
 endloop
endfacet
facet normal -0.9934268 0 -0.11446948
 outer loop
  vertex -0.018500105 0.07387874 0.005772549
  vertex -0.018500105 0.0706076 0.005772549
  vertex -0.01923297 0.070607595 0.0121327415
 endloop
endfacet
facet normal -0.9834332 0 0.18127124
 outer loop
  vertex -0.017991576 0.0905187 0.008531418
  vertex -0.018500105 0.08369217 0.005772549
  vertex -0.018500105 0.07714988 0.005772549
 endloop
endfacet
facet normal -0.9934268 0 -0.11446948
 outer loop
  vertex -0.018500105 0.07714988 0.005772549
  vertex -0.018500105 0.07387874 0.005772549
  vertex -0.01923297 0.070607595 0.0121327415
 endloop
endfacet
facet normal 0 0 0
 outer loop
  vertex -0.01923297 0.070607595 0.0121327415
  vertex -0.01923297 0.07551432 0.0121327415
  vertex -0.01923297 0.083692156 0.0121327415
 endloop
endfacet
facet normal -0.9784405 0.07678373 -0.19172457
 outer loop
  vertex -0.01923297 0.083692156 0.0121327415
  vertex -0.017991576 0.0905187 0.008531418
  vertex -0.018500105 0.07714988 0.005772549
 endloop
endfacet
facet normal -0.9934268 0 -0.11446948
 outer loop
  vertex -0.01923297 0.083692156 0.0121327415
  vertex -0.018500105 0.07714988 0.005772549
  vertex -0.01923297 0.070607595 0.0121327415
 endloop
endfacet
facet normal 0.8852291 -0.30371806 -0.35231328
 outer loop
  vertex -0.05217814 -0.023861684 -0.095464334
  vertex -0.05942581 -0.09165737 -0.05523046
  vertex -0.070110366 -0.080663055 -0.09155453
 endloop
endfacet
facet normal 0.4593111 -0.20450489 -0.86441374
 outer loop
  vertex -0.05217814 -0.023861684 -0.095464334
  vertex -0.070110366 -0.080663055 -0.09155453
  vertex -0.07067113 -0.035952285 -0.10243027
 endloop
endfacet
facet normal -0.18870384 -0.9539395 -0.23321737
 outer loop
  vertex -0.12265786 -0.077993706 -0.059955187
  vertex -0.08807912 -0.069709525 -0.12181914
  vertex -0.070110366 -0.080663055 -0.09155453
 endloop
endfacet
facet normal -0.18870746 -0.95393723 -0.23322359
 outer loop
  vertex -0.12265786 -0.077993706 -0.059955187
  vertex -0.070110366 -0.080663055 -0.09155453
  vertex -0.05942581 -0.09165737 -0.05523046
 endloop
endfacet
facet normal -0.63637054 -0.63324267 -0.44049543
 outer loop
  vertex -0.08807912 -0.069709525 -0.12181914
  vertex -0.12265786 -0.077993706 -0.059955187
  vertex -0.14216563 -0.041441366 -0.084319405
 endloop
endfacet
endsolid 
