solid 
facet normal -0.9566324 -0.16612977 0.239281
 outer loop
  vertex -0.12785107 9.482296e-09 0.10243537
  vertex -0.1367043 0.013625999 0.076501004
  vertex -0.13700207 9.882298e-09 0.06585018
 endloop
endfacet
facet normal -0.9566324 0.16612977 0.239281
 outer loop
  vertex -0.12785107 9.482296e-09 0.10243537
  vertex -0.13700207 9.882298e-09 0.06585018
  vertex -0.1367043 -0.013625979 0.076501004
 endloop
endfacet
facet normal -0.4314003 0.51225305 0.74262416
 outer loop
  vertex -0.121973164 0.024420384 0.14631173
  vertex -0.119993664 0.051685017 0.12865484
  vertex -0.13977525 0.061261885 0.110557444
 endloop
endfacet
facet normal -0.39063033 0.5369227 0.74774456
 outer loop
  vertex -0.121973164 0.024420384 0.14631173
  vertex -0.13977525 0.061261885 0.110557444
  vertex -0.14529714 0.018262384 0.1385488
 endloop
endfacet
facet normal -0.53261137 0.8462378 -0.014383899
 outer loop
  vertex -0.13600783 0.024699636 0.17329973
  vertex -0.14529714 0.018262384 0.1385488
  vertex -0.17421024 1.1508721e-08 0.13473429
 endloop
endfacet
facet normal -0.7604394 0.45925847 0.45914435
 outer loop
  vertex -0.13600783 0.024699636 0.17329973
  vertex -0.17421024 1.1508721e-08 0.13473429
  vertex -0.1425599 1.0125239e-08 0.18715389
 endloop
endfacet
facet normal -0.94085467 0.31686443 0.11995579
 outer loop
  vertex -0.11426865 0.087572016 0.17772958
  vertex -0.13600783 0.024699636 0.17329973
  vertex -0.1425599 1.0125239e-08 0.18715389
 endloop
endfacet
facet normal -0.831972 0.31772715 0.454832
 outer loop
  vertex -0.11426865 0.087572016 0.17772958
  vertex -0.1425599 1.0125239e-08 0.18715389
  vertex -0.09403442 0.1119785 0.19769236
 endloop
endfacet
facet normal -0.41459718 0.8917064 0.18157303
 outer loop
  vertex -0.09403442 0.1119785 0.19769236
  vertex -0.061085243 0.1431952 0.1196219
  vertex -0.108155094 0.11613835 0.14502071
 endloop
endfacet
facet normal -0.83734286 0.4796083 0.26236016
 outer loop
  vertex -0.09403442 0.1119785 0.19769236
  vertex -0.108155094 0.11613835 0.14502071
  vertex -0.11426865 0.087572016 0.17772958
 endloop
endfacet
facet normal -0.7233237 0.6870067 0.069459505
 outer loop
  vertex -0.061085243 0.1431952 0.1196219
  vertex -0.12684955 0.08275738 0.0325539
  vertex -0.13977525 0.061261885 0.110557444
 endloop
endfacet
facet normal -0.6156429 0.6418513 -0.45717695
 outer loop
  vertex -0.061085243 0.1431952 0.1196219
  vertex -0.13977525 0.061261885 0.110557444
  vertex -0.108155094 0.11613835 0.14502071
 endloop
endfacet
facet normal -0.85808706 0.31435782 0.40603662
 outer loop
  vertex -0.100983344 8.3078735e-09 0.26970196
  vertex -0.06628044 0.12183038 0.2487181
  vertex -0.09403442 0.1119785 0.19769236
 endloop
endfacet
facet normal -0.84436077 0.32587743 0.4252748
 outer loop
  vertex -0.100983344 8.3078735e-09 0.26970196
  vertex -0.09403442 0.1119785 0.19769236
  vertex -0.1425599 1.0125239e-08 0.18715389
 endloop
endfacet
facet normal 0.41497016 0.33066615 -0.84762
 outer loop
  vertex 0.1237732 -1.5165504e-09 0.015113599
  vertex 0.12530059 0.102680914 0.055918347
  vertex 0.22260633 0.11158235 0.10702897
 endloop
endfacet
facet normal 0.40494955 0.34036967 -0.848625
 outer loop
  vertex 0.1237732 -1.5165504e-09 0.015113599
  vertex 0.22260633 0.11158235 0.10702897
  vertex 0.26557726 -7.715002e-09 0.0827801
 endloop
endfacet
facet normal -0.63385206 0.3031126 0.7115857
 outer loop
  vertex 0.0057686227 0.09399595 0.32475308
  vertex -0.06628044 0.12183038 0.2487181
  vertex -0.100983344 8.3078735e-09 0.26970196
 endloop
endfacet
facet normal -0.6639353 0.3751888 0.64685655
 outer loop
  vertex 0.0057686227 0.09399595 0.32475308
  vertex -0.100983344 8.3078735e-09 0.26970196
  vertex -0.027120795 5.07924e-09 0.34551468
 endloop
endfacet
facet normal 0.91127807 0.40504795 -0.074218675
 outer loop
  vertex 0.22260633 0.11158235 0.10702897
  vertex 0.23068117 0.11235279 0.21037874
  vertex 0.27765408 -8.242895e-09 0.17396092
 endloop
endfacet
facet normal 0.91714305 0.37959504 -0.12147484
 outer loop
  vertex 0.22260633 0.11158235 0.10702897
  vertex 0.27765408 -8.242895e-09 0.17396092
  vertex 0.26557726 -7.715002e-09 0.0827801
 endloop
endfacet
facet normal 0.53546095 0.2728181 0.7992821
 outer loop
  vertex 0.14072871 -2.2576945e-09 0.36468357
  vertex 0.24062064 -6.624108e-09 0.29776323
  vertex 0.20017931 0.088492565 0.2946509
 endloop
endfacet
facet normal 0.4819495 0.3213275 0.81515235
 outer loop
  vertex 0.14072871 -2.2576945e-09 0.36468357
  vertex 0.20017931 0.088492565 0.2946509
  vertex 0.12559682 0.108729444 0.33076972
 endloop
endfacet
facet normal 0.91569823 0.29405218 0.27391616
 outer loop
  vertex 0.24062064 -6.624108e-09 0.29776323
  vertex 0.27765408 -8.242895e-09 0.17396092
  vertex 0.23068117 0.11235279 0.21037874
 endloop
endfacet
facet normal 0.82439303 0.39113894 0.40912887
 outer loop
  vertex 0.24062064 -6.624108e-09 0.29776323
  vertex 0.23068117 0.11235279 0.21037874
  vertex 0.20017931 0.088492565 0.2946509
 endloop
endfacet
facet normal 0.4100096 0.82786417 0.38279635
 outer loop
  vertex 0.12559682 0.108729444 0.33076972
  vertex 0.20017931 0.088492565 0.2946509
  vertex 0.23068117 0.11235279 0.21037874
 endloop
endfacet
facet normal 0.35362723 0.87335855 0.3349517
 outer loop
  vertex 0.12559682 0.108729444 0.33076972
  vertex 0.23068117 0.11235279 0.21037874
  vertex 0.08736768 0.15958233 0.2385357
 endloop
endfacet
facet normal -0.13747655 0.8593041 -0.4926426
 outer loop
  vertex -0.12684955 0.08275738 0.0325539
  vertex -0.061085243 0.1431952 0.1196219
  vertex 0.07642363 0.15739338 0.1060143
 endloop
endfacet
facet normal -0.20492303 0.91081923 -0.35835013
 outer loop
  vertex -0.12684955 0.08275738 0.0325539
  vertex 0.07642363 0.15739338 0.1060143
  vertex 0.083490655 0.14046463 0.058945175
 endloop
endfacet
facet normal -0.24188362 0.9685016 -0.05913554
 outer loop
  vertex -0.030826094 0.12366197 0.13369544
  vertex -0.06628044 0.12183038 0.2487181
  vertex 0.08736768 0.15958233 0.2385357
 endloop
endfacet
facet normal -0.29793566 0.9545451 0.008837602
 outer loop
  vertex -0.030826094 0.12366197 0.13369544
  vertex 0.08736768 0.15958233 0.2385357
  vertex 0.07642363 0.15739338 0.1060143
 endloop
endfacet
facet normal -0.16734485 0.9528639 -0.25307325
 outer loop
  vertex -0.1229528 0.027879609 0.15998408
  vertex -0.121973164 0.024420384 0.14631173
  vertex -0.14529714 0.018262384 0.1385488
 endloop
endfacet
facet normal -0.320505 0.94305485 -0.08901665
 outer loop
  vertex -0.1229528 0.027879609 0.15998408
  vertex -0.14529714 0.018262384 0.1385488
  vertex -0.13600783 0.024699636 0.17329973
 endloop
endfacet
facet normal -0.26265675 -0.8881924 -0.3769955
 outer loop
  vertex -0.1367043 0.013625999 0.076501004
  vertex -0.12785107 9.482296e-09 0.10243537
  vertex -0.17421024 1.1508721e-08 0.13473429
 endloop
endfacet
facet normal -0.5056682 -0.7089797 -0.49157643
 outer loop
  vertex -0.1367043 0.013625999 0.076501004
  vertex -0.17421024 1.1508721e-08 0.13473429
  vertex -0.16350429 0.035580304 0.0724055
 endloop
endfacet
facet normal -0.5263139 -0.51647544 0.67546046
 outer loop
  vertex -0.13700207 9.882298e-09 0.06585018
  vertex -0.1367043 0.013625999 0.076501004
  vertex -0.16350429 0.035580304 0.0724055
 endloop
endfacet
facet normal -0.20381784 -0.32214332 0.9244901
 outer loop
  vertex -0.13700207 9.882298e-09 0.06585018
  vertex -0.16350429 0.035580304 0.0724055
  vertex -0.17606567 1.1589822e-08 0.05723802
 endloop
endfacet
facet normal -0.34035152 -0.17220603 0.9243949
 outer loop
  vertex -0.119993664 0.051685017 0.12865484
  vertex -0.09574493 0.076894544 0.14227924
  vertex -0.108155094 0.11613835 0.14502071
 endloop
endfacet
facet normal -0.68878466 -0.056998555 0.7227218
 outer loop
  vertex -0.119993664 0.051685017 0.12865484
  vertex -0.108155094 0.11613835 0.14502071
  vertex -0.13977525 0.061261885 0.110557444
 endloop
endfacet
facet normal -0.89383554 -0.09774827 -0.43761098
 outer loop
  vertex -0.09574493 0.076894544 0.14227924
  vertex -0.10368701 0.06203329 0.16182074
  vertex -0.11426865 0.087572016 0.17772958
 endloop
endfacet
facet normal -0.8866072 -0.25334126 -0.3869701
 outer loop
  vertex -0.09574493 0.076894544 0.14227924
  vertex -0.11426865 0.087572016 0.17772958
  vertex -0.108155094 0.11613835 0.14502071
 endloop
endfacet
facet normal -0.69536996 0.42347598 -0.58062786
 outer loop
  vertex -0.10368701 0.06203329 0.16182074
  vertex -0.1229528 0.027879609 0.15998408
  vertex -0.13600783 0.024699636 0.17329973
 endloop
endfacet
facet normal -0.5689837 0.25189143 -0.78282076
 outer loop
  vertex -0.10368701 0.06203329 0.16182074
  vertex -0.13600783 0.024699636 0.17329973
  vertex -0.11426865 0.087572016 0.17772958
 endloop
endfacet
facet normal -0.51940453 0.8461828 0.119136974
 outer loop
  vertex -0.061085243 0.1431952 0.1196219
  vertex -0.09403442 0.1119785 0.19769236
  vertex -0.06628044 0.12183038 0.2487181
 endloop
endfacet
facet normal 0.48091444 0.86167926 0.16195723
 outer loop
  vertex -0.061085243 0.1431952 0.1196219
  vertex -0.06628044 0.12183038 0.2487181
  vertex -0.030826094 0.12366197 0.13369544
 endloop
endfacet
facet normal 0.016912965 0.60159904 0.7986192
 outer loop
  vertex 0.07642363 0.15739338 0.1060143
  vertex -0.061085243 0.1431952 0.1196219
  vertex -0.030826094 0.12366197 0.13369544
 endloop
endfacet
facet normal 0.37394714 0.47748885 -0.79508996
 outer loop
  vertex 0.22260633 0.11158235 0.10702897
  vertex 0.12530059 0.102680914 0.055918347
  vertex 0.083490655 0.14046463 0.058945175
 endloop
endfacet
facet normal 0.2884059 0.91397965 -0.28541768
 outer loop
  vertex 0.22260633 0.11158235 0.10702897
  vertex 0.083490655 0.14046463 0.058945175
  vertex 0.07642363 0.15739338 0.1060143
 endloop
endfacet
facet normal 0.25462687 0.35385597 -0.8999729
 outer loop
  vertex 0.083490655 0.14046463 0.058945175
  vertex 0.12530059 0.102680914 0.055918347
  vertex 0.1237732 -1.5165504e-09 0.015113599
 endloop
endfacet
facet normal -0.08662343 0.27403966 -0.9578093
 outer loop
  vertex 0.083490655 0.14046463 0.058945175
  vertex 0.1237732 -1.5165504e-09 0.015113599
  vertex 0.007019479 6.027148e-09 0.025672704
 endloop
endfacet
facet normal -0.12992464 0.8445431 0.5194869
 outer loop
  vertex 0.0057686227 0.09399595 0.32475308
  vertex 0.12559682 0.108729444 0.33076972
  vertex 0.08736768 0.15958233 0.2385357
 endloop
endfacet
facet normal -0.17860393 0.85719097 0.4830365
 outer loop
  vertex 0.0057686227 0.09399595 0.32475308
  vertex 0.08736768 0.15958233 0.2385357
  vertex -0.06628044 0.12183038 0.2487181
 endloop
endfacet
facet normal -0.108855024 0.28215528 0.9531731
 outer loop
  vertex -0.027120795 5.07924e-09 0.34551468
  vertex 0.14072871 -2.2576945e-09 0.36468357
  vertex 0.12559682 0.108729444 0.33076972
 endloop
endfacet
facet normal -0.07820804 0.24103355 0.96736044
 outer loop
  vertex -0.027120795 5.07924e-09 0.34551468
  vertex 0.12559682 0.108729444 0.33076972
  vertex 0.0057686227 0.09399595 0.32475308
 endloop
endfacet
facet normal 0.29909533 0.95373625 -0.030478414
 outer loop
  vertex 0.23068117 0.11235279 0.21037874
  vertex 0.22260633 0.11158235 0.10702897
  vertex 0.07642363 0.15739338 0.1060143
 endloop
endfacet
facet normal 0.30546835 0.95132166 -0.040940236
 outer loop
  vertex 0.23068117 0.11235279 0.21037874
  vertex 0.07642363 0.15739338 0.1060143
  vertex 0.08736768 0.15958233 0.2385357
 endloop
endfacet
facet normal -0.4313297 0.5304529 0.729777
 outer loop
  vertex -0.17421024 1.1508721e-08 0.13473429
  vertex -0.14529714 0.018262384 0.1385488
  vertex -0.13977525 0.061261885 0.110557444
 endloop
endfacet
facet normal -0.83213484 0.5309441 0.16015641
 outer loop
  vertex -0.17421024 1.1508721e-08 0.13473429
  vertex -0.13977525 0.061261885 0.110557444
  vertex -0.16350429 0.035580304 0.0724055
 endloop
endfacet
facet normal 0.08666746 0.60299045 -0.7930266
 outer loop
  vertex -0.13459921 0.060137715 0.014507737
  vertex -0.12684955 0.08275738 0.0325539
  vertex -0.10284897 0.054899994 0.01399504
 endloop
endfacet
facet normal -0.76848143 0.6380328 0.048480783
 outer loop
  vertex -0.12684955 0.08275738 0.0325539
  vertex -0.16350429 0.035580304 0.0724055
  vertex -0.13977525 0.061261885 0.110557444
 endloop
endfacet
facet normal -0.7092598 -0.693896 0.124333486
 outer loop
  vertex -0.10284897 0.054899994 0.01399504
  vertex -0.12684955 0.08275738 0.0325539
  vertex -0.12565406 0.08092928 0.029171053
 endloop
endfacet
facet normal -0.16646591 0.84168047 -0.513676
 outer loop
  vertex -0.12684955 0.08275738 0.0325539
  vertex 0.083490655 0.14046463 0.058945175
  vertex -0.12565406 0.08092928 0.029171053
 endloop
endfacet
facet normal -0.39063075 -0.5369225 0.7477445
 outer loop
  vertex -0.121973164 -0.024420375 0.14631173
  vertex -0.14529712 -0.018262368 0.1385488
  vertex -0.13977525 -0.061261874 0.110557444
 endloop
endfacet
facet normal -0.43140048 -0.5122529 0.74262404
 outer loop
  vertex -0.121973164 -0.024420375 0.14631173
  vertex -0.13977525 -0.061261874 0.110557444
  vertex -0.119993664 -0.051685013 0.12865484
 endloop
endfacet
facet normal -0.7604396 -0.4592582 0.45914438
 outer loop
  vertex -0.13600785 -0.02469961 0.17329973
  vertex -0.1425599 1.0125239e-08 0.18715389
  vertex -0.17421024 1.1508721e-08 0.13473429
 endloop
endfacet
facet normal -0.5326112 -0.8462379 -0.014384144
 outer loop
  vertex -0.13600785 -0.02469961 0.17329973
  vertex -0.17421024 1.1508721e-08 0.13473429
  vertex -0.14529712 -0.018262368 0.1385488
 endloop
endfacet
facet normal -0.83197224 -0.31772736 0.45483118
 outer loop
  vertex -0.11426864 -0.087571986 0.17772958
  vertex -0.09403441 -0.1119785 0.19769236
  vertex -0.1425599 1.0125239e-08 0.18715389
 endloop
endfacet
facet normal -0.9408543 -0.31686467 0.1199573
 outer loop
  vertex -0.11426864 -0.087571986 0.17772958
  vertex -0.1425599 1.0125239e-08 0.18715389
  vertex -0.13600785 -0.02469961 0.17329973
 endloop
endfacet
facet normal -0.8373432 -0.47960788 0.26235992
 outer loop
  vertex -0.09403441 -0.1119785 0.19769236
  vertex -0.11426864 -0.087571986 0.17772958
  vertex -0.108155094 -0.1161383 0.14502071
 endloop
endfacet
facet normal -0.41459784 -0.8917062 0.18157251
 outer loop
  vertex -0.09403441 -0.1119785 0.19769236
  vertex -0.108155094 -0.1161383 0.14502071
  vertex -0.06108526 -0.14319517 0.1196219
 endloop
endfacet
facet normal -0.61564314 -0.6418515 -0.45717627
 outer loop
  vertex -0.06108526 -0.14319517 0.1196219
  vertex -0.108155094 -0.1161383 0.14502071
  vertex -0.13977525 -0.061261874 0.110557444
 endloop
endfacet
facet normal -0.7233237 -0.6870067 0.069459416
 outer loop
  vertex -0.06108526 -0.14319517 0.1196219
  vertex -0.13977525 -0.061261874 0.110557444
  vertex -0.12684956 -0.08275735 0.0325539
 endloop
endfacet
facet normal -0.84436077 -0.3258775 0.4252748
 outer loop
  vertex -0.100983344 8.3078735e-09 0.26970196
  vertex -0.1425599 1.0125239e-08 0.18715389
  vertex -0.09403441 -0.1119785 0.19769236
 endloop
endfacet
facet normal -0.8580871 -0.31435776 0.4060365
 outer loop
  vertex -0.100983344 8.3078735e-09 0.26970196
  vertex -0.09403441 -0.1119785 0.19769236
  vertex -0.06628043 -0.121830404 0.2487181
 endloop
endfacet
facet normal 0.40494952 -0.34036967 -0.84862494
 outer loop
  vertex 0.1237732 -1.5165504e-09 0.015113599
  vertex 0.26557726 -7.715002e-09 0.0827801
  vertex 0.22260633 -0.11158236 0.10702897
 endloop
endfacet
facet normal 0.41497004 -0.3306662 -0.84762
 outer loop
  vertex 0.1237732 -1.5165504e-09 0.015113599
  vertex 0.22260633 -0.11158236 0.10702897
  vertex 0.12530057 -0.10268091 0.055918347
 endloop
endfacet
facet normal -0.6639353 -0.37518874 0.64685655
 outer loop
  vertex 0.005768617 -0.09399595 0.32475308
  vertex -0.027120795 5.07924e-09 0.34551468
  vertex -0.100983344 8.3078735e-09 0.26970196
 endloop
endfacet
facet normal -0.63385206 -0.30311257 0.71158576
 outer loop
  vertex 0.005768617 -0.09399595 0.32475308
  vertex -0.100983344 8.3078735e-09 0.26970196
  vertex -0.06628043 -0.121830404 0.2487181
 endloop
endfacet
facet normal 0.9171431 -0.3795951 -0.12147485
 outer loop
  vertex 0.22260633 -0.11158236 0.10702897
  vertex 0.26557726 -7.715002e-09 0.0827801
  vertex 0.27765408 -8.242895e-09 0.17396092
 endloop
endfacet
facet normal 0.91127807 -0.40504795 -0.07421873
 outer loop
  vertex 0.22260633 -0.11158236 0.10702897
  vertex 0.27765408 -8.242895e-09 0.17396092
  vertex 0.23068117 -0.1123528 0.21037874
 endloop
endfacet
facet normal 0.48194957 -0.3213274 0.8151523
 outer loop
  vertex 0.14072871 -2.2576945e-09 0.36468357
  vertex 0.12559682 -0.10872948 0.33076972
  vertex 0.20017931 -0.08849259 0.2946509
 endloop
endfacet
facet normal 0.535461 -0.27281806 0.7992821
 outer loop
  vertex 0.14072871 -2.2576945e-09 0.36468357
  vertex 0.20017931 -0.08849259 0.2946509
  vertex 0.24062064 -6.624108e-09 0.29776323
 endloop
endfacet
facet normal 0.8243931 -0.39113894 0.40912884
 outer loop
  vertex 0.24062064 -6.624108e-09 0.29776323
  vertex 0.20017931 -0.08849259 0.2946509
  vertex 0.23068117 -0.1123528 0.21037874
 endloop
endfacet
facet normal 0.91569823 -0.29405224 0.27391618
 outer loop
  vertex 0.24062064 -6.624108e-09 0.29776323
  vertex 0.23068117 -0.1123528 0.21037874
  vertex 0.27765408 -8.242895e-09 0.17396092
 endloop
endfacet
facet normal 0.35362694 -0.8733589 0.33495128
 outer loop
  vertex 0.12559682 -0.10872948 0.33076972
  vertex 0.08736767 -0.1595823 0.2385357
  vertex 0.23068117 -0.1123528 0.21037874
 endloop
endfacet
facet normal 0.4100097 -0.82786417 0.38279632
 outer loop
  vertex 0.12559682 -0.10872948 0.33076972
  vertex 0.23068117 -0.1123528 0.21037874
  vertex 0.20017931 -0.08849259 0.2946509
 endloop
endfacet
facet normal -0.20492323 -0.91081923 -0.35835022
 outer loop
  vertex -0.12684956 -0.08275735 0.0325539
  vertex 0.08349065 -0.14046463 0.058945175
  vertex 0.076423615 -0.15739338 0.1060143
 endloop
endfacet
facet normal -0.13747673 -0.859304 -0.49264255
 outer loop
  vertex -0.12684956 -0.08275735 0.0325539
  vertex 0.076423615 -0.15739338 0.1060143
  vertex -0.06108526 -0.14319517 0.1196219
 endloop
endfacet
facet normal -0.29793558 -0.9545451 0.008837813
 outer loop
  vertex -0.030826103 -0.12366197 0.13369544
  vertex 0.076423615 -0.15739338 0.1060143
  vertex 0.08736767 -0.1595823 0.2385357
 endloop
endfacet
facet normal -0.24188334 -0.9685016 -0.0591356
 outer loop
  vertex -0.030826103 -0.12366197 0.13369544
  vertex 0.08736767 -0.1595823 0.2385357
  vertex -0.06628043 -0.121830404 0.2487181
 endloop
endfacet
facet normal -0.32050535 -0.94305485 -0.08901657
 outer loop
  vertex -0.12295278 -0.0278796 0.15998408
  vertex -0.13600785 -0.02469961 0.17329973
  vertex -0.14529712 -0.018262368 0.1385488
 endloop
endfacet
facet normal -0.16734532 -0.9528639 -0.2530731
 outer loop
  vertex -0.12295278 -0.0278796 0.15998408
  vertex -0.14529712 -0.018262368 0.1385488
  vertex -0.121973164 -0.024420375 0.14631173
 endloop
endfacet
facet normal -0.50566816 0.7089798 -0.49157652
 outer loop
  vertex -0.1367043 -0.013625979 0.076501004
  vertex -0.16350429 -0.03558028 0.0724055
  vertex -0.17421024 1.1508721e-08 0.13473429
 endloop
endfacet
facet normal -0.2626567 0.8881924 -0.37699553
 outer loop
  vertex -0.1367043 -0.013625979 0.076501004
  vertex -0.17421024 1.1508721e-08 0.13473429
  vertex -0.12785107 9.482296e-09 0.10243537
 endloop
endfacet
facet normal -0.20381784 0.32214332 0.9244901
 outer loop
  vertex -0.13700207 9.882298e-09 0.06585018
  vertex -0.17606567 1.1589822e-08 0.05723802
  vertex -0.16350429 -0.03558028 0.0724055
 endloop
endfacet
facet normal -0.52631384 0.5164754 0.6754606
 outer loop
  vertex -0.13700207 9.882298e-09 0.06585018
  vertex -0.16350429 -0.03558028 0.0724055
  vertex -0.1367043 -0.013625979 0.076501004
 endloop
endfacet
facet normal -0.6887846 0.056998625 0.7227219
 outer loop
  vertex -0.119993664 -0.051685013 0.12865484
  vertex -0.13977525 -0.061261874 0.110557444
  vertex -0.108155094 -0.1161383 0.14502071
 endloop
endfacet
facet normal -0.3403518 0.17220606 0.9243948
 outer loop
  vertex -0.119993664 -0.051685013 0.12865484
  vertex -0.108155094 -0.1161383 0.14502071
  vertex -0.095744945 -0.076894514 0.14227924
 endloop
endfacet
facet normal -0.88660747 0.2533411 -0.3869695
 outer loop
  vertex -0.095744945 -0.076894514 0.14227924
  vertex -0.108155094 -0.1161383 0.14502071
  vertex -0.11426864 -0.087571986 0.17772958
 endloop
endfacet
facet normal -0.89383584 0.09774906 -0.43761015
 outer loop
  vertex -0.095744945 -0.076894514 0.14227924
  vertex -0.11426864 -0.087571986 0.17772958
  vertex -0.103686996 -0.0620333 0.16182074
 endloop
endfacet
facet normal -0.56898373 -0.2518917 -0.7828206
 outer loop
  vertex -0.103686996 -0.0620333 0.16182074
  vertex -0.11426864 -0.087571986 0.17772958
  vertex -0.13600785 -0.02469961 0.17329973
 endloop
endfacet
facet normal -0.69536954 -0.4234755 -0.58062863
 outer loop
  vertex -0.103686996 -0.0620333 0.16182074
  vertex -0.13600785 -0.02469961 0.17329973
  vertex -0.12295278 -0.0278796 0.15998408
 endloop
endfacet
facet normal 0.48091394 -0.8616796 0.16195683
 outer loop
  vertex -0.06108526 -0.14319517 0.1196219
  vertex -0.030826103 -0.12366197 0.13369544
  vertex -0.06628043 -0.121830404 0.2487181
 endloop
endfacet
facet normal -0.51940477 -0.84618264 0.11913672
 outer loop
  vertex -0.06108526 -0.14319517 0.1196219
  vertex -0.06628043 -0.121830404 0.2487181
  vertex -0.09403441 -0.1119785 0.19769236
 endloop
endfacet
facet normal 0.01691277 -0.60159945 0.7986189
 outer loop
  vertex 0.076423615 -0.15739338 0.1060143
  vertex -0.030826103 -0.12366197 0.13369544
  vertex -0.06108526 -0.14319517 0.1196219
 endloop
endfacet
facet normal 0.28840584 -0.91397965 -0.28541765
 outer loop
  vertex 0.22260633 -0.11158236 0.10702897
  vertex 0.076423615 -0.15739338 0.1060143
  vertex 0.08349065 -0.14046463 0.058945175
 endloop
endfacet
facet normal 0.37394708 -0.47748867 -0.7950901
 outer loop
  vertex 0.22260633 -0.11158236 0.10702897
  vertex 0.08349065 -0.14046463 0.058945175
  vertex 0.12530057 -0.10268091 0.055918347
 endloop
endfacet
facet normal -0.08662346 -0.27403966 -0.9578093
 outer loop
  vertex 0.08349065 -0.14046463 0.058945175
  vertex 0.007019479 6.027148e-09 0.025672704
  vertex 0.1237732 -1.5165504e-09 0.015113599
 endloop
endfacet
facet normal 0.25462705 -0.35385597 -0.8999728
 outer loop
  vertex 0.08349065 -0.14046463 0.058945175
  vertex 0.1237732 -1.5165504e-09 0.015113599
  vertex 0.12530057 -0.10268091 0.055918347
 endloop
endfacet
facet normal -0.17860368 -0.857191 0.48303652
 outer loop
  vertex 0.005768617 -0.09399595 0.32475308
  vertex -0.06628043 -0.121830404 0.2487181
  vertex 0.08736767 -0.1595823 0.2385357
 endloop
endfacet
facet normal -0.12992492 -0.8445433 0.5194865
 outer loop
  vertex 0.005768617 -0.09399595 0.32475308
  vertex 0.08736767 -0.1595823 0.2385357
  vertex 0.12559682 -0.10872948 0.33076972
 endloop
endfacet
facet normal -0.07820811 -0.24103358 0.96736056
 outer loop
  vertex -0.027120795 5.07924e-09 0.34551468
  vertex 0.005768617 -0.09399595 0.32475308
  vertex 0.12559682 -0.10872948 0.33076972
 endloop
endfacet
facet normal -0.108855054 -0.28215522 0.9531731
 outer loop
  vertex -0.027120795 5.07924e-09 0.34551468
  vertex 0.12559682 -0.10872948 0.33076972
  vertex 0.14072871 -2.2576945e-09 0.36468357
 endloop
endfacet
facet normal 0.30546814 -0.95132184 -0.040940017
 outer loop
  vertex 0.23068117 -0.1123528 0.21037874
  vertex 0.08736767 -0.1595823 0.2385357
  vertex 0.076423615 -0.15739338 0.1060143
 endloop
endfacet
facet normal 0.29909527 -0.95373636 -0.030478494
 outer loop
  vertex 0.23068117 -0.1123528 0.21037874
  vertex 0.076423615 -0.15739338 0.1060143
  vertex 0.22260633 -0.11158236 0.10702897
 endloop
endfacet
facet normal -0.58029383 -0.8127221 0.05236223
 outer loop
  vertex -0.15735887 -0.043381896 0.019420814
  vertex -0.13459922 -0.05994911 0.014507744
  vertex -0.16350429 -0.03558028 0.0724055
 endloop
endfacet
facet normal -0.96920484 -0.07766787 0.23368704
 outer loop
  vertex -0.16825977 -0.017790133 0.03723668
  vertex -0.17302343 6.916959e-05 0.023415327
  vertex -0.1717839 -0.015791187 0.023284923
 endloop
endfacet
facet normal -0.9319103 -0.35844693 -0.05530869
 outer loop
  vertex -0.15735887 -0.043381896 0.019420814
  vertex -0.16350429 -0.03558028 0.0724055
  vertex -0.16825977 -0.017790133 0.03723668
 endloop
endfacet
facet normal -0.8671786 -0.4745353 0.15105447
 outer loop
  vertex -0.1717839 -0.015791187 0.023284923
  vertex -0.15735887 -0.043381896 0.019420814
  vertex -0.16825977 -0.017790133 0.03723668
 endloop
endfacet
facet normal -0.8321349 -0.53094393 0.16015632
 outer loop
  vertex -0.17421024 1.1508721e-08 0.13473429
  vertex -0.16350429 -0.03558028 0.0724055
  vertex -0.13977525 -0.061261874 0.110557444
 endloop
endfacet
facet normal -0.43132955 -0.5304528 0.7297772
 outer loop
  vertex -0.17421024 1.1508721e-08 0.13473429
  vertex -0.13977525 -0.061261874 0.110557444
  vertex -0.14529712 -0.018262368 0.1385488
 endloop
endfacet
facet normal -0.76848155 -0.63803273 0.048480704
 outer loop
  vertex -0.12684956 -0.08275735 0.0325539
  vertex -0.13977525 -0.061261874 0.110557444
  vertex -0.16350429 -0.03558028 0.0724055
 endloop
endfacet
facet normal -0.85272306 -0.47003588 -0.22788084
 outer loop
  vertex -0.13459922 -0.05994911 0.014507744
  vertex -0.12684956 -0.08275735 0.0325539
  vertex -0.16350429 -0.03558028 0.0724055
 endloop
endfacet
facet normal -0.852375 0.47185844 -0.22540322
 outer loop
  vertex -0.16350429 0.035580304 0.0724055
  vertex -0.12684955 0.08275738 0.0325539
  vertex -0.13459921 0.060137715 0.014507737
 endloop
endfacet
facet normal -0.16646722 -0.84168255 -0.5136723
 outer loop
  vertex -0.12684956 -0.08275735 0.0325539
  vertex -0.12565407 -0.080929264 0.029171053
  vertex 0.08349065 -0.14046463 0.058945175
 endloop
endfacet
facet normal 0.08680955 -0.18463156 -0.9789665
 outer loop
  vertex 0.08349065 -0.14046463 0.058945175
  vertex -0.12565407 -0.080929264 0.029171053
  vertex 0.007019479 6.027148e-09 0.025672704
 endloop
endfacet
facet normal 0.086809576 0.18463157 -0.9789664
 outer loop
  vertex 0.007019479 6.027148e-09 0.025672704
  vertex -0.12565406 0.08092928 0.029171053
  vertex 0.083490655 0.14046463 0.058945175
 endloop
endfacet
facet normal -0.71319133 0.690435 0.12106911
 outer loop
  vertex -0.12565407 -0.080929264 0.029171053
  vertex -0.12684956 -0.08275735 0.0325539
  vertex -0.102849 -0.054711405 0.013995046
 endloop
endfacet
facet normal 0.08613883 -0.6000139 -0.79533863
 outer loop
  vertex -0.12684956 -0.08275735 0.0325539
  vertex -0.13459922 -0.05994911 0.014507744
  vertex -0.102849 -0.054711405 0.013995046
 endloop
endfacet
facet normal -0.8356906 0.44271863 0.32499444
 outer loop
  vertex -0.15735886 0.046683226 0.01942081
  vertex -0.16307598 0.052508578 -0.00321571
  vertex -0.1648518 0.031153588 0.021308461
 endloop
endfacet
facet normal -0.9360543 0.08720868 0.3408771
 outer loop
  vertex -0.17183581 0.014067579 0.02309526
  vertex -0.17993927 0.012293343 0.001296934
  vertex -0.17302343 6.916959e-05 0.023415327
 endloop
endfacet
facet normal -0.8209984 -0.47785196 0.31244045
 outer loop
  vertex -0.1717839 -0.015791187 0.023284923
  vertex -0.1789644 -0.018141843 0.0008215883
  vertex -0.16239516 -0.04933122 -0.0033410788
 endloop
endfacet
facet normal -0.24356554 -0.021645995 -0.9696429
 outer loop
  vertex -0.17993927 0.012293343 0.001296934
  vertex -0.16691974 0.00982851 -0.0019184309
  vertex -0.16810246 0.00018191698 -0.0014059949
 endloop
endfacet
facet normal -0.21005769 -0.009097844 -0.9776467
 outer loop
  vertex -0.16307598 0.052508578 -0.00321571
  vertex -0.15519422 0.040581014 -0.004798193
  vertex -0.16325237 0.025153706 -0.0029232511
 endloop
endfacet
facet normal -0.8712619 -0.4904549 0.018890548
 outer loop
  vertex -0.095744945 -0.076894514 0.14227924
  vertex -0.103686996 -0.0620333 0.16182074
  vertex -0.12295278 -0.0278796 0.15998408
 endloop
endfacet
facet normal -0.9967711 -0.022440631 -0.07709583
 outer loop
  vertex -0.12295278 -0.0278796 0.15998408
  vertex -0.121973164 -0.024420375 0.14631173
  vertex -0.119993664 -0.051685013 0.12865484
 endloop
endfacet
facet normal -0.76268005 -0.54764915 0.34409237
 outer loop
  vertex -0.12295278 -0.0278796 0.15998408
  vertex -0.119993664 -0.051685013 0.12865484
  vertex -0.095744945 -0.076894514 0.14227924
 endloop
endfacet
facet normal -0.9438584 0.3194283 -0.0842437
 outer loop
  vertex -0.16825977 0.017790157 0.037236676
  vertex -0.17302343 6.916959e-05 0.023415327
  vertex -0.17606567 1.1589822e-08 0.05723802
 endloop
endfacet
facet normal -0.9345817 0.3519758 -0.051674012
 outer loop
  vertex -0.16825977 0.017790157 0.037236676
  vertex -0.17606567 1.1589822e-08 0.05723802
  vertex -0.16350429 0.035580304 0.0724055
 endloop
endfacet
facet normal -0.97099704 0.087467 0.22251813
 outer loop
  vertex -0.17183581 0.014067579 0.02309526
  vertex -0.17302343 6.916959e-05 0.023415327
  vertex -0.16825977 0.017790157 0.037236676
 endloop
endfacet
facet normal -0.8139315 0.55527747 -0.1708283
 outer loop
  vertex -0.16825977 0.017790157 0.037236676
  vertex -0.16350429 0.035580304 0.0724055
  vertex -0.13459921 0.060137715 0.014507737
 endloop
endfacet
facet normal -0.15563805 0.5603403 0.81350815
 outer loop
  vertex -0.16825977 0.017790157 0.037236676
  vertex -0.13459921 0.060137715 0.014507737
  vertex -0.15735886 0.046683226 0.01942081
 endloop
endfacet
facet normal -0.913108 0.38673922 0.12909909
 outer loop
  vertex -0.1648518 0.031153588 0.021308461
  vertex -0.17183581 0.014067579 0.02309526
  vertex -0.16825977 0.017790157 0.037236676
 endloop
endfacet
facet normal -0.87586063 0.4452217 0.186134
 outer loop
  vertex -0.15735886 0.046683226 0.01942081
  vertex -0.1648518 0.031153588 0.021308461
  vertex -0.16825977 0.017790157 0.037236676
 endloop
endfacet
facet normal -0.94419485 -0.31807637 -0.08557748
 outer loop
  vertex -0.17606567 1.1589822e-08 0.05723802
  vertex -0.17302343 6.916959e-05 0.023415327
  vertex -0.16825977 -0.017790133 0.03723668
 endloop
endfacet
facet normal -0.9345817 -0.3519758 -0.05167404
 outer loop
  vertex -0.17606567 1.1589822e-08 0.05723802
  vertex -0.16825977 -0.017790133 0.03723668
  vertex -0.16350429 -0.03558028 0.0724055
 endloop
endfacet
facet normal -0.8516418 0.4903568 -0.18508519
 outer loop
  vertex -0.121973164 0.024420384 0.14631173
  vertex -0.1229528 0.027879609 0.15998408
  vertex -0.10368701 0.06203329 0.16182074
 endloop
endfacet
facet normal -0.7550079 0.6322214 0.17395137
 outer loop
  vertex -0.10368701 0.06203329 0.16182074
  vertex -0.09574493 0.076894544 0.14227924
  vertex -0.119993664 0.051685017 0.12865484
 endloop
endfacet
facet normal -0.891562 0.29001197 0.34786543
 outer loop
  vertex -0.10368701 0.06203329 0.16182074
  vertex -0.119993664 0.051685017 0.12865484
  vertex -0.121973164 0.024420384 0.14631173
 endloop
endfacet
facet normal -0.8738216 0.3878494 0.2932722
 outer loop
  vertex -0.17993927 0.012293343 0.001296934
  vertex -0.17183581 0.014067579 0.02309526
  vertex -0.1648518 0.031153588 0.021308461
 endloop
endfacet
facet normal -0.8727243 0.39772713 0.28313538
 outer loop
  vertex -0.17993927 0.012293343 0.001296934
  vertex -0.1648518 0.031153588 0.021308461
  vertex -0.16307598 0.052508578 -0.00321571
 endloop
endfacet
facet normal -0.42824364 0.8431454 0.32513577
 outer loop
  vertex -0.16307598 0.052508578 -0.00321571
  vertex -0.15735886 0.046683226 0.01942081
  vertex -0.13459921 0.060137715 0.014507737
 endloop
endfacet
facet normal -0.36072743 0.9138955 0.18620078
 outer loop
  vertex -0.16307598 0.052508578 -0.00321571
  vertex -0.13459921 0.060137715 0.014507737
  vertex -0.13673967 0.06406535 -0.008916294
 endloop
endfacet
facet normal 0.16329472 0.9753195 0.14861552
 outer loop
  vertex -0.13673967 0.06406535 -0.008916294
  vertex -0.13459921 0.060137715 0.014507737
  vertex -0.10284897 0.054899994 0.01399504
 endloop
endfacet
facet normal 0.061663885 0.9548115 0.29074502
 outer loop
  vertex -0.13673967 0.06406535 -0.008916294
  vertex -0.10284897 0.054899994 0.01399504
  vertex -0.10352752 0.062203713 -0.009846577
 endloop
endfacet
facet normal -0.8252142 -0.47437623 0.30657554
 outer loop
  vertex -0.15735887 -0.043381896 0.019420814
  vertex -0.1717839 -0.015791187 0.023284923
  vertex -0.16239516 -0.04933122 -0.0033410788
 endloop
endfacet
facet normal -0.4545668 -0.87015545 0.19025889
 outer loop
  vertex -0.16239516 -0.04933122 -0.0033410788
  vertex -0.1367397 -0.06395258 -0.008916289
  vertex -0.13459922 -0.05994911 0.014507744
 endloop
endfacet
facet normal -0.5109498 -0.79725254 0.32143235
 outer loop
  vertex -0.16239516 -0.04933122 -0.0033410788
  vertex -0.13459922 -0.05994911 0.014507744
  vertex -0.15735887 -0.043381896 0.019420814
 endloop
endfacet
facet normal 0.06169375 -0.95396096 0.29351738
 outer loop
  vertex -0.1367397 -0.06395258 -0.008916289
  vertex -0.103527546 -0.062090944 -0.009846574
  vertex -0.102849 -0.054711405 0.013995046
 endloop
endfacet
facet normal 0.16326661 -0.97485 0.15169518
 outer loop
  vertex -0.1367397 -0.06395258 -0.008916289
  vertex -0.102849 -0.054711405 0.013995046
  vertex -0.13459922 -0.05994911 0.014507744
 endloop
endfacet
facet normal -0.9508512 -0.035261255 0.30763397
 outer loop
  vertex -0.17993927 0.012293343 0.001296934
  vertex -0.1789644 -0.018141843 0.0008215883
  vertex -0.1717839 -0.015791187 0.023284923
 endloop
endfacet
facet normal -0.96295434 -0.07738193 0.25832373
 outer loop
  vertex -0.17993927 0.012293343 0.001296934
  vertex -0.1717839 -0.015791187 0.023284923
  vertex -0.17302343 6.916959e-05 0.023415327
 endloop
endfacet
facet normal -0.22600195 0.007974662 -0.9740942
 outer loop
  vertex -0.16691974 -0.01148556 -0.0019184309
  vertex -0.1789644 -0.018141843 0.0008215883
  vertex -0.17993927 0.012293343 0.001296934
 endloop
endfacet
facet normal -0.20042916 0.022699984 -0.9794452
 outer loop
  vertex -0.16691974 -0.01148556 -0.0019184309
  vertex -0.17993927 0.012293343 0.001296934
  vertex -0.16810246 0.00018191698 -0.0014059949
 endloop
endfacet
facet normal -0.20675503 0.010262295 -0.97833896
 outer loop
  vertex -0.14005895 -0.050682183 -0.008075623
  vertex -0.1367397 -0.06395258 -0.008916289
  vertex -0.16239516 -0.04933122 -0.0033410788
 endloop
endfacet
facet normal -0.20701484 0.0059004836 -0.97832006
 outer loop
  vertex -0.14005895 -0.050682183 -0.008075623
  vertex -0.16239516 -0.04933122 -0.0033410788
  vertex -0.15404013 -0.03571514 -0.0050269025
 endloop
endfacet
facet normal -0.23056982 0.0073750718 -0.9730278
 outer loop
  vertex -0.16325237 -0.021004135 -0.0029232493
  vertex -0.16239516 -0.04933122 -0.0033410788
  vertex -0.1789644 -0.018141843 0.0008215883
 endloop
endfacet
facet normal -0.22934487 0.014375718 -0.97323906
 outer loop
  vertex -0.16325237 -0.021004135 -0.0029232493
  vertex -0.1789644 -0.018141843 0.0008215883
  vertex -0.16691974 -0.01148556 -0.0019184309
 endloop
endfacet
facet normal -0.24082816 -0.0060045943 -0.9705492
 outer loop
  vertex -0.16325237 0.025153706 -0.0029232511
  vertex -0.16691974 0.00982851 -0.0019184309
  vertex -0.17993927 0.012293343 0.001296934
 endloop
endfacet
facet normal -0.23876476 -0.008842084 -0.97103715
 outer loop
  vertex -0.16325237 0.025153706 -0.0029232511
  vertex -0.17993927 0.012293343 0.001296934
  vertex -0.16307598 0.052508578 -0.00321571
 endloop
endfacet
facet normal -0.166582 -0.3930299 -0.90431076
 outer loop
  vertex -0.14005895 -0.050682183 -0.008075623
  vertex -0.12963954 -0.04883113 -0.010799471
  vertex -0.103527546 -0.062090944 -0.009846574
 endloop
endfacet
facet normal -0.031061959 0.05545152 -0.9979781
 outer loop
  vertex -0.14005895 -0.050682183 -0.008075623
  vertex -0.103527546 -0.062090944 -0.009846574
  vertex -0.1367397 -0.06395258 -0.008916289
 endloop
endfacet
facet normal -0.031901233 -0.07092825 -0.99697113
 outer loop
  vertex -0.14121306 0.051046025 -0.0078469105
  vertex -0.13673967 0.06406535 -0.008916294
  vertex -0.10352752 0.062203713 -0.009846577
 endloop
endfacet
facet normal -0.1345936 0.2844834 -0.94918585
 outer loop
  vertex -0.14121306 0.051046025 -0.0078469105
  vertex -0.10352752 0.062203713 -0.009846577
  vertex -0.13367894 0.047430113 -0.009998977
 endloop
endfacet
facet normal -0.21037565 0.008053422 -0.97758746
 outer loop
  vertex -0.16239516 -0.04933122 -0.0033410788
  vertex -0.16325237 -0.021004135 -0.0029232493
  vertex -0.15404013 -0.03571514 -0.0050269025
 endloop
endfacet
facet normal -0.20770329 -0.0074734963 -0.97816336
 outer loop
  vertex -0.14121306 0.051046025 -0.0078469105
  vertex -0.15519422 0.040581014 -0.004798193
  vertex -0.16307598 0.052508578 -0.00321571
 endloop
endfacet
facet normal -0.20779495 -0.008944449 -0.9781315
 outer loop
  vertex -0.14121306 0.051046025 -0.0078469105
  vertex -0.16307598 0.052508578 -0.00321571
  vertex -0.13673967 0.06406535 -0.008916294
 endloop
endfacet
facet normal 0.0066529084 0.9561727 0.2927277
 outer loop
  vertex -0.10352752 0.062203713 -0.009846577
  vertex -0.10284897 0.054899994 0.01399504
  vertex -0.07419823 0.054899994 0.0133438865
 endloop
endfacet
facet normal -0 0.9538137 0.30039874
 outer loop
  vertex -0.07419823 0.054899994 0.0133438865
  vertex -0.07683024 0.062203713 -0.009846577
  vertex -0.10352752 0.062203713 -0.009846577
 endloop
endfacet
facet normal 0.0067159706 -0.9553185 0.2955023
 outer loop
  vertex -0.102849 -0.054711405 0.013995046
  vertex -0.103527546 -0.062090944 -0.009846574
  vertex -0.07419826 -0.054711405 0.013343892
 endloop
endfacet
facet normal -0.033271138 -0.9394637 0.3410293
 outer loop
  vertex -0.07419826 -0.054711405 0.013343892
  vertex -0.103527546 -0.062090944 -0.009846574
  vertex -0.07683025 -0.062090944 -0.0072419606
 endloop
endfacet
facet normal -0.01983363 -0.48789158 -0.8726789
 outer loop
  vertex -0.12565407 -0.080929264 0.029171053
  vertex -0.102849 -0.054711405 0.013995046
  vertex -0.07419826 -0.054711405 0.013343892
 endloop
endfacet
facet normal -0.019799389 0.49057803 -0.8711723
 outer loop
  vertex -0.12565406 0.08092928 0.029171053
  vertex -0.07419823 0.054899994 0.0133438865
  vertex -0.10284897 0.054899994 0.01399504
 endloop
endfacet
facet normal -0.5458075 1.2431613e-06 0.83791065
 outer loop
  vertex -0.09980566 -0.06959063 -0.0896201
  vertex -0.054254256 -0.08142373 -0.059948303
  vertex -0.05425425 -0.07815257 -0.059948303
 endloop
endfacet
facet normal -0.52116096 -0.09708534 0.8479184
 outer loop
  vertex -0.05425427 0.075514324 -0.059948348
  vertex -0.10283565 0.06426244 -0.09109652
  vertex -0.100756295 0.0619494 -0.090083316
 endloop
endfacet
facet normal -0.4380285 -2.1597745e-07 0.89896107
 outer loop
  vertex -0.12480406 0.034256477 -0.101800874
  vertex -0.13258886 -0.0005013542 -0.10559411
  vertex -0.12964821 -0.0005013454 -0.10416125
 endloop
endfacet
facet normal -0.43802845 4.365802e-07 0.89896107
 outer loop
  vertex -0.13258886 -0.0005013542 -0.10559411
  vertex -0.122769184 -0.036164586 -0.10080935
  vertex -0.12964821 -0.0005013454 -0.10416125
 endloop
endfacet
facet normal -0.43802947 4.6486574e-07 0.8989606
 outer loop
  vertex -0.10595467 0.067732014 -0.0926163
  vertex -0.12989736 0.037527617 -0.10428265
  vertex -0.12480406 0.034256477 -0.101800874
 endloop
endfacet
facet normal -0.43802828 3.143835e-07 0.8989611
 outer loop
  vertex -0.12989736 0.037527617 -0.10428265
  vertex -0.13847011 -0.000501354 -0.1084598
  vertex -0.13552952 -0.0005013541 -0.107026964
 endloop
endfacet
facet normal 0.7143238 0.60711855 0.34806418
 outer loop
  vertex -0.11353686 -0.03207564 -0.1035884
  vertex -0.091025196 -0.06380799 -0.09443872
  vertex -0.112104006 -0.032075632 -0.10652902
 endloop
endfacet
facet normal -0.719085 -0.600117 -0.35039458
 outer loop
  vertex -0.106385134 -0.0779937 -0.09523244
  vertex -0.12738395 -0.041889068 -0.11397438
  vertex -0.12595105 -0.041889068 -0.11691499
 endloop
endfacet
facet normal 0.898958 0 0.4380349
 outer loop
  vertex -0.04708994 0.075514324 -0.074651465
  vertex -0.04565707 0.07387875 -0.07759208
  vertex -0.04565707 0.07714989 -0.07759208
 endloop
endfacet
facet normal 0.42264536 0.00016778179 -0.9062951
 outer loop
  vertex -0.07059561 -0.016949875 -0.13767795
  vertex -0.04714769 -0.02852836 -0.1267453
  vertex -0.04709688 -0.03595228 -0.12672298
 endloop
endfacet
facet normal -1.960607e-08 1 1.8030724e-07
 outer loop
  vertex 0.02690535 0.09023442 0.05599316
  vertex 0.0125019625 0.09023443 0.013105396
  vertex -0.042478725 0.09023443 0.007126961
 endloop
endfacet
facet normal 0.8571934 0.3847176 -0.34236208
 outer loop
  vertex -0.045257412 0.09015533 -0.07843579
  vertex -0.017129887 0.0905187 -0.0076028258
  vertex -0.030277781 0.02313124 -0.11624638
 endloop
endfacet
facet normal 0.8346579 5.356094e-07 -0.5507688
 outer loop
  vertex -0.030322827 -0.023861686 -0.11627565
  vertex 0.017330498 -0.071610294 -0.04405987
  vertex 0.017330527 -0.09123715 -0.044059843
 endloop
endfacet
facet normal -0.0017674839 0.9998663 0.016254667
 outer loop
  vertex -0.042478725 0.09023443 0.007126961
  vertex 0.0125019625 0.09023443 0.013105396
  vertex -0.017129887 0.0905187 -0.0076028258
 endloop
endfacet
facet normal -0.44946104 0.78247637 -0.43094715
 outer loop
  vertex -0.030277781 0.02313124 -0.11624638
  vertex -0.017129887 0.0905187 -0.0076028258
  vertex 0.017330565 0.090234436 -0.044059865
 endloop
endfacet
facet normal 0.009058183 0.99995875 0.00076525175
 outer loop
  vertex 0.017330565 0.090234436 -0.044059865
  vertex -0.017129887 0.0905187 -0.0076028258
  vertex 0.0125019625 0.09023443 0.013105396
 endloop
endfacet
facet normal 7.842491e-08 -1 -7.212294e-07
 outer loop
  vertex 0.026905283 -0.091237195 0.05599319
  vertex -0.042478748 -0.091237165 0.007126961
  vertex 0.01250194 -0.091237165 0.013105441
 endloop
endfacet
facet normal -0.0015233421 -0.99990064 0.014009311
 outer loop
  vertex -0.042478748 -0.091237165 0.007126961
  vertex -0.016912933 -0.091487095 -0.007931553
  vertex 0.01250194 -0.091237165 0.013105441
 endloop
endfacet
facet normal 0.85693544 -0.3828857 -0.34505078
 outer loop
  vertex -0.030322827 -0.023861686 -0.11627565
  vertex -0.016912933 -0.091487095 -0.007931553
  vertex -0.045297347 -0.09165737 -0.07823545
 endloop
endfacet
facet normal -0.45013747 -0.7814732 -0.43206
 outer loop
  vertex -0.030322827 -0.023861686 -0.11627565
  vertex 0.017330527 -0.09123715 -0.044059843
  vertex -0.016912933 -0.091487095 -0.007931553
 endloop
endfacet
facet normal 0.008012589 -0.9999677 0.0006765397
 outer loop
  vertex 0.01250194 -0.091237165 0.013105441
  vertex -0.016912933 -0.091487095 -0.007931553
  vertex 0.017330527 -0.09123715 -0.044059843
 endloop
endfacet
facet normal -0.21321462 0.97102714 -0.1079154
 outer loop
  vertex -0.045257412 0.09015533 -0.07843579
  vertex -0.11050261 0.07375377 -0.09710909
  vertex -0.05425427 0.09023444 -0.059948348
 endloop
endfacet
facet normal -0.5188343 0.09423463 0.8496651
 outer loop
  vertex -0.10292467 -0.07306019 -0.09113988
  vertex -0.105003975 -0.07537325 -0.09215304
  vertex -0.054254256 -0.08633045 -0.059948303
 endloop
endfacet
facet normal -0.4380286 -1.5407322e-07 0.898961
 outer loop
  vertex -0.10283565 0.06426244 -0.09109652
  vertex -0.10595467 0.067732014 -0.0926163
  vertex -0.12480406 0.034256477 -0.101800874
 endloop
endfacet
facet normal -0.5341691 0 0.8453777
 outer loop
  vertex -0.05425427 0.08042102 -0.059948348
  vertex -0.05425427 0.083692156 -0.059948348
  vertex -0.10595467 0.067732014 -0.0926163
 endloop
endfacet
facet normal -0.43803152 2.4166482e-06 0.89895964
 outer loop
  vertex -0.10595467 0.067732014 -0.0926163
  vertex -0.10907369 0.0712016 -0.0941361
  vertex -0.12989736 0.037527617 -0.10428265
 endloop
endfacet
facet normal -0.52047664 -0.7704691 -0.368078
 outer loop
  vertex -0.087532796 -0.04412766 -0.16429166
  vertex -0.060377844 -0.06970952 -0.14914131
  vertex -0.120752566 -0.04144135 -0.12294066
 endloop
endfacet
facet normal -0.7644087 0.22811775 -0.6030269
 outer loop
  vertex -0.09919613 -0.0006776179 -0.16890244
  vertex -0.1226606 0.038492884 -0.1243407
  vertex -0.09010438 0.038664464 -0.16554469
 endloop
endfacet
facet normal 0.9183474 0.24396949 -0.31163582
 outer loop
  vertex -0.06411057 0.06731769 -0.15187228
  vertex -0.045257412 0.09015533 -0.07843579
  vertex -0.047147676 0.035562206 -0.12674531
 endloop
endfacet
facet normal 0.1437545 0.9871313 0.07004574
 outer loop
  vertex -0.091025196 -0.06380799 -0.09443872
  vertex -0.051388554 -0.07161029 -0.06582956
  vertex -0.049955703 -0.07161029 -0.06877019
 endloop
endfacet
facet normal -0.4362158 -0.64617527 -0.6262374
 outer loop
  vertex -0.120752566 -0.04144135 -0.12294066
  vertex -0.106385134 -0.0779937 -0.09523244
  vertex -0.12451827 -0.041889068 -0.11985563
 endloop
endfacet
facet normal -0.3590331 0.6448694 -0.6747138
 outer loop
  vertex -0.11050261 0.07375377 -0.09710909
  vertex -0.1226606 0.038492884 -0.1243407
  vertex -0.12655306 0.03998099 -0.120847136
 endloop
endfacet
facet normal -0.7243127 0.59229374 -0.3529295
 outer loop
  vertex -0.11050261 0.07375377 -0.09710909
  vertex -0.12655306 0.03998099 -0.120847136
  vertex -0.12798592 0.03998098 -0.117906496
 endloop
endfacet
facet normal -0.7190901 -0.6001157 -0.3503863
 outer loop
  vertex -0.12738395 -0.041889068 -0.11397438
  vertex -0.106385134 -0.0779937 -0.09523244
  vertex -0.12881681 -0.041889068 -0.11103374
 endloop
endfacet
facet normal -0.7243084 0.59229434 -0.35293728
 outer loop
  vertex -0.11050261 0.07375377 -0.09710909
  vertex -0.12941873 0.03998098 -0.11496587
  vertex -0.13085163 0.039980978 -0.112025246
 endloop
endfacet
facet normal -0.7190893 -0.60011584 -0.35038763
 outer loop
  vertex -0.106385134 -0.0779937 -0.09523244
  vertex -0.13024968 -0.041889068 -0.10809311
  vertex -0.12881681 -0.041889068 -0.11103374
 endloop
endfacet
facet normal 0.89895236 0.003225411 0.4380344
 outer loop
  vertex -0.045257412 0.09015533 -0.07843579
  vertex -0.048522837 0.0869633 -0.07171085
  vertex -0.047089957 0.0869633 -0.074651465
 endloop
endfacet
facet normal 0.89895785 0.0031967578 0.43802345
 outer loop
  vertex -0.045257412 0.09015533 -0.07843579
  vertex -0.04995568 0.0869633 -0.068770215
  vertex -0.048522837 0.0869633 -0.07171085
 endloop
endfacet
facet normal 0.8989551 0.0032172333 0.4380289
 outer loop
  vertex -0.045257412 0.09015533 -0.07843579
  vertex -0.05138854 0.0869633 -0.0658296
  vertex -0.04995568 0.0869633 -0.068770215
 endloop
endfacet
facet normal 0.8989528 0.0032398633 0.43803346
 outer loop
  vertex -0.045257412 0.09015533 -0.07843579
  vertex -0.05282142 0.0869633 -0.06288897
  vertex -0.05138854 0.0869633 -0.0658296
 endloop
endfacet
facet normal 0.8205272 -0.013856635 -0.5714395
 outer loop
  vertex -0.06411057 0.06731769 -0.15187228
  vertex -0.047147676 0.035562206 -0.12674531
  vertex -0.047146328 0.02779962 -0.12655514
 endloop
endfacet
facet normal 0.67159384 -0.28240615 -0.68498796
 outer loop
  vertex -0.09010438 0.038664464 -0.16554469
  vertex -0.06411057 0.06731769 -0.15187228
  vertex -0.06790158 0.020146776 -0.13614158
 endloop
endfacet
facet normal 0.49061555 -0.31089398 -0.81402785
 outer loop
  vertex -0.047146328 0.02779962 -0.12655514
  vertex -0.06790158 0.020146776 -0.13614158
  vertex -0.06411057 0.06731769 -0.15187228
 endloop
endfacet
facet normal 0.51713216 -0.020871986 -0.855651
 outer loop
  vertex -0.030277781 0.02313124 -0.11624638
  vertex -0.047146328 0.02779962 -0.12655514
  vertex -0.047147676 0.035562206 -0.12674531
 endloop
endfacet
facet normal -0.8889908 -0.28986794 0.35450217
 outer loop
  vertex -0.045257412 0.09015533 -0.07843579
  vertex -0.017089173 0.08696332 -0.010407876
  vertex -0.017129887 0.0905187 -0.0076028258
 endloop
endfacet
facet normal -0.91741765 0.14633256 0.37004274
 outer loop
  vertex -0.045297347 -0.09165737 -0.07823545
  vertex -0.016912933 -0.091487095 -0.007931553
  vertex -0.017089244 -0.08633043 -0.010407858
 endloop
endfacet
facet normal 0.94796854 0 -0.31836402
 outer loop
  vertex 0.01250194 -0.091237165 0.013105441
  vertex 0.026905283 -0.071610324 0.05599319
  vertex 0.026905283 -0.091237195 0.05599319
 endloop
endfacet
facet normal -0.57581145 0 0.8175825
 outer loop
  vertex 0.02690535 0.09023442 0.05599316
  vertex -0.042478725 0.0869633 0.007126961
  vertex -0.042478725 0.083692156 0.007126961
 endloop
endfacet
facet normal -0.575812 0 0.8175822
 outer loop
  vertex 0.026905283 -0.071610324 0.05599319
  vertex -0.042478792 -0.078152575 0.007126931
  vertex -0.042478792 -0.08142374 0.007126931
 endloop
endfacet
facet normal -0.5758115 0 0.81758255
 outer loop
  vertex 0.02690535 0.09023442 0.05599316
  vertex -0.042478725 0.09023443 0.007126961
  vertex -0.042478725 0.0869633 0.007126961
 endloop
endfacet
facet normal -0.575812 5.5914177e-07 0.8175822
 outer loop
  vertex -0.042478748 -0.091237165 0.007126961
  vertex 0.026905283 -0.091237195 0.05599319
  vertex -0.042478763 -0.08633046 0.007126946
 endloop
endfacet
facet normal -0.575812 0 0.8175822
 outer loop
  vertex 0.026905283 -0.071610324 0.05599319
  vertex -0.042478792 -0.07488144 0.007126931
  vertex -0.042478792 -0.078152575 0.007126931
 endloop
endfacet
facet normal -0.5758119 0 0.81758213
 outer loop
  vertex -0.042478792 -0.07488144 0.007126931
  vertex 0.026905283 -0.071610324 0.05599319
  vertex -0.042478792 -0.07161032 0.007126931
 endloop
endfacet
facet normal -0.5758115 0 0.81758255
 outer loop
  vertex 0.02690535 0.09023442 0.05599316
  vertex -0.042478725 0.083692156 0.007126961
  vertex -0.042478725 0.08042103 0.007126961
 endloop
endfacet
facet normal -0.5758117 0 0.8175823
 outer loop
  vertex 0.02690538 0.07060759 0.05599319
  vertex -0.042478703 0.07551432 0.007126961
  vertex -0.042478703 0.070607595 0.007126961
 endloop
endfacet
facet normal 0 0 0
 outer loop
  vertex -0.017089244 -0.078152575 -0.010407858
  vertex -0.017089244 -0.08142374 -0.010407858
  vertex -0.017089244 -0.08633043 -0.010407858
 endloop
endfacet
facet normal -0.93685925 -0.17689644 -0.3016663
 outer loop
  vertex -0.017089244 -0.08633043 -0.010407858
  vertex -0.016912933 -0.091487095 -0.007931553
  vertex -0.01905153 -0.08633046 -0.004313737
 endloop
endfacet
facet normal -0.737153 -2.2386507e-06 -0.6757258
 outer loop
  vertex -0.01905153 -0.08633046 -0.004313737
  vertex -0.019051544 -0.08142374 -0.004313737
  vertex -0.01905154 -0.078152575 -0.004313752
 endloop
endfacet
facet normal 0 0 0
 outer loop
  vertex -0.01905154 -0.078152575 -0.004313752
  vertex -0.01905154 -0.07488144 -0.004313752
  vertex -0.01905154 -0.07161032 -0.004313752
 endloop
endfacet
facet normal -0.9518706 -2.4802484e-06 -0.3065002
 outer loop
  vertex -0.01905154 -0.07161032 -0.004313752
  vertex -0.017089248 -0.071610294 -0.0104078725
  vertex -0.017089244 -0.07488142 -0.010407858
 endloop
endfacet
facet normal -0.9518709 0 -0.30649912
 outer loop
  vertex -0.017089244 -0.078152575 -0.010407858
  vertex -0.017089244 -0.08633043 -0.010407858
  vertex -0.01905153 -0.08633046 -0.004313737
 endloop
endfacet
facet normal -0.9518702 0 -0.30650136
 outer loop
  vertex -0.01905154 -0.07161032 -0.004313752
  vertex -0.017089244 -0.07488142 -0.010407858
  vertex -0.017089244 -0.078152575 -0.010407858
 endloop
endfacet
facet normal -0.9518702 -1.8593079e-06 -0.30650136
 outer loop
  vertex -0.017089244 -0.078152575 -0.010407858
  vertex -0.01905153 -0.08633046 -0.004313737
  vertex -0.01905154 -0.078152575 -0.004313752
 endloop
endfacet
facet normal -0.9518702 -0 -0.30650136
 outer loop
  vertex -0.017089244 -0.078152575 -0.010407858
  vertex -0.01905154 -0.078152575 -0.004313752
  vertex -0.01905154 -0.07161032 -0.004313752
 endloop
endfacet
facet normal 0.6890026 0.46676782 -0.55443966
 outer loop
  vertex -0.045257412 0.09015533 -0.07843579
  vertex -0.030277781 0.02313124 -0.11624638
  vertex -0.047147676 0.035562206 -0.12674531
 endloop
endfacet
facet normal 0.83479375 9.540904e-07 -0.5505628
 outer loop
  vertex -0.030277781 0.02313124 -0.11624638
  vertex 0.017330565 0.090234436 -0.044059865
  vertex 0.017330594 0.0706076 -0.044059854
 endloop
endfacet
facet normal -0.16698891 0.9528277 -0.25344452
 outer loop
  vertex -0.11050261 0.07375377 -0.09710909
  vertex -0.045257412 0.09015533 -0.07843579
  vertex -0.06411057 0.06731769 -0.15187228
 endloop
endfacet
facet normal -0.74401176 -0.28692603 -0.6034235
 outer loop
  vertex -0.1328136 -0.0005013274 -0.12753645
  vertex -0.09919613 -0.0006776179 -0.16890244
  vertex -0.120752566 -0.04144135 -0.12294066
 endloop
endfacet
facet normal -0.75170755 0.24587552 -0.61194843
 outer loop
  vertex -0.09919613 -0.0006776179 -0.16890244
  vertex -0.1328136 -0.0005013274 -0.12753645
  vertex -0.1226606 0.038492884 -0.1243407
 endloop
endfacet
facet normal -0.5625088 0.6180656 -0.5491618
 outer loop
  vertex -0.1226606 0.038492884 -0.1243407
  vertex -0.11050261 0.07375377 -0.09710909
  vertex -0.06411057 0.06731769 -0.15187228
 endloop
endfacet
facet normal -0.5724015 -0.4797491 0.6649792
 outer loop
  vertex -0.105003975 -0.07537325 -0.09215304
  vertex -0.106385134 -0.0779937 -0.09523244
  vertex -0.054266155 -0.0912371 -0.059923857
 endloop
endfacet
facet normal -0.534947 0.0055064484 0.8448677
 outer loop
  vertex -0.105003975 -0.07537325 -0.09215304
  vertex -0.054266155 -0.0912371 -0.059923857
  vertex -0.054254256 -0.08633045 -0.059948303
 endloop
endfacet
facet normal 0.89895976 2.3516095e-06 0.43803117
 outer loop
  vertex -0.054266155 -0.0912371 -0.059923857
  vertex -0.052821398 -0.08633045 -0.06288892
  vertex -0.054254256 -0.08633045 -0.059948303
 endloop
endfacet
facet normal -0.5332045 0.11202274 0.8385367
 outer loop
  vertex -0.094607316 -0.063808 -0.08708714
  vertex -0.09668664 -0.06612105 -0.08810032
  vertex -0.05425425 -0.07488141 -0.059948303
 endloop
endfacet
facet normal -0.55806667 0 0.82979614
 outer loop
  vertex -0.094607316 -0.063808 -0.08708714
  vertex -0.05425425 -0.07488141 -0.059948303
  vertex -0.05425425 -0.07161029 -0.059948303
 endloop
endfacet
facet normal -0.5286101 0.10630013 0.8421827
 outer loop
  vertex -0.09668664 -0.06612105 -0.08810032
  vertex -0.09980566 -0.06959063 -0.0896201
  vertex -0.05425425 -0.07815257 -0.059948303
 endloop
endfacet
facet normal -0.55284655 0 0.8332831
 outer loop
  vertex -0.09668664 -0.06612105 -0.08810032
  vertex -0.05425425 -0.07815257 -0.059948303
  vertex -0.05425425 -0.07488141 -0.059948303
 endloop
endfacet
facet normal -0.51883507 0.0942316 0.849665
 outer loop
  vertex -0.09980566 -0.06959063 -0.0896201
  vertex -0.10292467 -0.07306019 -0.09113988
  vertex -0.054254256 -0.08633045 -0.059948303
 endloop
endfacet
facet normal -0.5458077 0 0.8379105
 outer loop
  vertex -0.09980566 -0.06959063 -0.0896201
  vertex -0.054254256 -0.08633045 -0.059948303
  vertex -0.054254256 -0.08142373 -0.059948303
 endloop
endfacet
facet normal 0.8989593 -6.651281e-07 0.4380321
 outer loop
  vertex -0.054254256 0.07060761 -0.05994834
  vertex -0.05282139 0.07060761 -0.062888965
  vertex -0.05282139 0.075514324 -0.06288896
 endloop
endfacet
facet normal 0.89895666 3.3998676e-06 0.43803757
 outer loop
  vertex -0.054254256 0.07060761 -0.05994834
  vertex -0.05282139 0.075514324 -0.06288896
  vertex -0.05425427 0.075514324 -0.059948348
 endloop
endfacet
facet normal -0.5211604 -0.097087346 0.8479185
 outer loop
  vertex -0.05425427 0.075514324 -0.059948348
  vertex -0.100756295 0.0619494 -0.090083316
  vertex -0.09867702 0.05963636 -0.08907016
 endloop
endfacet
facet normal -0.5482534 -4.46665e-07 0.83631223
 outer loop
  vertex -0.05425427 0.075514324 -0.059948348
  vertex -0.09867702 0.05963636 -0.08907016
  vertex -0.054254256 0.07060761 -0.05994834
 endloop
endfacet
facet normal -0.43802926 -2.539359e-07 0.8989607
 outer loop
  vertex -0.09867702 0.05963636 -0.08907016
  vertex -0.100756295 0.0619494 -0.090083316
  vertex -0.12098407 0.031803124 -0.09993955
 endloop
endfacet
facet normal -0.43802938 -1.3706993e-07 0.89896065
 outer loop
  vertex -0.09867702 0.05963636 -0.08907016
  vertex -0.12098407 0.031803124 -0.09993955
  vertex -0.11843739 0.030167557 -0.098698646
 endloop
endfacet
facet normal -0.43802893 7.718224e-07 0.8989609
 outer loop
  vertex -0.11843739 0.030167557 -0.098698646
  vertex -0.12098407 0.031803124 -0.09993955
  vertex -0.12670758 -0.0005013453 -0.10272837
 endloop
endfacet
facet normal -0.43802923 8.7032157e-07 0.89896077
 outer loop
  vertex -0.11843739 0.030167557 -0.098698646
  vertex -0.12670758 -0.0005013453 -0.10272837
  vertex -0.123766996 -0.00050134555 -0.10129553
 endloop
endfacet
facet normal -0.43802914 -3.9507995e-07 0.8989608
 outer loop
  vertex -0.12670758 -0.0005013453 -0.10272837
  vertex -0.11894923 -0.03371123 -0.09894803
  vertex -0.116402544 -0.03207566 -0.09770713
 endloop
endfacet
facet normal -0.43802923 -4.5790588e-07 0.89896065
 outer loop
  vertex -0.12670758 -0.0005013453 -0.10272837
  vertex -0.116402544 -0.03207566 -0.09770713
  vertex -0.123766996 -0.00050134555 -0.10129553
 endloop
endfacet
facet normal -0.43803072 -1.2379021e-06 0.89896
 outer loop
  vertex -0.11894923 -0.03371123 -0.09894803
  vertex -0.09668664 -0.06612105 -0.08810032
  vertex -0.094607316 -0.063808 -0.08708714
 endloop
endfacet
facet normal -0.43802962 2.246543e-07 0.8989605
 outer loop
  vertex -0.11894923 -0.03371123 -0.09894803
  vertex -0.094607316 -0.063808 -0.08708714
  vertex -0.116402544 -0.03207566 -0.09770713
 endloop
endfacet
facet normal -0.4380281 -6.0160966e-07 0.89896125
 outer loop
  vertex -0.10283565 0.06426244 -0.09109652
  vertex -0.12480406 0.034256477 -0.101800874
  vertex -0.12098407 0.031803124 -0.09993955
 endloop
endfacet
facet normal -0.43803233 2.38993e-06 0.8989592
 outer loop
  vertex -0.10283565 0.06426244 -0.09109652
  vertex -0.12098407 0.031803124 -0.09993955
  vertex -0.100756295 0.0619494 -0.090083316
 endloop
endfacet
facet normal -0.43802798 -3.1650762e-07 0.89896137
 outer loop
  vertex -0.12098407 0.031803124 -0.09993955
  vertex -0.12480406 0.034256477 -0.101800874
  vertex -0.12964821 -0.0005013454 -0.10416125
 endloop
endfacet
facet normal -0.4380358 2.272171e-06 0.8989576
 outer loop
  vertex -0.12098407 0.031803124 -0.09993955
  vertex -0.12964821 -0.0005013454 -0.10416125
  vertex -0.12670758 -0.0005013453 -0.10272837
 endloop
endfacet
facet normal -0.43802926 2.6699973e-07 0.8989607
 outer loop
  vertex -0.12964821 -0.0005013454 -0.10416125
  vertex -0.122769184 -0.036164586 -0.10080935
  vertex -0.11894923 -0.03371123 -0.09894803
 endloop
endfacet
facet normal -0.4380357 -2.344177e-06 0.89895755
 outer loop
  vertex -0.12964821 -0.0005013454 -0.10416125
  vertex -0.11894923 -0.03371123 -0.09894803
  vertex -0.12670758 -0.0005013453 -0.10272837
 endloop
endfacet
facet normal -0.43802884 4.2673565e-07 0.8989609
 outer loop
  vertex -0.122769184 -0.036164586 -0.10080935
  vertex -0.09980566 -0.06959063 -0.0896201
  vertex -0.09668664 -0.06612105 -0.08810032
 endloop
endfacet
facet normal -0.4380291 0 0.89896077
 outer loop
  vertex -0.122769184 -0.036164586 -0.10080935
  vertex -0.09668664 -0.06612105 -0.08810032
  vertex -0.11894923 -0.03371123 -0.09894803
 endloop
endfacet
facet normal -0.51595956 -0.09071707 0.85179585
 outer loop
  vertex -0.05425427 0.08042102 -0.059948348
  vertex -0.10595467 0.067732014 -0.0926163
  vertex -0.10283565 0.06426244 -0.09109652
 endloop
endfacet
facet normal -0.53974324 0 0.8418298
 outer loop
  vertex -0.05425427 0.08042102 -0.059948348
  vertex -0.10283565 0.06426244 -0.09109652
  vertex -0.05425427 0.075514324 -0.059948348
 endloop
endfacet
facet normal -0.43802947 5.2421e-07 0.89896065
 outer loop
  vertex -0.12480406 0.034256477 -0.101800874
  vertex -0.12989736 0.037527617 -0.10428265
  vertex -0.13552952 -0.0005013541 -0.107026964
 endloop
endfacet
facet normal -0.43802485 -1.2478714e-06 0.89896286
 outer loop
  vertex -0.12480406 0.034256477 -0.101800874
  vertex -0.13552952 -0.0005013541 -0.107026964
  vertex -0.13258886 -0.0005013542 -0.10559411
 endloop
endfacet
facet normal -0.4380288 3.5697366e-07 0.89896095
 outer loop
  vertex -0.12658921 -0.038617942 -0.1026707
  vertex -0.122769184 -0.036164586 -0.10080935
  vertex -0.13258886 -0.0005013542 -0.10559411
 endloop
endfacet
facet normal -0.43802485 1.1306172e-06 0.8989629
 outer loop
  vertex -0.12658921 -0.038617942 -0.1026707
  vertex -0.13258886 -0.0005013542 -0.10559411
  vertex -0.13552952 -0.0005013541 -0.107026964
 endloop
endfacet
facet normal -0.43803063 -1.449436e-06 0.8989601
 outer loop
  vertex -0.12658921 -0.038617942 -0.1026707
  vertex -0.10292467 -0.07306019 -0.09113988
  vertex -0.09980566 -0.06959063 -0.0896201
 endloop
endfacet
facet normal -0.43802884 4.2651368e-07 0.8989609
 outer loop
  vertex -0.12658921 -0.038617942 -0.1026707
  vertex -0.09980566 -0.06959063 -0.0896201
  vertex -0.122769184 -0.036164586 -0.10080935
 endloop
endfacet
facet normal -0.5099519 -0.08340326 0.8561501
 outer loop
  vertex -0.05425427 0.0869633 -0.059948348
  vertex -0.10907369 0.0712016 -0.0941361
  vertex -0.10595467 0.067732014 -0.0926163
 endloop
endfacet
facet normal -0.5341692 0 0.8453776
 outer loop
  vertex -0.05425427 0.0869633 -0.059948348
  vertex -0.10595467 0.067732014 -0.0926163
  vertex -0.05425427 0.083692156 -0.059948348
 endloop
endfacet
facet normal -0.43802917 -2.0351851e-07 0.89896077
 outer loop
  vertex -0.13847011 -0.000501354 -0.1084598
  vertex -0.12913588 -0.04025352 -0.10391159
  vertex -0.12658921 -0.038617942 -0.1026707
 endloop
endfacet
facet normal -0.43802834 1.1671101e-07 0.8989612
 outer loop
  vertex -0.13847011 -0.000501354 -0.1084598
  vertex -0.12658921 -0.038617942 -0.1026707
  vertex -0.13552952 -0.0005013541 -0.107026964
 endloop
endfacet
facet normal -0.43802768 1.2437582e-06 0.8989614
 outer loop
  vertex -0.12913588 -0.04025352 -0.10391159
  vertex -0.105003975 -0.07537325 -0.09215304
  vertex -0.10292467 -0.07306019 -0.09113988
 endloop
endfacet
facet normal -0.43802917 -2.0695765e-07 0.8989607
 outer loop
  vertex -0.12913588 -0.04025352 -0.10391159
  vertex -0.10292467 -0.07306019 -0.09113988
  vertex -0.12658921 -0.038617942 -0.1026707
 endloop
endfacet
facet normal -0.5793587 0.45968595 0.67307675
 outer loop
  vertex -0.05425427 0.09023444 -0.059948348
  vertex -0.11050261 0.07375377 -0.09710909
  vertex -0.10907369 0.0712016 -0.0941361
 endloop
endfacet
facet normal -0.5291708 0 0.84851533
 outer loop
  vertex -0.05425427 0.09023444 -0.059948348
  vertex -0.10907369 0.0712016 -0.0941361
  vertex -0.05425427 0.0869633 -0.059948348
 endloop
endfacet
facet normal -0.7134288 0.3242089 0.6212148
 outer loop
  vertex -0.10907369 0.0712016 -0.0941361
  vertex -0.11050261 0.07375377 -0.09710909
  vertex -0.13371733 0.039980974 -0.10614398
 endloop
endfacet
facet normal -0.43802997 1.2555952e-06 0.8989604
 outer loop
  vertex -0.10907369 0.0712016 -0.0941361
  vertex -0.13371733 0.039980974 -0.10614398
  vertex -0.12989736 0.037527617 -0.10428265
 endloop
endfacet
facet normal -0.43803054 8.95271e-08 0.89896005
 outer loop
  vertex -0.12989736 0.037527617 -0.10428265
  vertex -0.13371733 0.039980974 -0.10614398
  vertex -0.14141074 -0.00050135393 -0.109892696
 endloop
endfacet
facet normal -0.43803948 3.4216073e-06 0.89895576
 outer loop
  vertex -0.12989736 0.037527617 -0.10428265
  vertex -0.14141074 -0.00050135393 -0.109892696
  vertex -0.13847011 -0.000501354 -0.1084598
 endloop
endfacet
facet normal -0.43803295 -7.0093574e-07 0.8989589
 outer loop
  vertex -0.14141074 -0.00050135393 -0.109892696
  vertex -0.13168249 -0.04188909 -0.10515247
  vertex -0.12913588 -0.04025352 -0.10391159
 endloop
endfacet
facet normal -0.4380394 -3.2173314e-06 0.89895576
 outer loop
  vertex -0.14141074 -0.00050135393 -0.109892696
  vertex -0.12913588 -0.04025352 -0.10391159
  vertex -0.13847011 -0.000501354 -0.1084598
 endloop
endfacet
facet normal -0.71868825 -0.33635342 0.60856676
 outer loop
  vertex -0.13168249 -0.04188909 -0.10515247
  vertex -0.106385134 -0.0779937 -0.09523244
  vertex -0.105003975 -0.07537325 -0.09215304
 endloop
endfacet
facet normal -0.43803194 -2.435564e-06 0.8989594
 outer loop
  vertex -0.13168249 -0.04188909 -0.10515247
  vertex -0.105003975 -0.07537325 -0.09215304
  vertex -0.12913588 -0.04025352 -0.10391159
 endloop
endfacet
facet normal -0.11830887 -0.63520426 0.76322913
 outer loop
  vertex -0.09007981 0.059636373 -0.10671388
  vertex -0.06790158 0.020146776 -0.13614158
  vertex -0.047146328 0.02779962 -0.12655514
 endloop
endfacet
facet normal -0.24189754 -0.7268252 0.64281464
 outer loop
  vertex -0.09007981 0.059636373 -0.10671388
  vertex -0.047146328 0.02779962 -0.12655514
  vertex -0.04565707 0.07060761 -0.07759208
 endloop
endfacet
facet normal -0.759709 -0.2668549 -0.59298444
 outer loop
  vertex -0.09919613 -0.0006776179 -0.16890244
  vertex -0.087532796 -0.04412766 -0.16429166
  vertex -0.120752566 -0.04144135 -0.12294066
 endloop
endfacet
facet normal 0.9230599 -0.120578885 -0.36526868
 outer loop
  vertex -0.060377844 -0.06970952 -0.14914131
  vertex -0.04709688 -0.03595228 -0.12672298
  vertex -0.048673414 -0.080663055 -0.115947515
 endloop
endfacet
facet normal 0.36622745 -0.06503984 0.9282496
 outer loop
  vertex -0.115169846 -0.00050131005 -0.118939325
  vertex -0.07059561 -0.016949875 -0.13767795
  vertex -0.06790158 0.020146776 -0.13614158
 endloop
endfacet
facet normal 0.39378452 -0.14528781 0.90764815
 outer loop
  vertex -0.115169846 -0.00050131005 -0.118939325
  vertex -0.06790158 0.020146776 -0.13614158
  vertex -0.10984024 0.030167585 -0.116342396
 endloop
endfacet
facet normal 0.28472075 -0.46484438 0.8383638
 outer loop
  vertex -0.06790158 0.020146776 -0.13614158
  vertex -0.09007981 0.059636373 -0.10671388
  vertex -0.10984024 0.030167585 -0.116342396
 endloop
endfacet
facet normal -0.5539724 0.710005 -0.43474978
 outer loop
  vertex -0.09010438 0.038664464 -0.16554469
  vertex -0.1226606 0.038492884 -0.1243407
  vertex -0.06411057 0.06731769 -0.15187228
 endloop
endfacet
facet normal -0.08217314 0.5911789 0.80234355
 outer loop
  vertex -0.04714769 -0.02852836 -0.1267453
  vertex -0.07059561 -0.016949875 -0.13767795
  vertex -0.08601018 -0.06380797 -0.104730904
 endloop
endfacet
facet normal -0.28931808 0.7154962 0.6358932
 outer loop
  vertex -0.04714769 -0.02852836 -0.1267453
  vertex -0.08601018 -0.06380797 -0.104730904
  vertex -0.04565715 -0.07161029 -0.07759209
 endloop
endfacet
facet normal 0.44205445 0.20241754 0.87385064
 outer loop
  vertex -0.115169846 -0.00050131005 -0.118939325
  vertex -0.10780544 -0.032075625 -0.115350924
  vertex -0.07059561 -0.016949875 -0.13767795
 endloop
endfacet
facet normal 0.29891917 0.48112282 0.8241166
 outer loop
  vertex -0.10780544 -0.032075625 -0.115350924
  vertex -0.08601018 -0.06380797 -0.104730904
  vertex -0.07059561 -0.016949875 -0.13767795
 endloop
endfacet
facet normal 0.89896154 -0 0.43802747
 outer loop
  vertex -0.04708998 -0.07161029 -0.07465145
  vertex -0.04708998 -0.07488141 -0.07465145
  vertex -0.045657136 -0.07488141 -0.07759207
 endloop
endfacet
facet normal 0.8989647 7.088128e-06 0.43802112
 outer loop
  vertex -0.04708998 -0.07161029 -0.07465145
  vertex -0.045657136 -0.07488141 -0.07759207
  vertex -0.04565715 -0.07161029 -0.07759209
 endloop
endfacet
facet normal 0.89810485 0.006376761 0.43973517
 outer loop
  vertex -0.045297347 -0.09165737 -0.07823545
  vertex -0.047089987 -0.08633045 -0.07465145
  vertex -0.054266155 -0.0912371 -0.059923857
 endloop
endfacet
facet normal 0.8989607 5.099855e-06 0.43802938
 outer loop
  vertex -0.054266155 -0.0912371 -0.059923857
  vertex -0.047089987 -0.08633045 -0.07465145
  vertex -0.048522845 -0.08633045 -0.07171082
 endloop
endfacet
facet normal 0.89896286 -8.499757e-06 0.4380248
 outer loop
  vertex -0.054266155 -0.0912371 -0.059923857
  vertex -0.048522845 -0.08633045 -0.07171082
  vertex -0.04995569 -0.08633045 -0.06877018
 endloop
endfacet
facet normal 0.89895886 9.803085e-06 0.438033
 outer loop
  vertex -0.04995569 -0.08633045 -0.06877018
  vertex -0.051388554 -0.08633045 -0.06582956
  vertex -0.054266155 -0.0912371 -0.059923857
 endloop
endfacet
facet normal 0.89896286 -2.4365972e-06 0.4380248
 outer loop
  vertex -0.054266155 -0.0912371 -0.059923857
  vertex -0.051388554 -0.08633045 -0.06582956
  vertex -0.052821398 -0.08633045 -0.06288892
 endloop
endfacet
facet normal 0.8989616 0 0.43802747
 outer loop
  vertex -0.04708998 -0.07815257 -0.07465145
  vertex -0.045657136 -0.07815257 -0.07759207
  vertex -0.045657136 -0.07488141 -0.07759207
 endloop
endfacet
facet normal 0.8989616 0 0.43802747
 outer loop
  vertex -0.04708998 -0.07815257 -0.07465145
  vertex -0.045657136 -0.07488141 -0.07759207
  vertex -0.04708998 -0.07488141 -0.07465145
 endloop
endfacet
facet normal 0.8989607 -2.0475225e-06 0.4380293
 outer loop
  vertex -0.04708998 -0.07815257 -0.07465145
  vertex -0.047089987 -0.08142373 -0.07465145
  vertex -0.045657136 -0.0814237 -0.07759207
 endloop
endfacet
facet normal 0.89896154 0 0.43802747
 outer loop
  vertex -0.04708998 -0.07815257 -0.07465145
  vertex -0.045657136 -0.0814237 -0.07759207
  vertex -0.045657136 -0.07815257 -0.07759207
 endloop
endfacet
facet normal 0.89436316 -0 0.4473415
 outer loop
  vertex -0.047089987 -0.08142373 -0.07465145
  vertex -0.047089987 -0.08633045 -0.07465145
  vertex -0.045297347 -0.09165737 -0.07823545
 endloop
endfacet
facet normal 0.89895326 0.004066584 0.43802577
 outer loop
  vertex -0.047089987 -0.08142373 -0.07465145
  vertex -0.045297347 -0.09165737 -0.07823545
  vertex -0.045657136 -0.0814237 -0.07759207
 endloop
endfacet
facet normal 0.89895976 0 0.4380312
 outer loop
  vertex -0.048522845 -0.07488141 -0.07171082
  vertex -0.04708998 -0.07488141 -0.07465145
  vertex -0.04708998 -0.07161029 -0.07465145
 endloop
endfacet
facet normal 0.89895976 0 0.4380312
 outer loop
  vertex -0.048522845 -0.07488141 -0.07171082
  vertex -0.04708998 -0.07161029 -0.07465145
  vertex -0.048522845 -0.07161029 -0.07171082
 endloop
endfacet
facet normal 0.8989597 0 0.4380312
 outer loop
  vertex -0.048522845 -0.07815257 -0.07171082
  vertex -0.04708998 -0.07815257 -0.07465145
  vertex -0.04708998 -0.07488141 -0.07465145
 endloop
endfacet
facet normal 0.8989597 0 0.4380312
 outer loop
  vertex -0.048522845 -0.07815257 -0.07171082
  vertex -0.04708998 -0.07488141 -0.07465145
  vertex -0.048522845 -0.07488141 -0.07171082
 endloop
endfacet
facet normal 0.8989607 -2.0475227e-06 0.4380294
 outer loop
  vertex -0.048522845 -0.08142373 -0.07171082
  vertex -0.047089987 -0.08142373 -0.07465145
  vertex -0.04708998 -0.07815257 -0.07465145
 endloop
endfacet
facet normal 0.89895976 0 0.4380312
 outer loop
  vertex -0.048522845 -0.08142373 -0.07171082
  vertex -0.04708998 -0.07815257 -0.07465145
  vertex -0.048522845 -0.07815257 -0.07171082
 endloop
endfacet
facet normal 0.8989607 0 0.43802938
 outer loop
  vertex -0.048522845 -0.08633045 -0.07171082
  vertex -0.047089987 -0.08633045 -0.07465145
  vertex -0.047089987 -0.08142373 -0.07465145
 endloop
endfacet
facet normal 0.8989607 0 0.43802938
 outer loop
  vertex -0.048522845 -0.08633045 -0.07171082
  vertex -0.047089987 -0.08142373 -0.07465145
  vertex -0.048522845 -0.08142373 -0.07171082
 endloop
endfacet
facet normal 0.8989602 0 0.4380302
 outer loop
  vertex -0.049955703 -0.07488141 -0.06877019
  vertex -0.048522845 -0.07488141 -0.07171082
  vertex -0.048522845 -0.07161029 -0.07171082
 endloop
endfacet
facet normal 0.8989602 0 0.4380302
 outer loop
  vertex -0.049955703 -0.07488141 -0.06877019
  vertex -0.048522845 -0.07161029 -0.07171082
  vertex -0.049955703 -0.07161029 -0.06877019
 endloop
endfacet
facet normal 0.8989602 0 0.43803024
 outer loop
  vertex -0.049955703 -0.07815257 -0.06877019
  vertex -0.048522845 -0.07815257 -0.07171082
  vertex -0.048522845 -0.07488141 -0.07171082
 endloop
endfacet
facet normal 0.8989602 0 0.43803024
 outer loop
  vertex -0.049955703 -0.07815257 -0.06877019
  vertex -0.048522845 -0.07488141 -0.07171082
  vertex -0.049955703 -0.07488141 -0.06877019
 endloop
endfacet
facet normal 0.89896023 0 0.43803024
 outer loop
  vertex -0.049955703 -0.08142373 -0.06877019
  vertex -0.048522845 -0.08142373 -0.07171082
  vertex -0.048522845 -0.07815257 -0.07171082
 endloop
endfacet
facet normal 0.89896023 0 0.43803024
 outer loop
  vertex -0.049955703 -0.08142373 -0.06877019
  vertex -0.048522845 -0.07815257 -0.07171082
  vertex -0.049955703 -0.07815257 -0.06877019
 endloop
endfacet
facet normal 0.89896286 0 0.4380248
 outer loop
  vertex -0.04995569 -0.08633045 -0.06877018
  vertex -0.048522845 -0.08633045 -0.07171082
  vertex -0.048522845 -0.08142373 -0.07171082
 endloop
endfacet
facet normal 0.8989603 4.0798304e-06 0.43803027
 outer loop
  vertex -0.04995569 -0.08633045 -0.06877018
  vertex -0.048522845 -0.08142373 -0.07171082
  vertex -0.049955703 -0.08142373 -0.06877019
 endloop
endfacet
facet normal 0.89896154 0 0.43802753
 outer loop
  vertex -0.051388554 -0.07488141 -0.06582956
  vertex -0.049955703 -0.07488141 -0.06877019
  vertex -0.049955703 -0.07161029 -0.06877019
 endloop
endfacet
facet normal 0.89896154 0 0.43802753
 outer loop
  vertex -0.051388554 -0.07488141 -0.06582956
  vertex -0.049955703 -0.07161029 -0.06877019
  vertex -0.051388554 -0.07161029 -0.06582956
 endloop
endfacet
facet normal 0.89896154 0 0.43802753
 outer loop
  vertex -0.051388554 -0.07815257 -0.06582956
  vertex -0.049955703 -0.07815257 -0.06877019
  vertex -0.049955703 -0.07488141 -0.06877019
 endloop
endfacet
facet normal 0.89896154 0 0.43802753
 outer loop
  vertex -0.051388554 -0.07815257 -0.06582956
  vertex -0.049955703 -0.07488141 -0.06877019
  vertex -0.051388554 -0.07488141 -0.06582956
 endloop
endfacet
facet normal 0.8989616 0 0.43802756
 outer loop
  vertex -0.051388554 -0.08142373 -0.06582956
  vertex -0.049955703 -0.08142373 -0.06877019
  vertex -0.049955703 -0.07815257 -0.06877019
 endloop
endfacet
facet normal 0.8989616 0 0.43802756
 outer loop
  vertex -0.051388554 -0.08142373 -0.06582956
  vertex -0.049955703 -0.07815257 -0.06877019
  vertex -0.051388554 -0.07815257 -0.06582956
 endloop
endfacet
facet normal 0.89895886 -0 0.438033
 outer loop
  vertex -0.051388554 -0.08142373 -0.06582956
  vertex -0.051388554 -0.08633045 -0.06582956
  vertex -0.04995569 -0.08633045 -0.06877018
 endloop
endfacet
facet normal 0.89896154 4.060286e-06 0.43802756
 outer loop
  vertex -0.051388554 -0.08142373 -0.06582956
  vertex -0.04995569 -0.08633045 -0.06877018
  vertex -0.049955703 -0.08142373 -0.06877019
 endloop
endfacet
facet normal 0.8989611 0 0.43802842
 outer loop
  vertex -0.052821405 -0.07488141 -0.062888935
  vertex -0.051388554 -0.07488141 -0.06582956
  vertex -0.051388554 -0.07161029 -0.06582956
 endloop
endfacet
facet normal 0.8989611 0 0.43802842
 outer loop
  vertex -0.052821405 -0.07488141 -0.062888935
  vertex -0.051388554 -0.07161029 -0.06582956
  vertex -0.052821405 -0.07161029 -0.062888935
 endloop
endfacet
facet normal 0.89896107 0 0.43802842
 outer loop
  vertex -0.052821405 -0.07815257 -0.062888935
  vertex -0.051388554 -0.07815257 -0.06582956
  vertex -0.051388554 -0.07488141 -0.06582956
 endloop
endfacet
facet normal 0.89896107 0 0.43802842
 outer loop
  vertex -0.052821405 -0.07815257 -0.062888935
  vertex -0.051388554 -0.07488141 -0.06582956
  vertex -0.052821405 -0.07488141 -0.062888935
 endloop
endfacet
facet normal 0.8989611 -0 0.4380284
 outer loop
  vertex -0.052821405 -0.07815257 -0.062888935
  vertex -0.052821405 -0.08142373 -0.062888935
  vertex -0.051388554 -0.08142373 -0.06582956
 endloop
endfacet
facet normal 0.8989611 0 0.4380284
 outer loop
  vertex -0.052821405 -0.07815257 -0.062888935
  vertex -0.051388554 -0.08142373 -0.06582956
  vertex -0.051388554 -0.07815257 -0.06582956
 endloop
endfacet
facet normal 0.89896286 2.6952566e-06 0.4380248
 outer loop
  vertex -0.052821405 -0.08142373 -0.062888935
  vertex -0.052821398 -0.08633045 -0.06288892
  vertex -0.051388554 -0.08633045 -0.06582956
 endloop
endfacet
facet normal 0.89896107 0 0.4380284
 outer loop
  vertex -0.052821405 -0.08142373 -0.062888935
  vertex -0.051388554 -0.08633045 -0.06582956
  vertex -0.051388554 -0.08142373 -0.06582956
 endloop
endfacet
facet normal 0.8989625 0 0.43802568
 outer loop
  vertex -0.05425425 -0.07488141 -0.059948303
  vertex -0.052821405 -0.07488141 -0.062888935
  vertex -0.052821405 -0.07161029 -0.062888935
 endloop
endfacet
facet normal 0.8989625 0 0.43802568
 outer loop
  vertex -0.05425425 -0.07488141 -0.059948303
  vertex -0.052821405 -0.07161029 -0.062888935
  vertex -0.05425425 -0.07161029 -0.059948303
 endloop
endfacet
facet normal 0.89896244 0 0.43802568
 outer loop
  vertex -0.05425425 -0.07815257 -0.059948303
  vertex -0.052821405 -0.07815257 -0.062888935
  vertex -0.052821405 -0.07488141 -0.062888935
 endloop
endfacet
facet normal 0.89896244 0 0.43802568
 outer loop
  vertex -0.05425425 -0.07815257 -0.059948303
  vertex -0.052821405 -0.07488141 -0.062888935
  vertex -0.05425425 -0.07488141 -0.059948303
 endloop
endfacet
facet normal 0.8989616 0 0.43802756
 outer loop
  vertex -0.054254256 -0.08142373 -0.059948303
  vertex -0.052821405 -0.08142373 -0.062888935
  vertex -0.052821405 -0.07815257 -0.062888935
 endloop
endfacet
facet normal 0.89896244 -2.039906e-06 0.4380257
 outer loop
  vertex -0.054254256 -0.08142373 -0.059948303
  vertex -0.052821405 -0.07815257 -0.062888935
  vertex -0.05425425 -0.07815257 -0.059948303
 endloop
endfacet
facet normal 0.8989598 -0 0.43803117
 outer loop
  vertex -0.054254256 -0.08142373 -0.059948303
  vertex -0.054254256 -0.08633045 -0.059948303
  vertex -0.052821398 -0.08633045 -0.06288892
 endloop
endfacet
facet normal 0.89896154 2.695263e-06 0.43802756
 outer loop
  vertex -0.054254256 -0.08142373 -0.059948303
  vertex -0.052821398 -0.08633045 -0.06288892
  vertex -0.052821405 -0.08142373 -0.062888935
 endloop
endfacet
facet normal 0.14375517 0.9871313 0.07004479
 outer loop
  vertex -0.08744304 -0.06380799 -0.10179028
  vertex -0.04708998 -0.07161029 -0.07465145
  vertex -0.04565715 -0.07161029 -0.07759209
 endloop
endfacet
facet normal 0.14375208 0.98713136 0.07005007
 outer loop
  vertex -0.08744304 -0.06380799 -0.10179028
  vertex -0.04565715 -0.07161029 -0.07759209
  vertex -0.08601018 -0.06380797 -0.104730904
 endloop
endfacet
facet normal 0.1437541 0.98713136 0.070046276
 outer loop
  vertex -0.08887593 -0.06380799 -0.098849654
  vertex -0.048522845 -0.07161029 -0.07171082
  vertex -0.04708998 -0.07161029 -0.07465145
 endloop
endfacet
facet normal 0.14375356 0.98713136 0.070047304
 outer loop
  vertex -0.08887593 -0.06380799 -0.098849654
  vertex -0.04708998 -0.07161029 -0.07465145
  vertex -0.08744304 -0.06380799 -0.10179028
 endloop
endfacet
facet normal 0.14375423 0.9871313 0.07004615
 outer loop
  vertex -0.091025196 -0.06380799 -0.09443872
  vertex -0.049955703 -0.07161029 -0.06877019
  vertex -0.048522845 -0.07161029 -0.07171082
 endloop
endfacet
facet normal 0.14375459 0.98713136 0.0700456
 outer loop
  vertex -0.091025196 -0.06380799 -0.09443872
  vertex -0.048522845 -0.07161029 -0.07171082
  vertex -0.08887593 -0.06380799 -0.098849654
 endloop
endfacet
facet normal 0.14375447 0.9871313 0.0700459
 outer loop
  vertex -0.09317445 -0.06380799 -0.090027764
  vertex -0.052821405 -0.07161029 -0.062888935
  vertex -0.051388554 -0.07161029 -0.06582956
 endloop
endfacet
facet normal 0.14375485 0.9871313 0.070045166
 outer loop
  vertex -0.09317445 -0.06380799 -0.090027764
  vertex -0.051388554 -0.07161029 -0.06582956
  vertex -0.091025196 -0.06380799 -0.09443872
 endloop
endfacet
facet normal 0.18324931 -0.97900254 0.08929504
 outer loop
  vertex -0.09151272 0.059636373 -0.103773296
  vertex -0.09007981 0.059636373 -0.10671388
  vertex -0.04565707 0.07060761 -0.07759208
 endloop
endfacet
facet normal 0.18325076 -0.97900254 0.08929251
 outer loop
  vertex -0.09151272 0.059636373 -0.103773296
  vertex -0.04565707 0.07060761 -0.07759208
  vertex -0.04708994 0.07060761 -0.074651465
 endloop
endfacet
facet normal 0.7205783 -0.5979046 0.3511081
 outer loop
  vertex -0.09151272 0.059636373 -0.103773296
  vertex -0.11127309 0.030167574 -0.11340178
  vertex -0.10984024 0.030167585 -0.116342396
 endloop
endfacet
facet normal 0.72056943 -0.59790605 0.351124
 outer loop
  vertex -0.09151272 0.059636373 -0.103773296
  vertex -0.10984024 0.030167585 -0.116342396
  vertex -0.09007981 0.059636373 -0.10671388
 endloop
endfacet
facet normal 0.8826202 -0.1897975 0.43006787
 outer loop
  vertex -0.11127309 0.030167574 -0.11340178
  vertex -0.11660271 -0.00050131895 -0.115998685
  vertex -0.115169846 -0.00050131005 -0.118939325
 endloop
endfacet
facet normal 0.8826208 -0.18979743 0.43006685
 outer loop
  vertex -0.11127309 0.030167574 -0.11340178
  vertex -0.115169846 -0.00050131005 -0.118939325
  vertex -0.10984024 0.030167585 -0.116342396
 endloop
endfacet
facet normal 0.8701538 0.25114152 0.42398143
 outer loop
  vertex -0.11660271 -0.00050131895 -0.115998685
  vertex -0.10923826 -0.032075632 -0.112410285
  vertex -0.10780544 -0.032075625 -0.115350924
 endloop
endfacet
facet normal 0.8701487 0.25114036 0.4239925
 outer loop
  vertex -0.11660271 -0.00050131895 -0.115998685
  vertex -0.10780544 -0.032075625 -0.115350924
  vertex -0.115169846 -0.00050131005 -0.118939325
 endloop
endfacet
facet normal 0.714323 0.6071183 0.3480664
 outer loop
  vertex -0.10923826 -0.032075632 -0.112410285
  vertex -0.08744304 -0.06380799 -0.10179028
  vertex -0.08601018 -0.06380797 -0.104730904
 endloop
endfacet
facet normal 0.7143272 0.607119 0.34805614
 outer loop
  vertex -0.10923826 -0.032075632 -0.112410285
  vertex -0.08601018 -0.06380797 -0.104730904
  vertex -0.10780544 -0.032075625 -0.115350924
 endloop
endfacet
facet normal 0.18325259 -0.9790025 0.0892897
 outer loop
  vertex -0.09294554 0.059636373 -0.10083266
  vertex -0.09151272 0.059636373 -0.103773296
  vertex -0.04708994 0.07060761 -0.074651465
 endloop
endfacet
facet normal 0.18325125 -0.97900254 0.08929205
 outer loop
  vertex -0.09294554 0.059636373 -0.10083266
  vertex -0.04708994 0.07060761 -0.074651465
  vertex -0.048522808 0.07060761 -0.07171084
 endloop
endfacet
facet normal 0.7205774 -0.59790516 0.35110906
 outer loop
  vertex -0.09294554 0.059636373 -0.10083266
  vertex -0.11270594 0.030167574 -0.11046115
  vertex -0.11127309 0.030167574 -0.11340178
 endloop
endfacet
facet normal 0.72058094 -0.5979047 0.35110274
 outer loop
  vertex -0.09294554 0.059636373 -0.10083266
  vertex -0.11127309 0.030167574 -0.11340178
  vertex -0.09151272 0.059636373 -0.103773296
 endloop
endfacet
facet normal 0.8826209 -0.18979754 0.43006647
 outer loop
  vertex -0.11803556 -0.00050131895 -0.11305806
  vertex -0.11660271 -0.00050131895 -0.115998685
  vertex -0.11127309 0.030167574 -0.11340178
 endloop
endfacet
facet normal 0.8826209 -0.18979752 0.43006647
 outer loop
  vertex -0.11803556 -0.00050131895 -0.11305806
  vertex -0.11127309 0.030167574 -0.11340178
  vertex -0.11270594 0.030167574 -0.11046115
 endloop
endfacet
facet normal 0.8701467 0.25114155 0.42399603
 outer loop
  vertex -0.11067114 -0.032075632 -0.10946965
  vertex -0.10923826 -0.032075632 -0.112410285
  vertex -0.11660271 -0.00050131895 -0.115998685
 endloop
endfacet
facet normal 0.8701499 0.25114086 0.42398983
 outer loop
  vertex -0.11067114 -0.032075632 -0.10946965
  vertex -0.11660271 -0.00050131895 -0.115998685
  vertex -0.11803556 -0.00050131895 -0.11305806
 endloop
endfacet
facet normal 0.71432245 0.6071182 0.34806764
 outer loop
  vertex -0.10923826 -0.032075632 -0.112410285
  vertex -0.11067114 -0.032075632 -0.10946965
  vertex -0.08887593 -0.06380799 -0.098849654
 endloop
endfacet
facet normal 0.7143213 0.6071183 0.34806976
 outer loop
  vertex -0.10923826 -0.032075632 -0.112410285
  vertex -0.08887593 -0.06380799 -0.098849654
  vertex -0.08744304 -0.06380799 -0.10179028
 endloop
endfacet
facet normal 0.18325147 -0.9790025 0.0892917
 outer loop
  vertex -0.048522808 0.07060761 -0.07171084
  vertex -0.049955666 0.07060761 -0.068770215
  vertex -0.094378404 0.059636373 -0.09789203
 endloop
endfacet
facet normal 0.18325137 -0.97900254 0.08929189
 outer loop
  vertex -0.048522808 0.07060761 -0.07171084
  vertex -0.094378404 0.059636373 -0.09789203
  vertex -0.09294554 0.059636373 -0.10083266
 endloop
endfacet
facet normal 0.72057235 -0.5979058 0.35111842
 outer loop
  vertex -0.094378404 0.059636373 -0.09789203
  vertex -0.114138834 0.030167574 -0.107520536
  vertex -0.11270594 0.030167574 -0.11046115
 endloop
endfacet
facet normal 0.72057647 -0.5979051 0.35111123
 outer loop
  vertex -0.094378404 0.059636373 -0.09789203
  vertex -0.11270594 0.030167574 -0.11046115
  vertex -0.09294554 0.059636373 -0.10083266
 endloop
endfacet
facet normal 0.8826156 -0.18979536 0.4300784
 outer loop
  vertex -0.11270594 0.030167574 -0.11046115
  vertex -0.114138834 0.030167574 -0.107520536
  vertex -0.11946838 -0.0005013189 -0.110117435
 endloop
endfacet
facet normal 0.88262445 -0.18979754 0.43005928
 outer loop
  vertex -0.11270594 0.030167574 -0.11046115
  vertex -0.11946838 -0.0005013189 -0.110117435
  vertex -0.11803556 -0.00050131895 -0.11305806
 endloop
endfacet
facet normal 0.87014884 0.25113982 0.4239927
 outer loop
  vertex -0.11946838 -0.0005013189 -0.110117435
  vertex -0.112104006 -0.032075632 -0.10652902
  vertex -0.11067114 -0.032075632 -0.10946965
 endloop
endfacet
facet normal 0.87015337 0.25114086 0.42398262
 outer loop
  vertex -0.11946838 -0.0005013189 -0.110117435
  vertex -0.11067114 -0.032075632 -0.10946965
  vertex -0.11803556 -0.00050131895 -0.11305806
 endloop
endfacet
facet normal 0.71432525 0.60711837 0.3480614
 outer loop
  vertex -0.112104006 -0.032075632 -0.10652902
  vertex -0.091025196 -0.06380799 -0.09443872
  vertex -0.08887593 -0.06380799 -0.098849654
 endloop
endfacet
facet normal 0.71432376 0.60711807 0.34806472
 outer loop
  vertex -0.112104006 -0.032075632 -0.10652902
  vertex -0.08887593 -0.06380799 -0.098849654
  vertex -0.11067114 -0.032075632 -0.10946965
 endloop
endfacet
facet normal 0.1832516 -0.9790024 0.08929176
 outer loop
  vertex -0.049955666 0.07060761 -0.068770215
  vertex -0.051388524 0.07060761 -0.06582959
  vertex -0.095811255 0.059636366 -0.094951406
 endloop
endfacet
facet normal 0.18325295 -0.9790025 0.089289464
 outer loop
  vertex -0.049955666 0.07060761 -0.068770215
  vertex -0.095811255 0.059636366 -0.094951406
  vertex -0.094378404 0.059636373 -0.09789203
 endloop
endfacet
facet normal 0.7205787 -0.59790415 0.35110816
 outer loop
  vertex -0.094378404 0.059636373 -0.09789203
  vertex -0.095811255 0.059636366 -0.094951406
  vertex -0.115571596 0.030167572 -0.10457987
 endloop
endfacet
facet normal 0.7205876 -0.59790576 0.35108724
 outer loop
  vertex -0.094378404 0.059636373 -0.09789203
  vertex -0.115571596 0.030167572 -0.10457987
  vertex -0.114138834 0.030167574 -0.107520536
 endloop
endfacet
facet normal 0.88261825 -0.18979895 0.4300714
 outer loop
  vertex -0.115571596 0.030167572 -0.10457987
  vertex -0.120901264 -0.00050132774 -0.107176796
  vertex -0.11946838 -0.0005013189 -0.110117435
 endloop
endfacet
facet normal 0.8826341 -0.18979537 0.4300405
 outer loop
  vertex -0.115571596 0.030167572 -0.10457987
  vertex -0.11946838 -0.0005013189 -0.110117435
  vertex -0.114138834 0.030167574 -0.107520536
 endloop
endfacet
facet normal 0.8701494 0.2511403 0.4239913
 outer loop
  vertex -0.120901264 -0.00050132774 -0.107176796
  vertex -0.11353686 -0.03207564 -0.1035884
  vertex -0.112104006 -0.032075632 -0.10652902
 endloop
endfacet
facet normal 0.87014735 0.25113982 0.4239958
 outer loop
  vertex -0.120901264 -0.00050132774 -0.107176796
  vertex -0.112104006 -0.032075632 -0.10652902
  vertex -0.11946838 -0.0005013189 -0.110117435
 endloop
endfacet
facet normal 0.1832526 -0.97900236 0.089290224
 outer loop
  vertex -0.09724412 0.05963636 -0.09201078
  vertex -0.095811255 0.059636366 -0.094951406
  vertex -0.051388524 0.07060761 -0.06582959
 endloop
endfacet
facet normal 0.1832515 -0.9790024 0.089292176
 outer loop
  vertex -0.09724412 0.05963636 -0.09201078
  vertex -0.051388524 0.07060761 -0.06582959
  vertex -0.05282139 0.07060761 -0.062888965
 endloop
endfacet
facet normal 0.7205691 -0.59790534 0.3511258
 outer loop
  vertex -0.09724412 0.05963636 -0.09201078
  vertex -0.11700452 0.030167563 -0.101639286
  vertex -0.115571596 0.030167572 -0.10457987
 endloop
endfacet
facet normal 0.72057736 -0.59790415 0.35111094
 outer loop
  vertex -0.09724412 0.05963636 -0.09201078
  vertex -0.115571596 0.030167572 -0.10457987
  vertex -0.095811255 0.059636366 -0.094951406
 endloop
endfacet
facet normal 0.88261855 -0.18979698 0.43007156
 outer loop
  vertex -0.11700452 0.030167563 -0.101639286
  vertex -0.122334145 -0.00050133665 -0.104236156
  vertex -0.120901264 -0.00050132774 -0.107176796
 endloop
endfacet
facet normal 0.88261 -0.18979895 0.43008834
 outer loop
  vertex -0.11700452 0.030167563 -0.101639286
  vertex -0.120901264 -0.00050132774 -0.107176796
  vertex -0.115571596 0.030167572 -0.10457987
 endloop
endfacet
facet normal 0.8701479 0.25114048 0.42399424
 outer loop
  vertex -0.122334145 -0.00050133665 -0.104236156
  vertex -0.11496972 -0.03207565 -0.10064778
  vertex -0.11353686 -0.03207564 -0.1035884
 endloop
endfacet
facet normal 0.870147 0.25114027 0.42399612
 outer loop
  vertex -0.122334145 -0.00050133665 -0.104236156
  vertex -0.11353686 -0.03207564 -0.1035884
  vertex -0.120901264 -0.00050132774 -0.107176796
 endloop
endfacet
facet normal 0.7143265 0.60711867 0.34805843
 outer loop
  vertex -0.09317445 -0.06380799 -0.090027764
  vertex -0.091025196 -0.06380799 -0.09443872
  vertex -0.11353686 -0.03207564 -0.1035884
 endloop
endfacet
facet normal 0.7143218 0.6071193 0.3480669
 outer loop
  vertex -0.09317445 -0.06380799 -0.090027764
  vertex -0.11353686 -0.03207564 -0.1035884
  vertex -0.11496972 -0.03207565 -0.10064778
 endloop
endfacet
facet normal 0.18325047 -0.9790025 0.08929377
 outer loop
  vertex -0.09867702 0.05963636 -0.08907016
  vertex -0.09724412 0.05963636 -0.09201078
  vertex -0.05282139 0.07060761 -0.062888965
 endloop
endfacet
facet normal 0.1832514 -0.9790025 0.089292124
 outer loop
  vertex -0.09867702 0.05963636 -0.08907016
  vertex -0.05282139 0.07060761 -0.062888965
  vertex -0.054254256 0.07060761 -0.05994834
 endloop
endfacet
facet normal 0.7205775 -0.5979046 0.35110983
 outer loop
  vertex -0.09867702 0.05963636 -0.08907016
  vertex -0.11843739 0.030167557 -0.098698646
  vertex -0.11700452 0.030167563 -0.101639286
 endloop
endfacet
facet normal 0.7205727 -0.59790534 0.35111856
 outer loop
  vertex -0.09867702 0.05963636 -0.08907016
  vertex -0.11700452 0.030167563 -0.101639286
  vertex -0.09724412 0.05963636 -0.09201078
 endloop
endfacet
facet normal 0.88262135 -0.18979678 0.4300661
 outer loop
  vertex -0.11843739 0.030167557 -0.098698646
  vertex -0.123766996 -0.00050134555 -0.10129553
  vertex -0.122334145 -0.00050133665 -0.104236156
 endloop
endfacet
facet normal 0.8826203 -0.18979701 0.43006805
 outer loop
  vertex -0.11843739 0.030167557 -0.098698646
  vertex -0.122334145 -0.00050133665 -0.104236156
  vertex -0.11700452 0.030167563 -0.101639286
 endloop
endfacet
facet normal 0.87015426 0.25114155 0.42398056
 outer loop
  vertex -0.123766996 -0.00050134555 -0.10129553
  vertex -0.116402544 -0.03207566 -0.09770713
  vertex -0.11496972 -0.03207565 -0.10064778
 endloop
endfacet
facet normal 0.8701498 0.25114048 0.42399052
 outer loop
  vertex -0.123766996 -0.00050134555 -0.10129553
  vertex -0.11496972 -0.03207565 -0.10064778
  vertex -0.122334145 -0.00050133665 -0.104236156
 endloop
endfacet
facet normal 0.71432215 0.60711837 0.3480678
 outer loop
  vertex -0.116402544 -0.03207566 -0.09770713
  vertex -0.094607316 -0.063808 -0.08708714
  vertex -0.09317445 -0.06380799 -0.090027764
 endloop
endfacet
facet normal 0.7143274 0.6071193 0.3480554
 outer loop
  vertex -0.116402544 -0.03207566 -0.09770713
  vertex -0.09317445 -0.06380799 -0.090027764
  vertex -0.11496972 -0.03207565 -0.10064778
 endloop
endfacet
facet normal -0.8576685 -0.29958513 -0.41791555
 outer loop
  vertex -0.13424647 -0.0005013363 -0.124595836
  vertex -0.1328136 -0.0005013274 -0.12753645
  vertex -0.120752566 -0.04144135 -0.12294066
 endloop
endfacet
facet normal -0.60047674 -0.22889441 -0.7661821
 outer loop
  vertex -0.13424647 -0.0005013363 -0.124595836
  vertex -0.120752566 -0.04144135 -0.12294066
  vertex -0.12451827 -0.041889068 -0.11985563
 endloop
endfacet
facet normal -0.19788902 -0.9773899 -0.07449154
 outer loop
  vertex -0.045297347 -0.09165737 -0.07823545
  vertex -0.054266155 -0.0912371 -0.059923857
  vertex -0.106385134 -0.0779937 -0.09523244
 endloop
endfacet
facet normal -0.87951994 0.2068324 -0.42856148
 outer loop
  vertex -0.1328136 -0.0005013274 -0.12753645
  vertex -0.13424647 -0.0005013363 -0.124595836
  vertex -0.12655306 0.03998099 -0.120847136
 endloop
endfacet
facet normal -0.60366285 0.21997784 -0.7662903
 outer loop
  vertex -0.1328136 -0.0005013274 -0.12753645
  vertex -0.12655306 0.03998099 -0.120847136
  vertex -0.1226606 0.038492884 -0.1243407
 endloop
endfacet
facet normal -0.8697176 -0.2529651 -0.42379242
 outer loop
  vertex -0.13567936 -0.0005013363 -0.12165521
  vertex -0.13424647 -0.0005013363 -0.124595836
  vertex -0.12451827 -0.041889068 -0.11985563
 endloop
endfacet
facet normal -0.86973095 -0.25296745 -0.4237637
 outer loop
  vertex -0.13567936 -0.0005013363 -0.12165521
  vertex -0.12451827 -0.041889068 -0.11985563
  vertex -0.12595105 -0.041889068 -0.11691499
 endloop
endfacet
facet normal -0.7191007 -0.6001116 -0.35037136
 outer loop
  vertex -0.12595105 -0.041889068 -0.11691499
  vertex -0.12451827 -0.041889068 -0.11985563
  vertex -0.106385134 -0.0779937 -0.09523244
 endloop
endfacet
facet normal -0.87951696 0.20683321 -0.4285674
 outer loop
  vertex -0.13424647 -0.0005013363 -0.124595836
  vertex -0.13567936 -0.0005013363 -0.12165521
  vertex -0.12798592 0.03998098 -0.117906496
 endloop
endfacet
facet normal -0.8795216 0.20683238 -0.42855805
 outer loop
  vertex -0.13424647 -0.0005013363 -0.124595836
  vertex -0.12798592 0.03998098 -0.117906496
  vertex -0.12655306 0.03998099 -0.120847136
 endloop
endfacet
facet normal -0.869728 -0.25296742 -0.42376965
 outer loop
  vertex -0.13711217 -0.000501345 -0.11871457
  vertex -0.13567936 -0.0005013363 -0.12165521
  vertex -0.12595105 -0.041889068 -0.11691499
 endloop
endfacet
facet normal -0.86971664 -0.25296545 -0.4237941
 outer loop
  vertex -0.13711217 -0.000501345 -0.11871457
  vertex -0.12595105 -0.041889068 -0.11691499
  vertex -0.12738395 -0.041889068 -0.11397438
 endloop
endfacet
facet normal -0.8795275 0.206833 -0.4285458
 outer loop
  vertex -0.13711217 -0.000501345 -0.11871457
  vertex -0.12941873 0.03998098 -0.11496587
  vertex -0.12798592 0.03998098 -0.117906496
 endloop
endfacet
facet normal -0.8795287 0.20683324 -0.42854327
 outer loop
  vertex -0.13711217 -0.000501345 -0.11871457
  vertex -0.12798592 0.03998098 -0.117906496
  vertex -0.13567936 -0.0005013363 -0.12165521
 endloop
endfacet
facet normal -0.8697168 -0.25296623 -0.4237931
 outer loop
  vertex -0.12881681 -0.041889068 -0.11103374
  vertex -0.13854507 -0.000501345 -0.11577395
  vertex -0.13711217 -0.000501345 -0.11871457
 endloop
endfacet
facet normal -0.86972183 -0.25296542 -0.4237836
 outer loop
  vertex -0.12881681 -0.041889068 -0.11103374
  vertex -0.13711217 -0.000501345 -0.11871457
  vertex -0.12738395 -0.041889068 -0.11397438
 endloop
endfacet
facet normal -0.7243186 0.59229153 -0.352921
 outer loop
  vertex -0.11050261 0.07375377 -0.09710909
  vertex -0.12798592 0.03998098 -0.117906496
  vertex -0.12941873 0.03998098 -0.11496587
 endloop
endfacet
facet normal -0.8795166 0.20683312 -0.42856833
 outer loop
  vertex -0.13711217 -0.000501345 -0.11871457
  vertex -0.13854507 -0.000501345 -0.11577395
  vertex -0.13085163 0.039980978 -0.112025246
 endloop
endfacet
facet normal -0.879517 0.20683299 -0.4285672
 outer loop
  vertex -0.13711217 -0.000501345 -0.11871457
  vertex -0.13085163 0.039980978 -0.112025246
  vertex -0.12941873 0.03998098 -0.11496587
 endloop
endfacet
facet normal -0.8697238 -0.25296623 -0.4237789
 outer loop
  vertex -0.1399779 -0.0005013451 -0.112833336
  vertex -0.13854507 -0.000501345 -0.11577395
  vertex -0.12881681 -0.041889068 -0.11103374
 endloop
endfacet
facet normal -0.8697208 -0.2529657 -0.42378518
 outer loop
  vertex -0.1399779 -0.0005013451 -0.112833336
  vertex -0.12881681 -0.041889068 -0.11103374
  vertex -0.13024968 -0.041889068 -0.10809311
 endloop
endfacet
facet normal -0.8795235 0.20683336 -0.42855385
 outer loop
  vertex -0.13854507 -0.000501345 -0.11577395
  vertex -0.1399779 -0.0005013451 -0.112833336
  vertex -0.13228446 0.039980974 -0.109084606
 endloop
endfacet
facet normal -0.8795249 0.2068331 -0.42855102
 outer loop
  vertex -0.13854507 -0.000501345 -0.11577395
  vertex -0.13228446 0.039980974 -0.109084606
  vertex -0.13085163 0.039980978 -0.112025246
 endloop
endfacet
facet normal -0.8697278 -0.25296623 -0.42377073
 outer loop
  vertex -0.13024968 -0.041889068 -0.10809311
  vertex -0.13168249 -0.04188909 -0.10515247
  vertex -0.14141074 -0.00050135393 -0.109892696
 endloop
endfacet
facet normal -0.8697249 -0.25296572 -0.42377695
 outer loop
  vertex -0.13024968 -0.041889068 -0.10809311
  vertex -0.14141074 -0.00050135393 -0.109892696
  vertex -0.1399779 -0.0005013451 -0.112833336
 endloop
endfacet
facet normal -0.7243157 0.59229314 -0.35292438
 outer loop
  vertex -0.13085163 0.039980978 -0.112025246
  vertex -0.13228446 0.039980974 -0.109084606
  vertex -0.11050261 0.07375377 -0.09710909
 endloop
endfacet
facet normal -0.7190941 -0.6001156 -0.35037816
 outer loop
  vertex -0.13168249 -0.04188909 -0.10515247
  vertex -0.13024968 -0.041889068 -0.10809311
  vertex -0.106385134 -0.0779937 -0.09523244
 endloop
endfacet
facet normal -0.8795204 0.20683335 -0.4285602
 outer loop
  vertex -0.13371733 0.039980974 -0.10614398
  vertex -0.13228446 0.039980974 -0.109084606
  vertex -0.1399779 -0.0005013451 -0.112833336
 endloop
endfacet
facet normal -0.8795251 0.20683254 -0.42855078
 outer loop
  vertex -0.13371733 0.039980974 -0.10614398
  vertex -0.1399779 -0.0005013451 -0.112833336
  vertex -0.14141074 -0.00050135393 -0.109892696
 endloop
endfacet
facet normal 0.898958 0 0.4380349
 outer loop
  vertex -0.04708994 0.07060761 -0.074651465
  vertex -0.04565707 0.07060761 -0.07759208
  vertex -0.04565707 0.07387875 -0.07759208
 endloop
endfacet
facet normal 0.898958 0 0.43803486
 outer loop
  vertex -0.04708994 0.07060761 -0.074651465
  vertex -0.04565707 0.07387875 -0.07759208
  vertex -0.04708994 0.075514324 -0.074651465
 endloop
endfacet
facet normal -0.72431165 0.59229326 -0.35293227
 outer loop
  vertex -0.13228446 0.039980974 -0.109084606
  vertex -0.13371733 0.039980974 -0.10614398
  vertex -0.11050261 0.07375377 -0.09710909
 endloop
endfacet
facet normal 0.8989593 0 0.4380321
 outer loop
  vertex -0.048522808 0.07060761 -0.07171084
  vertex -0.04708994 0.07060761 -0.074651465
  vertex -0.04708994 0.075514324 -0.074651465
 endloop
endfacet
facet normal 0.8989593 0 0.4380321
 outer loop
  vertex -0.048522808 0.07060761 -0.07171084
  vertex -0.04708994 0.075514324 -0.074651465
  vertex -0.048522808 0.075514324 -0.07171084
 endloop
endfacet
facet normal 0.8989602 0 0.43803027
 outer loop
  vertex -0.049955666 0.07060761 -0.068770215
  vertex -0.048522808 0.07060761 -0.07171084
  vertex -0.048522808 0.075514324 -0.07171084
 endloop
endfacet
facet normal 0.8989602 0 0.43803027
 outer loop
  vertex -0.049955666 0.07060761 -0.068770215
  vertex -0.048522808 0.075514324 -0.07171084
  vertex -0.049955666 0.075514324 -0.068770215
 endloop
endfacet
facet normal 0.8989602 0 0.43803027
 outer loop
  vertex -0.051388524 0.07060761 -0.06582959
  vertex -0.049955666 0.07060761 -0.068770215
  vertex -0.049955666 0.075514324 -0.068770215
 endloop
endfacet
facet normal 0.898958 3.3998642e-06 0.43803486
 outer loop
  vertex -0.051388524 0.07060761 -0.06582959
  vertex -0.049955666 0.075514324 -0.068770215
  vertex -0.05138854 0.075514324 -0.0658296
 endloop
endfacet
facet normal 0.8989593 -6.651281e-07 0.4380321
 outer loop
  vertex -0.05282139 0.075514324 -0.06288896
  vertex -0.05282139 0.07060761 -0.062888965
  vertex -0.051388524 0.07060761 -0.06582959
 endloop
endfacet
facet normal 0.898962 3.3951706e-06 0.43802664
 outer loop
  vertex -0.05282139 0.075514324 -0.06288896
  vertex -0.051388524 0.07060761 -0.06582959
  vertex -0.05138854 0.075514324 -0.0658296
 endloop
endfacet
facet normal 0.8989611 -0 0.43802848
 outer loop
  vertex -0.047089957 0.0869633 -0.074651465
  vertex -0.047089957 0.083692156 -0.074651465
  vertex -0.0456571 0.08369218 -0.077592105
 endloop
endfacet
facet normal 0.8995668 0.0013867295 0.43678102
 outer loop
  vertex -0.047089957 0.0869633 -0.074651465
  vertex -0.0456571 0.08369218 -0.077592105
  vertex -0.045257412 0.09015533 -0.07843579
 endloop
endfacet
facet normal 0.8989612 -0 0.43802848
 outer loop
  vertex -0.047089957 0.083692156 -0.074651465
  vertex -0.047089957 0.08042102 -0.074651465
  vertex -0.0456571 0.08042104 -0.077592105
 endloop
endfacet
facet normal 0.89896107 0 0.43802842
 outer loop
  vertex -0.047089957 0.083692156 -0.074651465
  vertex -0.0456571 0.08042104 -0.077592105
  vertex -0.0456571 0.08369218 -0.077592105
 endloop
endfacet
facet normal 0.8989573 2.7300448e-06 0.43803605
 outer loop
  vertex -0.047089957 0.08042102 -0.074651465
  vertex -0.04708994 0.075514324 -0.074651465
  vertex -0.04565707 0.07714989 -0.07759208
 endloop
endfacet
facet normal 0.8989611 1.1183179e-05 0.43802848
 outer loop
  vertex -0.047089957 0.08042102 -0.074651465
  vertex -0.04565707 0.07714989 -0.07759208
  vertex -0.0456571 0.08042104 -0.077592105
 endloop
endfacet
facet normal 0.8989571 0 0.43803665
 outer loop
  vertex -0.048522837 0.083692156 -0.07171085
  vertex -0.047089957 0.083692156 -0.074651465
  vertex -0.047089957 0.0869633 -0.074651465
 endloop
endfacet
facet normal 0.8989571 0 0.43803665
 outer loop
  vertex -0.048522837 0.083692156 -0.07171085
  vertex -0.047089957 0.0869633 -0.074651465
  vertex -0.048522837 0.0869633 -0.07171085
 endloop
endfacet
facet normal 0.89895713 0 0.4380367
 outer loop
  vertex -0.048522837 0.08042102 -0.07171085
  vertex -0.047089957 0.08042102 -0.074651465
  vertex -0.047089957 0.083692156 -0.074651465
 endloop
endfacet
facet normal 0.89895713 0 0.4380367
 outer loop
  vertex -0.048522837 0.08042102 -0.07171085
  vertex -0.047089957 0.083692156 -0.074651465
  vertex -0.048522837 0.083692156 -0.07171085
 endloop
endfacet
facet normal 0.898957 6.125225e-06 0.43803665
 outer loop
  vertex -0.047089957 0.08042102 -0.074651465
  vertex -0.048522837 0.08042102 -0.07171085
  vertex -0.048522808 0.075514324 -0.07171084
 endloop
endfacet
facet normal 0.8989593 2.7198967e-06 0.4380321
 outer loop
  vertex -0.047089957 0.08042102 -0.074651465
  vertex -0.048522808 0.075514324 -0.07171084
  vertex -0.04708994 0.075514324 -0.074651465
 endloop
endfacet
facet normal 0.8989625 0 0.4380257
 outer loop
  vertex -0.04995568 0.083692156 -0.068770215
  vertex -0.048522837 0.083692156 -0.07171085
  vertex -0.048522837 0.0869633 -0.07171085
 endloop
endfacet
facet normal 0.8989625 0 0.4380257
 outer loop
  vertex -0.04995568 0.083692156 -0.068770215
  vertex -0.048522837 0.0869633 -0.07171085
  vertex -0.04995568 0.0869633 -0.068770215
 endloop
endfacet
facet normal 0.89896244 0 0.43802568
 outer loop
  vertex -0.04995568 0.08042102 -0.068770215
  vertex -0.048522837 0.08042102 -0.07171085
  vertex -0.048522837 0.083692156 -0.07171085
 endloop
endfacet
facet normal 0.89896244 0 0.43802568
 outer loop
  vertex -0.04995568 0.08042102 -0.068770215
  vertex -0.048522837 0.083692156 -0.07171085
  vertex -0.04995568 0.083692156 -0.068770215
 endloop
endfacet
facet normal 0.8989625 2.7300605e-06 0.4380257
 outer loop
  vertex -0.048522837 0.08042102 -0.07171085
  vertex -0.04995568 0.08042102 -0.068770215
  vertex -0.049955666 0.075514324 -0.068770215
 endloop
endfacet
facet normal 0.89896023 6.1197734e-06 0.43803027
 outer loop
  vertex -0.048522837 0.08042102 -0.07171085
  vertex -0.049955666 0.075514324 -0.068770215
  vertex -0.048522808 0.075514324 -0.07171084
 endloop
endfacet
facet normal 0.89895976 0 0.43803114
 outer loop
  vertex -0.05138854 0.083692156 -0.0658296
  vertex -0.04995568 0.083692156 -0.068770215
  vertex -0.04995568 0.0869633 -0.068770215
 endloop
endfacet
facet normal 0.89895976 0 0.43803114
 outer loop
  vertex -0.05138854 0.083692156 -0.0658296
  vertex -0.04995568 0.0869633 -0.068770215
  vertex -0.05138854 0.0869633 -0.0658296
 endloop
endfacet
facet normal 0.89895976 0 0.43803117
 outer loop
  vertex -0.05138854 0.08042102 -0.0658296
  vertex -0.04995568 0.08042102 -0.068770215
  vertex -0.04995568 0.083692156 -0.068770215
 endloop
endfacet
facet normal 0.89895976 0 0.43803117
 outer loop
  vertex -0.05138854 0.08042102 -0.0658296
  vertex -0.04995568 0.083692156 -0.068770215
  vertex -0.05138854 0.083692156 -0.0658296
 endloop
endfacet
facet normal 0.898958 -0 0.4380349
 outer loop
  vertex -0.05138854 0.08042102 -0.0658296
  vertex -0.05138854 0.075514324 -0.0658296
  vertex -0.049955666 0.075514324 -0.068770215
 endloop
endfacet
facet normal 0.89895976 2.7300523e-06 0.43803117
 outer loop
  vertex -0.05138854 0.08042102 -0.0658296
  vertex -0.049955666 0.075514324 -0.068770215
  vertex -0.04995568 0.08042102 -0.068770215
 endloop
endfacet
facet normal 0.89895755 0 0.43803582
 outer loop
  vertex -0.05282142 0.083692156 -0.06288897
  vertex -0.05138854 0.083692156 -0.0658296
  vertex -0.05138854 0.0869633 -0.0658296
 endloop
endfacet
facet normal 0.89895755 0 0.43803582
 outer loop
  vertex -0.05282142 0.083692156 -0.06288897
  vertex -0.05138854 0.0869633 -0.0658296
  vertex -0.05282142 0.0869633 -0.06288897
 endloop
endfacet
facet normal 0.8989575 0 0.4380358
 outer loop
  vertex -0.05282142 0.08042102 -0.06288897
  vertex -0.05138854 0.08042102 -0.0658296
  vertex -0.05138854 0.083692156 -0.0658296
 endloop
endfacet
facet normal 0.8989575 0 0.4380358
 outer loop
  vertex -0.05282142 0.08042102 -0.06288897
  vertex -0.05138854 0.083692156 -0.0658296
  vertex -0.05282142 0.083692156 -0.06288897
 endloop
endfacet
facet normal 0.89896196 6.790361e-06 0.4380266
 outer loop
  vertex -0.05282142 0.08042102 -0.06288897
  vertex -0.05282139 0.075514324 -0.06288896
  vertex -0.05138854 0.075514324 -0.0658296
 endloop
endfacet
facet normal 0.8989575 0 0.43803576
 outer loop
  vertex -0.05282142 0.08042102 -0.06288897
  vertex -0.05138854 0.075514324 -0.0658296
  vertex -0.05138854 0.08042102 -0.0658296
 endloop
endfacet
facet normal 0.89895654 0.0031954546 0.43802616
 outer loop
  vertex -0.05425427 0.0869633 -0.059948348
  vertex -0.05282142 0.0869633 -0.06288897
  vertex -0.045257412 0.09015533 -0.07843579
 endloop
endfacet
facet normal 0.89917827 0 0.43758234
 outer loop
  vertex -0.05425427 0.0869633 -0.059948348
  vertex -0.045257412 0.09015533 -0.07843579
  vertex -0.05425427 0.09023444 -0.059948348
 endloop
endfacet
facet normal 0.8989611 0 0.43802842
 outer loop
  vertex -0.05425427 0.083692156 -0.059948348
  vertex -0.05282142 0.083692156 -0.06288897
  vertex -0.05282142 0.0869633 -0.06288897
 endloop
endfacet
facet normal 0.8989611 0 0.43802842
 outer loop
  vertex -0.05425427 0.083692156 -0.059948348
  vertex -0.05282142 0.0869633 -0.06288897
  vertex -0.05425427 0.0869633 -0.059948348
 endloop
endfacet
facet normal 0.89896107 0 0.4380284
 outer loop
  vertex -0.05425427 0.08042102 -0.059948348
  vertex -0.05282142 0.08042102 -0.06288897
  vertex -0.05282142 0.083692156 -0.06288897
 endloop
endfacet
facet normal 0.89896107 0 0.4380284
 outer loop
  vertex -0.05425427 0.08042102 -0.059948348
  vertex -0.05282142 0.083692156 -0.06288897
  vertex -0.05425427 0.083692156 -0.059948348
 endloop
endfacet
facet normal 0.8989567 6.7903625e-06 0.4380376
 outer loop
  vertex -0.05425427 0.075514324 -0.059948348
  vertex -0.05282139 0.075514324 -0.06288896
  vertex -0.05282142 0.08042102 -0.06288897
 endloop
endfacet
facet normal 0.8989611 0 0.43802845
 outer loop
  vertex -0.05425427 0.075514324 -0.059948348
  vertex -0.05282142 0.08042102 -0.06288897
  vertex -0.05425427 0.08042102 -0.059948348
 endloop
endfacet
facet normal 0.73071146 -0.02481059 -0.6822354
 outer loop
  vertex -0.06790158 0.020146776 -0.13614158
  vertex -0.07059561 -0.016949875 -0.13767795
  vertex -0.09919613 -0.0006776179 -0.16890244
 endloop
endfacet
facet normal 0.7547331 -0.11935861 -0.6450826
 outer loop
  vertex -0.06790158 0.020146776 -0.13614158
  vertex -0.09919613 -0.0006776179 -0.16890244
  vertex -0.09010438 0.038664464 -0.16554469
 endloop
endfacet
facet normal 0.5816382 0.27868932 -0.7642181
 outer loop
  vertex -0.04709688 -0.03595228 -0.12672298
  vertex -0.060377844 -0.06970952 -0.14914131
  vertex -0.07059561 -0.016949875 -0.13767795
 endloop
endfacet
facet normal -0.92025876 0 0.39131036
 outer loop
  vertex -0.0456571 0.08369218 -0.077592105
  vertex -0.017089173 0.08369217 -0.010407876
  vertex -0.017089173 0.08696332 -0.010407876
 endloop
endfacet
facet normal -0.9168483 0.10691059 0.38465476
 outer loop
  vertex -0.0456571 0.08369218 -0.077592105
  vertex -0.017089173 0.08696332 -0.010407876
  vertex -0.045257412 0.09015533 -0.07843579
 endloop
endfacet
facet normal 0.7652284 0.13870177 -0.6286393
 outer loop
  vertex -0.07059561 -0.016949875 -0.13767795
  vertex -0.087532796 -0.04412766 -0.16429166
  vertex -0.09919613 -0.0006776179 -0.16890244
 endloop
endfacet
facet normal 0.6549441 0.27939594 -0.70212966
 outer loop
  vertex -0.07059561 -0.016949875 -0.13767795
  vertex -0.060377844 -0.06970952 -0.14914131
  vertex -0.087532796 -0.04412766 -0.16429166
 endloop
endfacet
facet normal 0.14375442 0.98713136 0.07004534
 outer loop
  vertex -0.094607316 -0.063808 -0.08708714
  vertex -0.05425425 -0.07161029 -0.059948303
  vertex -0.052821405 -0.07161029 -0.062888935
 endloop
endfacet
facet normal 0.14375155 0.9871314 0.07005031
 outer loop
  vertex -0.094607316 -0.063808 -0.08708714
  vertex -0.052821405 -0.07161029 -0.062888935
  vertex -0.09317445 -0.06380799 -0.090027764
 endloop
endfacet
facet normal 0.5281199 0.0010614655 -0.8491691
 outer loop
  vertex -0.030322827 -0.023861686 -0.11627565
  vertex -0.04709688 -0.03595228 -0.12672298
  vertex -0.04714769 -0.02852836 -0.1267453
 endloop
endfacet
facet normal -0.9202589 0 0.3913101
 outer loop
  vertex -0.017089173 0.07387874 -0.010407876
  vertex -0.017089173 0.07714988 -0.010407876
  vertex -0.04565707 0.07714989 -0.07759208
 endloop
endfacet
facet normal -0.9202589 0 0.3913101
 outer loop
  vertex -0.017089173 0.07387874 -0.010407876
  vertex -0.04565707 0.07714989 -0.07759208
  vertex -0.04565707 0.07387875 -0.07759208
 endloop
endfacet
facet normal -0.9233347 0 0.38399598
 outer loop
  vertex -0.045297347 -0.09165737 -0.07823545
  vertex -0.017089244 -0.08633043 -0.010407858
  vertex -0.017089244 -0.08142374 -0.010407858
 endloop
endfacet
facet normal -0.9187699 -0.05686295 0.3906769
 outer loop
  vertex -0.045297347 -0.09165737 -0.07823545
  vertex -0.017089244 -0.08142374 -0.010407858
  vertex -0.045657136 -0.0814237 -0.07759207
 endloop
endfacet
facet normal -0.9202589 7.345309e-07 0.39131004
 outer loop
  vertex -0.045657136 -0.07488141 -0.07759207
  vertex -0.017089244 -0.07488142 -0.010407858
  vertex -0.017089248 -0.071610294 -0.0104078725
 endloop
endfacet
facet normal -0.9202589 -1.4624364e-06 0.39131016
 outer loop
  vertex -0.045657136 -0.07488141 -0.07759207
  vertex -0.017089248 -0.071610294 -0.0104078725
  vertex -0.04565715 -0.07161029 -0.07759209
 endloop
endfacet
facet normal -0.9202589 0 0.3913101
 outer loop
  vertex -0.04565707 0.07714989 -0.07759208
  vertex -0.017089173 0.07714988 -0.010407876
  vertex -0.017089173 0.08042104 -0.010407876
 endloop
endfacet
facet normal -0.92025876 -6.3371795e-06 0.39131036
 outer loop
  vertex -0.04565707 0.07714989 -0.07759208
  vertex -0.017089173 0.08042104 -0.010407876
  vertex -0.0456571 0.08042104 -0.077592105
 endloop
endfacet
facet normal -0.92025894 0 0.39131007
 outer loop
  vertex -0.017089244 -0.08142374 -0.010407858
  vertex -0.017089244 -0.078152575 -0.010407858
  vertex -0.045657136 -0.07815257 -0.07759207
 endloop
endfacet
facet normal -0.9202589 0 0.39131004
 outer loop
  vertex -0.017089244 -0.08142374 -0.010407858
  vertex -0.045657136 -0.07815257 -0.07759207
  vertex -0.045657136 -0.0814237 -0.07759207
 endloop
endfacet
facet normal -0.92025876 0 0.3913104
 outer loop
  vertex -0.017089173 0.08042104 -0.010407876
  vertex -0.017089173 0.08369217 -0.010407876
  vertex -0.0456571 0.08369218 -0.077592105
 endloop
endfacet
facet normal -0.92025876 0 0.39131036
 outer loop
  vertex -0.017089173 0.08042104 -0.010407876
  vertex -0.0456571 0.08369218 -0.077592105
  vertex -0.0456571 0.08042104 -0.077592105
 endloop
endfacet
facet normal -0.9202589 0 0.39131007
 outer loop
  vertex -0.017089244 -0.078152575 -0.010407858
  vertex -0.017089244 -0.07488142 -0.010407858
  vertex -0.045657136 -0.07488141 -0.07759207
 endloop
endfacet
facet normal -0.9202589 0 0.39131007
 outer loop
  vertex -0.017089244 -0.078152575 -0.010407858
  vertex -0.045657136 -0.07488141 -0.07759207
  vertex -0.045657136 -0.07815257 -0.07759207
 endloop
endfacet
facet normal -0.9202589 0 0.3913101
 outer loop
  vertex -0.017089173 0.0706076 -0.010407876
  vertex -0.017089173 0.07387874 -0.010407876
  vertex -0.04565707 0.07387875 -0.07759208
 endloop
endfacet
facet normal -0.9202589 0 0.3913101
 outer loop
  vertex -0.017089173 0.0706076 -0.010407876
  vertex -0.04565707 0.07387875 -0.07759208
  vertex -0.04565707 0.07060761 -0.07759208
 endloop
endfacet
facet normal 0.9964516 1.9552251e-06 0.084167406
 outer loop
  vertex 0.012501903 -0.07161032 0.013105426
  vertex 0.01250194 -0.091237165 0.013105441
  vertex 0.017330527 -0.09123715 -0.044059843
 endloop
endfacet
facet normal 0.9964516 1.6248865e-06 0.084167525
 outer loop
  vertex 0.012501903 -0.07161032 0.013105426
  vertex 0.017330527 -0.09123715 -0.044059843
  vertex 0.017330498 -0.071610294 -0.04405987
 endloop
endfacet
facet normal 0.9964516 1.5609864e-06 0.0841677
 outer loop
  vertex 0.017330594 0.0706076 -0.044059854
  vertex 0.017330565 0.090234436 -0.044059865
  vertex 0.0125019625 0.09023443 0.013105396
 endloop
endfacet
facet normal 0.9964516 1.4491577e-06 0.08416774
 outer loop
  vertex 0.017330594 0.0706076 -0.044059854
  vertex 0.0125019625 0.09023443 0.013105396
  vertex 0.012501992 0.070607595 0.013105381
 endloop
endfacet
facet normal 0.94796836 9.560206e-07 -0.3183645
 outer loop
  vertex 0.02690535 0.09023442 0.05599316
  vertex 0.02690538 0.07060759 0.05599319
  vertex 0.012501992 0.070607595 0.013105381
 endloop
endfacet
facet normal 0.9479683 1.6811505e-06 -0.31836483
 outer loop
  vertex 0.02690535 0.09023442 0.05599316
  vertex 0.012501992 0.070607595 0.013105381
  vertex 0.0125019625 0.09023443 0.013105396
 endloop
endfacet
facet normal 0.9479683 1.5575894e-06 -0.31836468
 outer loop
  vertex 0.01250194 -0.091237165 0.013105441
  vertex 0.012501903 -0.07161032 0.013105426
  vertex 0.026905283 -0.071610324 0.05599319
 endloop
endfacet
facet normal -0.57581127 -2.623015e-06 0.8175827
 outer loop
  vertex 0.02690535 0.09023442 0.05599316
  vertex -0.042478725 0.08042103 0.007126961
  vertex -0.042478703 0.07551432 0.007126961
 endloop
endfacet
facet normal -0.5758117 2.7957068e-07 0.81758237
 outer loop
  vertex 0.02690535 0.09023442 0.05599316
  vertex -0.042478703 0.07551432 0.007126961
  vertex 0.02690538 0.07060759 0.05599319
 endloop
endfacet
facet normal -0.57581186 -1.0144464e-06 0.8175822
 outer loop
  vertex 0.026905283 -0.071610324 0.05599319
  vertex -0.042478792 -0.08142374 0.007126931
  vertex -0.042478763 -0.08633046 0.007126946
 endloop
endfacet
facet normal -0.575812 0 0.81758213
 outer loop
  vertex 0.026905283 -0.071610324 0.05599319
  vertex -0.042478763 -0.08633046 0.007126946
  vertex 0.026905283 -0.091237195 0.05599319
 endloop
endfacet
facet normal -0.46912035 0.36851543 -0.80257237
 outer loop
  vertex -0.01905153 -0.08633046 -0.004313737
  vertex -0.016912933 -0.091487095 -0.007931553
  vertex -0.042478748 -0.091237165 0.007126961
 endloop
endfacet
facet normal -0.43881908 -4.061529e-06 -0.89857537
 outer loop
  vertex -0.01905153 -0.08633046 -0.004313737
  vertex -0.042478748 -0.091237165 0.007126961
  vertex -0.042478763 -0.08633046 0.007126946
 endloop
endfacet
facet normal -0.43881953 0 -0.8985752
 outer loop
  vertex -0.01905147 0.08042103 -0.004313737
  vertex -0.01905147 0.07551432 -0.004313737
  vertex -0.042478703 0.07551432 0.007126961
 endloop
endfacet
facet normal -0.4388192 -1.9989698e-06 -0.89857537
 outer loop
  vertex -0.01905147 0.08042103 -0.004313737
  vertex -0.042478703 0.07551432 0.007126961
  vertex -0.042478725 0.08042103 0.007126961
 endloop
endfacet
facet normal -0.4388188 0 -0.8985756
 outer loop
  vertex -0.01905154 -0.07488144 -0.004313752
  vertex -0.01905154 -0.078152575 -0.004313752
  vertex -0.042478792 -0.078152575 0.007126931
 endloop
endfacet
facet normal -0.4388188 -0 -0.8985756
 outer loop
  vertex -0.01905154 -0.07488144 -0.004313752
  vertex -0.042478792 -0.078152575 0.007126931
  vertex -0.042478792 -0.07488144 0.007126931
 endloop
endfacet
facet normal -0.43881875 0 -0.89857554
 outer loop
  vertex -0.01905154 -0.07161032 -0.004313752
  vertex -0.01905154 -0.07488144 -0.004313752
  vertex -0.042478792 -0.07488144 0.007126931
 endloop
endfacet
facet normal -0.43881875 -0 -0.89857554
 outer loop
  vertex -0.01905154 -0.07161032 -0.004313752
  vertex -0.042478792 -0.07488144 0.007126931
  vertex -0.042478792 -0.07161032 0.007126931
 endloop
endfacet
facet normal -0.4388192 0 -0.8985753
 outer loop
  vertex -0.01905147 0.083692156 -0.004313737
  vertex -0.01905147 0.08042103 -0.004313737
  vertex -0.042478725 0.08042103 0.007126961
 endloop
endfacet
facet normal -0.4388192 -0 -0.8985753
 outer loop
  vertex -0.01905147 0.083692156 -0.004313737
  vertex -0.042478725 0.08042103 0.007126961
  vertex -0.042478725 0.083692156 0.007126961
 endloop
endfacet
facet normal -0.4388196 0 -0.89857525
 outer loop
  vertex -0.01905147 0.07551432 -0.004313737
  vertex -0.01905147 0.070607595 -0.004313737
  vertex -0.042478703 0.070607595 0.007126961
 endloop
endfacet
facet normal -0.4388196 -0 -0.89857525
 outer loop
  vertex -0.01905147 0.07551432 -0.004313737
  vertex -0.042478703 0.070607595 0.007126961
  vertex -0.042478703 0.07551432 0.007126961
 endloop
endfacet
facet normal -0.4388184 -5.394158e-06 -0.89857584
 outer loop
  vertex -0.042478763 -0.08633046 0.007126946
  vertex -0.042478792 -0.08142374 0.007126931
  vertex -0.019051544 -0.08142374 -0.004313737
 endloop
endfacet
facet normal -0.4388191 -1.3326443e-06 -0.8985754
 outer loop
  vertex -0.042478763 -0.08633046 0.007126946
  vertex -0.019051544 -0.08142374 -0.004313737
  vertex -0.01905153 -0.08633046 -0.004313737
 endloop
endfacet
facet normal -0.43881923 0 -0.8985754
 outer loop
  vertex -0.01905147 0.0869633 -0.004313737
  vertex -0.01905147 0.083692156 -0.004313737
  vertex -0.042478725 0.083692156 0.007126961
 endloop
endfacet
facet normal -0.43881923 -0 -0.8985754
 outer loop
  vertex -0.01905147 0.0869633 -0.004313737
  vertex -0.042478725 0.083692156 0.007126961
  vertex -0.042478725 0.0869633 0.007126961
 endloop
endfacet
facet normal -0.4388188 -3.5935518e-06 -0.8985756
 outer loop
  vertex -0.042478792 -0.078152575 0.007126931
  vertex -0.01905154 -0.078152575 -0.004313752
  vertex -0.019051544 -0.08142374 -0.004313737
 endloop
endfacet
facet normal -0.4388184 0 -0.8985758
 outer loop
  vertex -0.042478792 -0.078152575 0.007126931
  vertex -0.019051544 -0.08142374 -0.004313737
  vertex -0.042478792 -0.08142374 0.007126931
 endloop
endfacet
facet normal -0.43939793 -0.47044948 -0.76524943
 outer loop
  vertex -0.042478725 0.09023443 0.007126961
  vertex -0.017129887 0.0905187 -0.0076028258
  vertex -0.01905147 0.0869633 -0.004313737
 endloop
endfacet
facet normal -0.4388192 0 -0.8985753
 outer loop
  vertex -0.042478725 0.09023443 0.007126961
  vertex -0.01905147 0.0869633 -0.004313737
  vertex -0.042478725 0.0869633 0.007126961
 endloop
endfacet
facet normal 0 0 0
 outer loop
  vertex -0.01905147 0.07551432 -0.004313737
  vertex -0.01905147 0.08042103 -0.004313737
  vertex -0.01905147 0.083692156 -0.004313737
 endloop
endfacet
facet normal -0.8634418 -0 -0.5044483
 outer loop
  vertex -0.01905147 0.083692156 -0.004313737
  vertex -0.01905147 0.0869633 -0.004313737
  vertex -0.017129887 0.0905187 -0.0076028258
 endloop
endfacet
facet normal -0.99989474 0 -0.014512899
 outer loop
  vertex -0.017129887 0.0905187 -0.0076028258
  vertex -0.017089173 0.08696332 -0.010407876
  vertex -0.017089173 0.08369217 -0.010407876
 endloop
endfacet
facet normal 0 0 0
 outer loop
  vertex -0.017089173 0.08042104 -0.010407876
  vertex -0.017089173 0.07714988 -0.010407876
  vertex -0.017089173 0.07387874 -0.010407876
 endloop
endfacet
facet normal -0.9998946 0 -0.0145128975
 outer loop
  vertex -0.017129887 0.0905187 -0.0076028258
  vertex -0.017089173 0.08369217 -0.010407876
  vertex -0.017089173 0.08042104 -0.010407876
 endloop
endfacet
facet normal -0.8634419 -0 -0.5044483
 outer loop
  vertex -0.01905147 0.07551432 -0.004313737
  vertex -0.01905147 0.083692156 -0.004313737
  vertex -0.017129887 0.0905187 -0.0076028258
 endloop
endfacet
facet normal -0.9518707 -0 -0.30649984
 outer loop
  vertex -0.017089173 0.0706076 -0.010407876
  vertex -0.01905147 0.070607595 -0.004313737
  vertex -0.01905147 0.07551432 -0.004313737
 endloop
endfacet
facet normal 0 0 0
 outer loop
  vertex -0.017089173 0.08042104 -0.010407876
  vertex -0.017089173 0.07387874 -0.010407876
  vertex -0.017089173 0.0706076 -0.010407876
 endloop
endfacet
facet normal -0.9642527 0.06730838 -0.2562932
 outer loop
  vertex -0.01905147 0.07551432 -0.004313737
  vertex -0.017129887 0.0905187 -0.0076028258
  vertex -0.017089173 0.08042104 -0.010407876
 endloop
endfacet
facet normal -0.9518707 0 -0.30649984
 outer loop
  vertex -0.01905147 0.07551432 -0.004313737
  vertex -0.017089173 0.08042104 -0.010407876
  vertex -0.017089173 0.0706076 -0.010407876
 endloop
endfacet
facet normal 0.93702906 -0.30371827 -0.17242882
 outer loop
  vertex -0.030322827 -0.023861686 -0.11627565
  vertex -0.045297347 -0.09165737 -0.07823545
  vertex -0.048673414 -0.080663055 -0.115947515
 endloop
endfacet
facet normal 0.6194599 -0.20450485 -0.75792295
 outer loop
  vertex -0.030322827 -0.023861686 -0.11627565
  vertex -0.048673414 -0.080663055 -0.115947515
  vertex -0.04709688 -0.03595228 -0.12672298
 endloop
endfacet
facet normal -0.13946192 -0.9539394 -0.26561254
 outer loop
  vertex -0.106385134 -0.0779937 -0.09523244
  vertex -0.060377844 -0.06970952 -0.14914131
  vertex -0.048673414 -0.080663055 -0.115947515
 endloop
endfacet
facet normal -0.13946418 -0.95393723 -0.2656191
 outer loop
  vertex -0.106385134 -0.0779937 -0.09523244
  vertex -0.048673414 -0.080663055 -0.115947515
  vertex -0.045297347 -0.09165737 -0.07823545
 endloop
endfacet
facet normal -0.53795975 -0.6332426 -0.5564199
 outer loop
  vertex -0.060377844 -0.06970952 -0.14914131
  vertex -0.106385134 -0.0779937 -0.09523244
  vertex -0.120752566 -0.04144135 -0.12294066
 endloop
endfacet
endsolid 
