solid 
facet normal -0.9566324 -0.16612977 0.239281
 outer loop
  vertex -0.12785107 9.482296e-09 0.10243537
  vertex -0.1367043 0.013625999 0.076501004
  vertex -0.13700207 9.882298e-09 0.06585018
 endloop
endfacet
facet normal -0.9566324 0.16612977 0.239281
 outer loop
  vertex -0.12785107 9.482296e-09 0.10243537
  vertex -0.13700207 9.882298e-09 0.06585018
  vertex -0.1367043 -0.013625979 0.076501004
 endloop
endfacet
facet normal -0.4314003 0.51225305 0.74262416
 outer loop
  vertex -0.121973164 0.024420384 0.14631173
  vertex -0.119993664 0.051685017 0.12865484
  vertex -0.13977525 0.061261885 0.110557444
 endloop
endfacet
facet normal -0.39063033 0.5369227 0.74774456
 outer loop
  vertex -0.121973164 0.024420384 0.14631173
  vertex -0.13977525 0.061261885 0.110557444
  vertex -0.14529714 0.018262384 0.1385488
 endloop
endfacet
facet normal -0.53261137 0.8462378 -0.014383899
 outer loop
  vertex -0.13600783 0.024699636 0.17329973
  vertex -0.14529714 0.018262384 0.1385488
  vertex -0.17421024 1.1508721e-08 0.13473429
 endloop
endfacet
facet normal -0.7604394 0.45925847 0.45914435
 outer loop
  vertex -0.13600783 0.024699636 0.17329973
  vertex -0.17421024 1.1508721e-08 0.13473429
  vertex -0.1425599 1.0125239e-08 0.18715389
 endloop
endfacet
facet normal -0.94085467 0.31686443 0.11995579
 outer loop
  vertex -0.11426865 0.087572016 0.17772958
  vertex -0.13600783 0.024699636 0.17329973
  vertex -0.1425599 1.0125239e-08 0.18715389
 endloop
endfacet
facet normal -0.831972 0.31772715 0.454832
 outer loop
  vertex -0.11426865 0.087572016 0.17772958
  vertex -0.1425599 1.0125239e-08 0.18715389
  vertex -0.09403442 0.1119785 0.19769236
 endloop
endfacet
facet normal -0.41459718 0.8917064 0.18157303
 outer loop
  vertex -0.09403442 0.1119785 0.19769236
  vertex -0.061085243 0.1431952 0.1196219
  vertex -0.108155094 0.11613835 0.14502071
 endloop
endfacet
facet normal -0.83734286 0.4796083 0.26236016
 outer loop
  vertex -0.09403442 0.1119785 0.19769236
  vertex -0.108155094 0.11613835 0.14502071
  vertex -0.11426865 0.087572016 0.17772958
 endloop
endfacet
facet normal -0.7233237 0.6870067 0.069459505
 outer loop
  vertex -0.061085243 0.1431952 0.1196219
  vertex -0.12684955 0.08275738 0.0325539
  vertex -0.13977525 0.061261885 0.110557444
 endloop
endfacet
facet normal -0.6156429 0.6418513 -0.45717695
 outer loop
  vertex -0.061085243 0.1431952 0.1196219
  vertex -0.13977525 0.061261885 0.110557444
  vertex -0.108155094 0.11613835 0.14502071
 endloop
endfacet
facet normal -0.85808706 0.31435782 0.40603662
 outer loop
  vertex -0.100983344 8.3078735e-09 0.26970196
  vertex -0.06628044 0.12183038 0.2487181
  vertex -0.09403442 0.1119785 0.19769236
 endloop
endfacet
facet normal -0.84436077 0.32587743 0.4252748
 outer loop
  vertex -0.100983344 8.3078735e-09 0.26970196
  vertex -0.09403442 0.1119785 0.19769236
  vertex -0.1425599 1.0125239e-08 0.18715389
 endloop
endfacet
facet normal 0.41497016 0.33066615 -0.84762
 outer loop
  vertex 0.1237732 -1.5165504e-09 0.015113599
  vertex 0.12530059 0.102680914 0.055918347
  vertex 0.22260633 0.11158235 0.10702897
 endloop
endfacet
facet normal 0.40494955 0.34036967 -0.848625
 outer loop
  vertex 0.1237732 -1.5165504e-09 0.015113599
  vertex 0.22260633 0.11158235 0.10702897
  vertex 0.26557726 -7.715002e-09 0.0827801
 endloop
endfacet
facet normal -0.63385206 0.3031126 0.7115857
 outer loop
  vertex 0.0057686227 0.09399595 0.32475308
  vertex -0.06628044 0.12183038 0.2487181
  vertex -0.100983344 8.3078735e-09 0.26970196
 endloop
endfacet
facet normal -0.6639353 0.3751888 0.64685655
 outer loop
  vertex 0.0057686227 0.09399595 0.32475308
  vertex -0.100983344 8.3078735e-09 0.26970196
  vertex -0.027120795 5.07924e-09 0.34551468
 endloop
endfacet
facet normal 0.91127807 0.40504795 -0.074218675
 outer loop
  vertex 0.22260633 0.11158235 0.10702897
  vertex 0.23068117 0.11235279 0.21037874
  vertex 0.27765408 -8.242895e-09 0.17396092
 endloop
endfacet
facet normal 0.91714305 0.37959504 -0.12147484
 outer loop
  vertex 0.22260633 0.11158235 0.10702897
  vertex 0.27765408 -8.242895e-09 0.17396092
  vertex 0.26557726 -7.715002e-09 0.0827801
 endloop
endfacet
facet normal 0.53546095 0.2728181 0.7992821
 outer loop
  vertex 0.14072871 -2.2576945e-09 0.36468357
  vertex 0.24062064 -6.624108e-09 0.29776323
  vertex 0.20017931 0.088492565 0.2946509
 endloop
endfacet
facet normal 0.4819495 0.3213275 0.81515235
 outer loop
  vertex 0.14072871 -2.2576945e-09 0.36468357
  vertex 0.20017931 0.088492565 0.2946509
  vertex 0.12559682 0.108729444 0.33076972
 endloop
endfacet
facet normal 0.91569823 0.29405218 0.27391616
 outer loop
  vertex 0.24062064 -6.624108e-09 0.29776323
  vertex 0.27765408 -8.242895e-09 0.17396092
  vertex 0.23068117 0.11235279 0.21037874
 endloop
endfacet
facet normal 0.82439303 0.39113894 0.40912887
 outer loop
  vertex 0.24062064 -6.624108e-09 0.29776323
  vertex 0.23068117 0.11235279 0.21037874
  vertex 0.20017931 0.088492565 0.2946509
 endloop
endfacet
facet normal 0.4100096 0.82786417 0.38279635
 outer loop
  vertex 0.12559682 0.108729444 0.33076972
  vertex 0.20017931 0.088492565 0.2946509
  vertex 0.23068117 0.11235279 0.21037874
 endloop
endfacet
facet normal 0.35362723 0.87335855 0.3349517
 outer loop
  vertex 0.12559682 0.108729444 0.33076972
  vertex 0.23068117 0.11235279 0.21037874
  vertex 0.08736768 0.15958233 0.2385357
 endloop
endfacet
facet normal -0.13747655 0.8593041 -0.4926426
 outer loop
  vertex -0.12684955 0.08275738 0.0325539
  vertex -0.061085243 0.1431952 0.1196219
  vertex 0.07642363 0.15739338 0.1060143
 endloop
endfacet
facet normal -0.20492303 0.91081923 -0.35835013
 outer loop
  vertex -0.12684955 0.08275738 0.0325539
  vertex 0.07642363 0.15739338 0.1060143
  vertex 0.083490655 0.14046463 0.058945175
 endloop
endfacet
facet normal -0.24188362 0.9685016 -0.05913554
 outer loop
  vertex -0.030826094 0.12366197 0.13369544
  vertex -0.06628044 0.12183038 0.2487181
  vertex 0.08736768 0.15958233 0.2385357
 endloop
endfacet
facet normal -0.29793566 0.9545451 0.008837602
 outer loop
  vertex -0.030826094 0.12366197 0.13369544
  vertex 0.08736768 0.15958233 0.2385357
  vertex 0.07642363 0.15739338 0.1060143
 endloop
endfacet
facet normal -0.16734485 0.9528639 -0.25307325
 outer loop
  vertex -0.1229528 0.027879609 0.15998408
  vertex -0.121973164 0.024420384 0.14631173
  vertex -0.14529714 0.018262384 0.1385488
 endloop
endfacet
facet normal -0.320505 0.94305485 -0.08901665
 outer loop
  vertex -0.1229528 0.027879609 0.15998408
  vertex -0.14529714 0.018262384 0.1385488
  vertex -0.13600783 0.024699636 0.17329973
 endloop
endfacet
facet normal -0.26265675 -0.8881924 -0.3769955
 outer loop
  vertex -0.1367043 0.013625999 0.076501004
  vertex -0.12785107 9.482296e-09 0.10243537
  vertex -0.17421024 1.1508721e-08 0.13473429
 endloop
endfacet
facet normal -0.5056682 -0.7089797 -0.49157643
 outer loop
  vertex -0.1367043 0.013625999 0.076501004
  vertex -0.17421024 1.1508721e-08 0.13473429
  vertex -0.16350429 0.035580304 0.0724055
 endloop
endfacet
facet normal -0.5263139 -0.51647544 0.67546046
 outer loop
  vertex -0.13700207 9.882298e-09 0.06585018
  vertex -0.1367043 0.013625999 0.076501004
  vertex -0.16350429 0.035580304 0.0724055
 endloop
endfacet
facet normal -0.20381784 -0.32214332 0.9244901
 outer loop
  vertex -0.13700207 9.882298e-09 0.06585018
  vertex -0.16350429 0.035580304 0.0724055
  vertex -0.17606567 1.1589822e-08 0.05723802
 endloop
endfacet
facet normal -0.34035152 -0.17220603 0.9243949
 outer loop
  vertex -0.119993664 0.051685017 0.12865484
  vertex -0.09574493 0.076894544 0.14227924
  vertex -0.108155094 0.11613835 0.14502071
 endloop
endfacet
facet normal -0.68878466 -0.056998555 0.7227218
 outer loop
  vertex -0.119993664 0.051685017 0.12865484
  vertex -0.108155094 0.11613835 0.14502071
  vertex -0.13977525 0.061261885 0.110557444
 endloop
endfacet
facet normal -0.89383554 -0.09774827 -0.43761098
 outer loop
  vertex -0.09574493 0.076894544 0.14227924
  vertex -0.10368701 0.06203329 0.16182074
  vertex -0.11426865 0.087572016 0.17772958
 endloop
endfacet
facet normal -0.8866072 -0.25334126 -0.3869701
 outer loop
  vertex -0.09574493 0.076894544 0.14227924
  vertex -0.11426865 0.087572016 0.17772958
  vertex -0.108155094 0.11613835 0.14502071
 endloop
endfacet
facet normal -0.69536996 0.42347598 -0.58062786
 outer loop
  vertex -0.10368701 0.06203329 0.16182074
  vertex -0.1229528 0.027879609 0.15998408
  vertex -0.13600783 0.024699636 0.17329973
 endloop
endfacet
facet normal -0.5689837 0.25189143 -0.78282076
 outer loop
  vertex -0.10368701 0.06203329 0.16182074
  vertex -0.13600783 0.024699636 0.17329973
  vertex -0.11426865 0.087572016 0.17772958
 endloop
endfacet
facet normal -0.51940453 0.8461828 0.119136974
 outer loop
  vertex -0.061085243 0.1431952 0.1196219
  vertex -0.09403442 0.1119785 0.19769236
  vertex -0.06628044 0.12183038 0.2487181
 endloop
endfacet
facet normal 0.48091444 0.86167926 0.16195723
 outer loop
  vertex -0.061085243 0.1431952 0.1196219
  vertex -0.06628044 0.12183038 0.2487181
  vertex -0.030826094 0.12366197 0.13369544
 endloop
endfacet
facet normal 0.016912965 0.60159904 0.7986192
 outer loop
  vertex 0.07642363 0.15739338 0.1060143
  vertex -0.061085243 0.1431952 0.1196219
  vertex -0.030826094 0.12366197 0.13369544
 endloop
endfacet
facet normal 0.37394714 0.47748885 -0.79508996
 outer loop
  vertex 0.22260633 0.11158235 0.10702897
  vertex 0.12530059 0.102680914 0.055918347
  vertex 0.083490655 0.14046463 0.058945175
 endloop
endfacet
facet normal 0.2884059 0.91397965 -0.28541768
 outer loop
  vertex 0.22260633 0.11158235 0.10702897
  vertex 0.083490655 0.14046463 0.058945175
  vertex 0.07642363 0.15739338 0.1060143
 endloop
endfacet
facet normal 0.25462687 0.35385597 -0.8999729
 outer loop
  vertex 0.083490655 0.14046463 0.058945175
  vertex 0.12530059 0.102680914 0.055918347
  vertex 0.1237732 -1.5165504e-09 0.015113599
 endloop
endfacet
facet normal -0.08662343 0.27403966 -0.9578093
 outer loop
  vertex 0.083490655 0.14046463 0.058945175
  vertex 0.1237732 -1.5165504e-09 0.015113599
  vertex 0.007019479 6.027148e-09 0.025672704
 endloop
endfacet
facet normal -0.12992464 0.8445431 0.5194869
 outer loop
  vertex 0.0057686227 0.09399595 0.32475308
  vertex 0.12559682 0.108729444 0.33076972
  vertex 0.08736768 0.15958233 0.2385357
 endloop
endfacet
facet normal -0.17860393 0.85719097 0.4830365
 outer loop
  vertex 0.0057686227 0.09399595 0.32475308
  vertex 0.08736768 0.15958233 0.2385357
  vertex -0.06628044 0.12183038 0.2487181
 endloop
endfacet
facet normal -0.108855024 0.28215528 0.9531731
 outer loop
  vertex -0.027120795 5.07924e-09 0.34551468
  vertex 0.14072871 -2.2576945e-09 0.36468357
  vertex 0.12559682 0.108729444 0.33076972
 endloop
endfacet
facet normal -0.07820804 0.24103355 0.96736044
 outer loop
  vertex -0.027120795 5.07924e-09 0.34551468
  vertex 0.12559682 0.108729444 0.33076972
  vertex 0.0057686227 0.09399595 0.32475308
 endloop
endfacet
facet normal 0.29909533 0.95373625 -0.030478414
 outer loop
  vertex 0.23068117 0.11235279 0.21037874
  vertex 0.22260633 0.11158235 0.10702897
  vertex 0.07642363 0.15739338 0.1060143
 endloop
endfacet
facet normal 0.30546835 0.95132166 -0.040940236
 outer loop
  vertex 0.23068117 0.11235279 0.21037874
  vertex 0.07642363 0.15739338 0.1060143
  vertex 0.08736768 0.15958233 0.2385357
 endloop
endfacet
facet normal -0.4313297 0.5304529 0.729777
 outer loop
  vertex -0.17421024 1.1508721e-08 0.13473429
  vertex -0.14529714 0.018262384 0.1385488
  vertex -0.13977525 0.061261885 0.110557444
 endloop
endfacet
facet normal -0.83213484 0.5309441 0.16015641
 outer loop
  vertex -0.17421024 1.1508721e-08 0.13473429
  vertex -0.13977525 0.061261885 0.110557444
  vertex -0.16350429 0.035580304 0.0724055
 endloop
endfacet
facet normal 0.08666746 0.60299045 -0.7930266
 outer loop
  vertex -0.13459921 0.060137715 0.014507737
  vertex -0.12684955 0.08275738 0.0325539
  vertex -0.10284897 0.054899994 0.01399504
 endloop
endfacet
facet normal -0.76848143 0.6380328 0.048480783
 outer loop
  vertex -0.12684955 0.08275738 0.0325539
  vertex -0.16350429 0.035580304 0.0724055
  vertex -0.13977525 0.061261885 0.110557444
 endloop
endfacet
facet normal -0.7092598 -0.693896 0.124333486
 outer loop
  vertex -0.10284897 0.054899994 0.01399504
  vertex -0.12684955 0.08275738 0.0325539
  vertex -0.12565406 0.08092928 0.029171053
 endloop
endfacet
facet normal -0.16646591 0.84168047 -0.513676
 outer loop
  vertex -0.12684955 0.08275738 0.0325539
  vertex 0.083490655 0.14046463 0.058945175
  vertex -0.12565406 0.08092928 0.029171053
 endloop
endfacet
facet normal -0.39063075 -0.5369225 0.7477445
 outer loop
  vertex -0.121973164 -0.024420375 0.14631173
  vertex -0.14529712 -0.018262368 0.1385488
  vertex -0.13977525 -0.061261874 0.110557444
 endloop
endfacet
facet normal -0.43140048 -0.5122529 0.74262404
 outer loop
  vertex -0.121973164 -0.024420375 0.14631173
  vertex -0.13977525 -0.061261874 0.110557444
  vertex -0.119993664 -0.051685013 0.12865484
 endloop
endfacet
facet normal -0.7604396 -0.4592582 0.45914438
 outer loop
  vertex -0.13600785 -0.02469961 0.17329973
  vertex -0.1425599 1.0125239e-08 0.18715389
  vertex -0.17421024 1.1508721e-08 0.13473429
 endloop
endfacet
facet normal -0.5326112 -0.8462379 -0.014384144
 outer loop
  vertex -0.13600785 -0.02469961 0.17329973
  vertex -0.17421024 1.1508721e-08 0.13473429
  vertex -0.14529712 -0.018262368 0.1385488
 endloop
endfacet
facet normal -0.83197224 -0.31772736 0.45483118
 outer loop
  vertex -0.11426864 -0.087571986 0.17772958
  vertex -0.09403441 -0.1119785 0.19769236
  vertex -0.1425599 1.0125239e-08 0.18715389
 endloop
endfacet
facet normal -0.9408543 -0.31686467 0.1199573
 outer loop
  vertex -0.11426864 -0.087571986 0.17772958
  vertex -0.1425599 1.0125239e-08 0.18715389
  vertex -0.13600785 -0.02469961 0.17329973
 endloop
endfacet
facet normal -0.8373432 -0.47960788 0.26235992
 outer loop
  vertex -0.09403441 -0.1119785 0.19769236
  vertex -0.11426864 -0.087571986 0.17772958
  vertex -0.108155094 -0.1161383 0.14502071
 endloop
endfacet
facet normal -0.41459784 -0.8917062 0.18157251
 outer loop
  vertex -0.09403441 -0.1119785 0.19769236
  vertex -0.108155094 -0.1161383 0.14502071
  vertex -0.06108526 -0.14319517 0.1196219
 endloop
endfacet
facet normal -0.61564314 -0.6418515 -0.45717627
 outer loop
  vertex -0.06108526 -0.14319517 0.1196219
  vertex -0.108155094 -0.1161383 0.14502071
  vertex -0.13977525 -0.061261874 0.110557444
 endloop
endfacet
facet normal -0.7233237 -0.6870067 0.069459416
 outer loop
  vertex -0.06108526 -0.14319517 0.1196219
  vertex -0.13977525 -0.061261874 0.110557444
  vertex -0.12684956 -0.08275735 0.0325539
 endloop
endfacet
facet normal -0.84436077 -0.3258775 0.4252748
 outer loop
  vertex -0.100983344 8.3078735e-09 0.26970196
  vertex -0.1425599 1.0125239e-08 0.18715389
  vertex -0.09403441 -0.1119785 0.19769236
 endloop
endfacet
facet normal -0.8580871 -0.31435776 0.4060365
 outer loop
  vertex -0.100983344 8.3078735e-09 0.26970196
  vertex -0.09403441 -0.1119785 0.19769236
  vertex -0.06628043 -0.121830404 0.2487181
 endloop
endfacet
facet normal 0.40494952 -0.34036967 -0.84862494
 outer loop
  vertex 0.1237732 -1.5165504e-09 0.015113599
  vertex 0.26557726 -7.715002e-09 0.0827801
  vertex 0.22260633 -0.11158236 0.10702897
 endloop
endfacet
facet normal 0.41497004 -0.3306662 -0.84762
 outer loop
  vertex 0.1237732 -1.5165504e-09 0.015113599
  vertex 0.22260633 -0.11158236 0.10702897
  vertex 0.12530057 -0.10268091 0.055918347
 endloop
endfacet
facet normal -0.6639353 -0.37518874 0.64685655
 outer loop
  vertex 0.005768617 -0.09399595 0.32475308
  vertex -0.027120795 5.07924e-09 0.34551468
  vertex -0.100983344 8.3078735e-09 0.26970196
 endloop
endfacet
facet normal -0.63385206 -0.30311257 0.71158576
 outer loop
  vertex 0.005768617 -0.09399595 0.32475308
  vertex -0.100983344 8.3078735e-09 0.26970196
  vertex -0.06628043 -0.121830404 0.2487181
 endloop
endfacet
facet normal 0.9171431 -0.3795951 -0.12147485
 outer loop
  vertex 0.22260633 -0.11158236 0.10702897
  vertex 0.26557726 -7.715002e-09 0.0827801
  vertex 0.27765408 -8.242895e-09 0.17396092
 endloop
endfacet
facet normal 0.91127807 -0.40504795 -0.07421873
 outer loop
  vertex 0.22260633 -0.11158236 0.10702897
  vertex 0.27765408 -8.242895e-09 0.17396092
  vertex 0.23068117 -0.1123528 0.21037874
 endloop
endfacet
facet normal 0.48194957 -0.3213274 0.8151523
 outer loop
  vertex 0.14072871 -2.2576945e-09 0.36468357
  vertex 0.12559682 -0.10872948 0.33076972
  vertex 0.20017931 -0.08849259 0.2946509
 endloop
endfacet
facet normal 0.535461 -0.27281806 0.7992821
 outer loop
  vertex 0.14072871 -2.2576945e-09 0.36468357
  vertex 0.20017931 -0.08849259 0.2946509
  vertex 0.24062064 -6.624108e-09 0.29776323
 endloop
endfacet
facet normal 0.8243931 -0.39113894 0.40912884
 outer loop
  vertex 0.24062064 -6.624108e-09 0.29776323
  vertex 0.20017931 -0.08849259 0.2946509
  vertex 0.23068117 -0.1123528 0.21037874
 endloop
endfacet
facet normal 0.91569823 -0.29405224 0.27391618
 outer loop
  vertex 0.24062064 -6.624108e-09 0.29776323
  vertex 0.23068117 -0.1123528 0.21037874
  vertex 0.27765408 -8.242895e-09 0.17396092
 endloop
endfacet
facet normal 0.35362694 -0.8733589 0.33495128
 outer loop
  vertex 0.12559682 -0.10872948 0.33076972
  vertex 0.08736767 -0.1595823 0.2385357
  vertex 0.23068117 -0.1123528 0.21037874
 endloop
endfacet
facet normal 0.4100097 -0.82786417 0.38279632
 outer loop
  vertex 0.12559682 -0.10872948 0.33076972
  vertex 0.23068117 -0.1123528 0.21037874
  vertex 0.20017931 -0.08849259 0.2946509
 endloop
endfacet
facet normal -0.20492323 -0.91081923 -0.35835022
 outer loop
  vertex -0.12684956 -0.08275735 0.0325539
  vertex 0.08349065 -0.14046463 0.058945175
  vertex 0.076423615 -0.15739338 0.1060143
 endloop
endfacet
facet normal -0.13747673 -0.859304 -0.49264255
 outer loop
  vertex -0.12684956 -0.08275735 0.0325539
  vertex 0.076423615 -0.15739338 0.1060143
  vertex -0.06108526 -0.14319517 0.1196219
 endloop
endfacet
facet normal -0.29793558 -0.9545451 0.008837813
 outer loop
  vertex -0.030826103 -0.12366197 0.13369544
  vertex 0.076423615 -0.15739338 0.1060143
  vertex 0.08736767 -0.1595823 0.2385357
 endloop
endfacet
facet normal -0.24188334 -0.9685016 -0.0591356
 outer loop
  vertex -0.030826103 -0.12366197 0.13369544
  vertex 0.08736767 -0.1595823 0.2385357
  vertex -0.06628043 -0.121830404 0.2487181
 endloop
endfacet
facet normal -0.32050535 -0.94305485 -0.08901657
 outer loop
  vertex -0.12295278 -0.0278796 0.15998408
  vertex -0.13600785 -0.02469961 0.17329973
  vertex -0.14529712 -0.018262368 0.1385488
 endloop
endfacet
facet normal -0.16734532 -0.9528639 -0.2530731
 outer loop
  vertex -0.12295278 -0.0278796 0.15998408
  vertex -0.14529712 -0.018262368 0.1385488
  vertex -0.121973164 -0.024420375 0.14631173
 endloop
endfacet
facet normal -0.50566816 0.7089798 -0.49157652
 outer loop
  vertex -0.1367043 -0.013625979 0.076501004
  vertex -0.16350429 -0.03558028 0.0724055
  vertex -0.17421024 1.1508721e-08 0.13473429
 endloop
endfacet
facet normal -0.2626567 0.8881924 -0.37699553
 outer loop
  vertex -0.1367043 -0.013625979 0.076501004
  vertex -0.17421024 1.1508721e-08 0.13473429
  vertex -0.12785107 9.482296e-09 0.10243537
 endloop
endfacet
facet normal -0.20381784 0.32214332 0.9244901
 outer loop
  vertex -0.13700207 9.882298e-09 0.06585018
  vertex -0.17606567 1.1589822e-08 0.05723802
  vertex -0.16350429 -0.03558028 0.0724055
 endloop
endfacet
facet normal -0.52631384 0.5164754 0.6754606
 outer loop
  vertex -0.13700207 9.882298e-09 0.06585018
  vertex -0.16350429 -0.03558028 0.0724055
  vertex -0.1367043 -0.013625979 0.076501004
 endloop
endfacet
facet normal -0.6887846 0.056998625 0.7227219
 outer loop
  vertex -0.119993664 -0.051685013 0.12865484
  vertex -0.13977525 -0.061261874 0.110557444
  vertex -0.108155094 -0.1161383 0.14502071
 endloop
endfacet
facet normal -0.3403518 0.17220606 0.9243948
 outer loop
  vertex -0.119993664 -0.051685013 0.12865484
  vertex -0.108155094 -0.1161383 0.14502071
  vertex -0.095744945 -0.076894514 0.14227924
 endloop
endfacet
facet normal -0.88660747 0.2533411 -0.3869695
 outer loop
  vertex -0.095744945 -0.076894514 0.14227924
  vertex -0.108155094 -0.1161383 0.14502071
  vertex -0.11426864 -0.087571986 0.17772958
 endloop
endfacet
facet normal -0.89383584 0.09774906 -0.43761015
 outer loop
  vertex -0.095744945 -0.076894514 0.14227924
  vertex -0.11426864 -0.087571986 0.17772958
  vertex -0.103686996 -0.0620333 0.16182074
 endloop
endfacet
facet normal -0.56898373 -0.2518917 -0.7828206
 outer loop
  vertex -0.103686996 -0.0620333 0.16182074
  vertex -0.11426864 -0.087571986 0.17772958
  vertex -0.13600785 -0.02469961 0.17329973
 endloop
endfacet
facet normal -0.69536954 -0.4234755 -0.58062863
 outer loop
  vertex -0.103686996 -0.0620333 0.16182074
  vertex -0.13600785 -0.02469961 0.17329973
  vertex -0.12295278 -0.0278796 0.15998408
 endloop
endfacet
facet normal 0.48091394 -0.8616796 0.16195683
 outer loop
  vertex -0.06108526 -0.14319517 0.1196219
  vertex -0.030826103 -0.12366197 0.13369544
  vertex -0.06628043 -0.121830404 0.2487181
 endloop
endfacet
facet normal -0.51940477 -0.84618264 0.11913672
 outer loop
  vertex -0.06108526 -0.14319517 0.1196219
  vertex -0.06628043 -0.121830404 0.2487181
  vertex -0.09403441 -0.1119785 0.19769236
 endloop
endfacet
facet normal 0.01691277 -0.60159945 0.7986189
 outer loop
  vertex 0.076423615 -0.15739338 0.1060143
  vertex -0.030826103 -0.12366197 0.13369544
  vertex -0.06108526 -0.14319517 0.1196219
 endloop
endfacet
facet normal 0.28840584 -0.91397965 -0.28541765
 outer loop
  vertex 0.22260633 -0.11158236 0.10702897
  vertex 0.076423615 -0.15739338 0.1060143
  vertex 0.08349065 -0.14046463 0.058945175
 endloop
endfacet
facet normal 0.37394708 -0.47748867 -0.7950901
 outer loop
  vertex 0.22260633 -0.11158236 0.10702897
  vertex 0.08349065 -0.14046463 0.058945175
  vertex 0.12530057 -0.10268091 0.055918347
 endloop
endfacet
facet normal -0.08662346 -0.27403966 -0.9578093
 outer loop
  vertex 0.08349065 -0.14046463 0.058945175
  vertex 0.007019479 6.027148e-09 0.025672704
  vertex 0.1237732 -1.5165504e-09 0.015113599
 endloop
endfacet
facet normal 0.25462705 -0.35385597 -0.8999728
 outer loop
  vertex 0.08349065 -0.14046463 0.058945175
  vertex 0.1237732 -1.5165504e-09 0.015113599
  vertex 0.12530057 -0.10268091 0.055918347
 endloop
endfacet
facet normal -0.17860368 -0.857191 0.48303652
 outer loop
  vertex 0.005768617 -0.09399595 0.32475308
  vertex -0.06628043 -0.121830404 0.2487181
  vertex 0.08736767 -0.1595823 0.2385357
 endloop
endfacet
facet normal -0.12992492 -0.8445433 0.5194865
 outer loop
  vertex 0.005768617 -0.09399595 0.32475308
  vertex 0.08736767 -0.1595823 0.2385357
  vertex 0.12559682 -0.10872948 0.33076972
 endloop
endfacet
facet normal -0.07820811 -0.24103358 0.96736056
 outer loop
  vertex -0.027120795 5.07924e-09 0.34551468
  vertex 0.005768617 -0.09399595 0.32475308
  vertex 0.12559682 -0.10872948 0.33076972
 endloop
endfacet
facet normal -0.108855054 -0.28215522 0.9531731
 outer loop
  vertex -0.027120795 5.07924e-09 0.34551468
  vertex 0.12559682 -0.10872948 0.33076972
  vertex 0.14072871 -2.2576945e-09 0.36468357
 endloop
endfacet
facet normal 0.30546814 -0.95132184 -0.040940017
 outer loop
  vertex 0.23068117 -0.1123528 0.21037874
  vertex 0.08736767 -0.1595823 0.2385357
  vertex 0.076423615 -0.15739338 0.1060143
 endloop
endfacet
facet normal 0.29909527 -0.95373636 -0.030478494
 outer loop
  vertex 0.23068117 -0.1123528 0.21037874
  vertex 0.076423615 -0.15739338 0.1060143
  vertex 0.22260633 -0.11158236 0.10702897
 endloop
endfacet
facet normal -0.58029383 -0.8127221 0.05236223
 outer loop
  vertex -0.15735887 -0.043381896 0.019420814
  vertex -0.13459922 -0.05994911 0.014507744
  vertex -0.16350429 -0.03558028 0.0724055
 endloop
endfacet
facet normal -0.96920484 -0.07766787 0.23368704
 outer loop
  vertex -0.16825977 -0.017790133 0.03723668
  vertex -0.17302343 6.916959e-05 0.023415327
  vertex -0.1717839 -0.015791187 0.023284923
 endloop
endfacet
facet normal -0.9319103 -0.35844693 -0.05530869
 outer loop
  vertex -0.15735887 -0.043381896 0.019420814
  vertex -0.16350429 -0.03558028 0.0724055
  vertex -0.16825977 -0.017790133 0.03723668
 endloop
endfacet
facet normal -0.8671786 -0.4745353 0.15105447
 outer loop
  vertex -0.1717839 -0.015791187 0.023284923
  vertex -0.15735887 -0.043381896 0.019420814
  vertex -0.16825977 -0.017790133 0.03723668
 endloop
endfacet
facet normal -0.8321349 -0.53094393 0.16015632
 outer loop
  vertex -0.17421024 1.1508721e-08 0.13473429
  vertex -0.16350429 -0.03558028 0.0724055
  vertex -0.13977525 -0.061261874 0.110557444
 endloop
endfacet
facet normal -0.43132955 -0.5304528 0.7297772
 outer loop
  vertex -0.17421024 1.1508721e-08 0.13473429
  vertex -0.13977525 -0.061261874 0.110557444
  vertex -0.14529712 -0.018262368 0.1385488
 endloop
endfacet
facet normal -0.76848155 -0.63803273 0.048480704
 outer loop
  vertex -0.12684956 -0.08275735 0.0325539
  vertex -0.13977525 -0.061261874 0.110557444
  vertex -0.16350429 -0.03558028 0.0724055
 endloop
endfacet
facet normal -0.85272306 -0.47003588 -0.22788084
 outer loop
  vertex -0.13459922 -0.05994911 0.014507744
  vertex -0.12684956 -0.08275735 0.0325539
  vertex -0.16350429 -0.03558028 0.0724055
 endloop
endfacet
facet normal -0.852375 0.47185844 -0.22540322
 outer loop
  vertex -0.16350429 0.035580304 0.0724055
  vertex -0.12684955 0.08275738 0.0325539
  vertex -0.13459921 0.060137715 0.014507737
 endloop
endfacet
facet normal -0.16646722 -0.84168255 -0.5136723
 outer loop
  vertex -0.12684956 -0.08275735 0.0325539
  vertex -0.12565407 -0.080929264 0.029171053
  vertex 0.08349065 -0.14046463 0.058945175
 endloop
endfacet
facet normal 0.08680955 -0.18463156 -0.9789665
 outer loop
  vertex 0.08349065 -0.14046463 0.058945175
  vertex -0.12565407 -0.080929264 0.029171053
  vertex 0.007019479 6.027148e-09 0.025672704
 endloop
endfacet
facet normal 0.086809576 0.18463157 -0.9789664
 outer loop
  vertex 0.007019479 6.027148e-09 0.025672704
  vertex -0.12565406 0.08092928 0.029171053
  vertex 0.083490655 0.14046463 0.058945175
 endloop
endfacet
facet normal -0.71319133 0.690435 0.12106911
 outer loop
  vertex -0.12565407 -0.080929264 0.029171053
  vertex -0.12684956 -0.08275735 0.0325539
  vertex -0.102849 -0.054711405 0.013995046
 endloop
endfacet
facet normal 0.08613883 -0.6000139 -0.79533863
 outer loop
  vertex -0.12684956 -0.08275735 0.0325539
  vertex -0.13459922 -0.05994911 0.014507744
  vertex -0.102849 -0.054711405 0.013995046
 endloop
endfacet
facet normal -0.8356906 0.44271863 0.32499444
 outer loop
  vertex -0.15735886 0.046683226 0.01942081
  vertex -0.16307598 0.052508578 -0.00321571
  vertex -0.1648518 0.031153588 0.021308461
 endloop
endfacet
facet normal -0.9360543 0.08720868 0.3408771
 outer loop
  vertex -0.17183581 0.014067579 0.02309526
  vertex -0.17993927 0.012293343 0.001296934
  vertex -0.17302343 6.916959e-05 0.023415327
 endloop
endfacet
facet normal -0.8209984 -0.47785196 0.31244045
 outer loop
  vertex -0.1717839 -0.015791187 0.023284923
  vertex -0.1789644 -0.018141843 0.0008215883
  vertex -0.16239516 -0.04933122 -0.0033410788
 endloop
endfacet
facet normal -0.24356554 -0.021645995 -0.9696429
 outer loop
  vertex -0.17993927 0.012293343 0.001296934
  vertex -0.16691974 0.00982851 -0.0019184309
  vertex -0.16810246 0.00018191698 -0.0014059949
 endloop
endfacet
facet normal -0.21005769 -0.009097844 -0.9776467
 outer loop
  vertex -0.16307598 0.052508578 -0.00321571
  vertex -0.15519422 0.040581014 -0.004798193
  vertex -0.16325237 0.025153706 -0.0029232511
 endloop
endfacet
facet normal -0.8712619 -0.4904549 0.018890548
 outer loop
  vertex -0.095744945 -0.076894514 0.14227924
  vertex -0.103686996 -0.0620333 0.16182074
  vertex -0.12295278 -0.0278796 0.15998408
 endloop
endfacet
facet normal -0.9967711 -0.022440631 -0.07709583
 outer loop
  vertex -0.12295278 -0.0278796 0.15998408
  vertex -0.121973164 -0.024420375 0.14631173
  vertex -0.119993664 -0.051685013 0.12865484
 endloop
endfacet
facet normal -0.76268005 -0.54764915 0.34409237
 outer loop
  vertex -0.12295278 -0.0278796 0.15998408
  vertex -0.119993664 -0.051685013 0.12865484
  vertex -0.095744945 -0.076894514 0.14227924
 endloop
endfacet
facet normal -0.9438584 0.3194283 -0.0842437
 outer loop
  vertex -0.16825977 0.017790157 0.037236676
  vertex -0.17302343 6.916959e-05 0.023415327
  vertex -0.17606567 1.1589822e-08 0.05723802
 endloop
endfacet
facet normal -0.9345817 0.3519758 -0.051674012
 outer loop
  vertex -0.16825977 0.017790157 0.037236676
  vertex -0.17606567 1.1589822e-08 0.05723802
  vertex -0.16350429 0.035580304 0.0724055
 endloop
endfacet
facet normal -0.97099704 0.087467 0.22251813
 outer loop
  vertex -0.17183581 0.014067579 0.02309526
  vertex -0.17302343 6.916959e-05 0.023415327
  vertex -0.16825977 0.017790157 0.037236676
 endloop
endfacet
facet normal -0.8139315 0.55527747 -0.1708283
 outer loop
  vertex -0.16825977 0.017790157 0.037236676
  vertex -0.16350429 0.035580304 0.0724055
  vertex -0.13459921 0.060137715 0.014507737
 endloop
endfacet
facet normal -0.15563805 0.5603403 0.81350815
 outer loop
  vertex -0.16825977 0.017790157 0.037236676
  vertex -0.13459921 0.060137715 0.014507737
  vertex -0.15735886 0.046683226 0.01942081
 endloop
endfacet
facet normal -0.913108 0.38673922 0.12909909
 outer loop
  vertex -0.1648518 0.031153588 0.021308461
  vertex -0.17183581 0.014067579 0.02309526
  vertex -0.16825977 0.017790157 0.037236676
 endloop
endfacet
facet normal -0.87586063 0.4452217 0.186134
 outer loop
  vertex -0.15735886 0.046683226 0.01942081
  vertex -0.1648518 0.031153588 0.021308461
  vertex -0.16825977 0.017790157 0.037236676
 endloop
endfacet
facet normal -0.94419485 -0.31807637 -0.08557748
 outer loop
  vertex -0.17606567 1.1589822e-08 0.05723802
  vertex -0.17302343 6.916959e-05 0.023415327
  vertex -0.16825977 -0.017790133 0.03723668
 endloop
endfacet
facet normal -0.9345817 -0.3519758 -0.05167404
 outer loop
  vertex -0.17606567 1.1589822e-08 0.05723802
  vertex -0.16825977 -0.017790133 0.03723668
  vertex -0.16350429 -0.03558028 0.0724055
 endloop
endfacet
facet normal -0.8516418 0.4903568 -0.18508519
 outer loop
  vertex -0.121973164 0.024420384 0.14631173
  vertex -0.1229528 0.027879609 0.15998408
  vertex -0.10368701 0.06203329 0.16182074
 endloop
endfacet
facet normal -0.7550079 0.6322214 0.17395137
 outer loop
  vertex -0.10368701 0.06203329 0.16182074
  vertex -0.09574493 0.076894544 0.14227924
  vertex -0.119993664 0.051685017 0.12865484
 endloop
endfacet
facet normal -0.891562 0.29001197 0.34786543
 outer loop
  vertex -0.10368701 0.06203329 0.16182074
  vertex -0.119993664 0.051685017 0.12865484
  vertex -0.121973164 0.024420384 0.14631173
 endloop
endfacet
facet normal -0.8738216 0.3878494 0.2932722
 outer loop
  vertex -0.17993927 0.012293343 0.001296934
  vertex -0.17183581 0.014067579 0.02309526
  vertex -0.1648518 0.031153588 0.021308461
 endloop
endfacet
facet normal -0.8727243 0.39772713 0.28313538
 outer loop
  vertex -0.17993927 0.012293343 0.001296934
  vertex -0.1648518 0.031153588 0.021308461
  vertex -0.16307598 0.052508578 -0.00321571
 endloop
endfacet
facet normal -0.42824364 0.8431454 0.32513577
 outer loop
  vertex -0.16307598 0.052508578 -0.00321571
  vertex -0.15735886 0.046683226 0.01942081
  vertex -0.13459921 0.060137715 0.014507737
 endloop
endfacet
facet normal -0.36072743 0.9138955 0.18620078
 outer loop
  vertex -0.16307598 0.052508578 -0.00321571
  vertex -0.13459921 0.060137715 0.014507737
  vertex -0.13673967 0.06406535 -0.008916294
 endloop
endfacet
facet normal 0.16329472 0.9753195 0.14861552
 outer loop
  vertex -0.13673967 0.06406535 -0.008916294
  vertex -0.13459921 0.060137715 0.014507737
  vertex -0.10284897 0.054899994 0.01399504
 endloop
endfacet
facet normal 0.061663885 0.9548115 0.29074502
 outer loop
  vertex -0.13673967 0.06406535 -0.008916294
  vertex -0.10284897 0.054899994 0.01399504
  vertex -0.10352752 0.062203713 -0.009846577
 endloop
endfacet
facet normal -0.8252142 -0.47437623 0.30657554
 outer loop
  vertex -0.15735887 -0.043381896 0.019420814
  vertex -0.1717839 -0.015791187 0.023284923
  vertex -0.16239516 -0.04933122 -0.0033410788
 endloop
endfacet
facet normal -0.4545668 -0.87015545 0.19025889
 outer loop
  vertex -0.16239516 -0.04933122 -0.0033410788
  vertex -0.1367397 -0.06395258 -0.008916289
  vertex -0.13459922 -0.05994911 0.014507744
 endloop
endfacet
facet normal -0.5109498 -0.79725254 0.32143235
 outer loop
  vertex -0.16239516 -0.04933122 -0.0033410788
  vertex -0.13459922 -0.05994911 0.014507744
  vertex -0.15735887 -0.043381896 0.019420814
 endloop
endfacet
facet normal 0.06169375 -0.95396096 0.29351738
 outer loop
  vertex -0.1367397 -0.06395258 -0.008916289
  vertex -0.103527546 -0.062090944 -0.009846574
  vertex -0.102849 -0.054711405 0.013995046
 endloop
endfacet
facet normal 0.16326661 -0.97485 0.15169518
 outer loop
  vertex -0.1367397 -0.06395258 -0.008916289
  vertex -0.102849 -0.054711405 0.013995046
  vertex -0.13459922 -0.05994911 0.014507744
 endloop
endfacet
facet normal -0.9508512 -0.035261255 0.30763397
 outer loop
  vertex -0.17993927 0.012293343 0.001296934
  vertex -0.1789644 -0.018141843 0.0008215883
  vertex -0.1717839 -0.015791187 0.023284923
 endloop
endfacet
facet normal -0.96295434 -0.07738193 0.25832373
 outer loop
  vertex -0.17993927 0.012293343 0.001296934
  vertex -0.1717839 -0.015791187 0.023284923
  vertex -0.17302343 6.916959e-05 0.023415327
 endloop
endfacet
facet normal -0.22600195 0.007974662 -0.9740942
 outer loop
  vertex -0.16691974 -0.01148556 -0.0019184309
  vertex -0.1789644 -0.018141843 0.0008215883
  vertex -0.17993927 0.012293343 0.001296934
 endloop
endfacet
facet normal -0.20042916 0.022699984 -0.9794452
 outer loop
  vertex -0.16691974 -0.01148556 -0.0019184309
  vertex -0.17993927 0.012293343 0.001296934
  vertex -0.16810246 0.00018191698 -0.0014059949
 endloop
endfacet
facet normal -0.20675503 0.010262295 -0.97833896
 outer loop
  vertex -0.14005895 -0.050682183 -0.008075623
  vertex -0.1367397 -0.06395258 -0.008916289
  vertex -0.16239516 -0.04933122 -0.0033410788
 endloop
endfacet
facet normal -0.20701484 0.0059004836 -0.97832006
 outer loop
  vertex -0.14005895 -0.050682183 -0.008075623
  vertex -0.16239516 -0.04933122 -0.0033410788
  vertex -0.15404013 -0.03571514 -0.0050269025
 endloop
endfacet
facet normal -0.23056982 0.0073750718 -0.9730278
 outer loop
  vertex -0.16325237 -0.021004135 -0.0029232493
  vertex -0.16239516 -0.04933122 -0.0033410788
  vertex -0.1789644 -0.018141843 0.0008215883
 endloop
endfacet
facet normal -0.22934487 0.014375718 -0.97323906
 outer loop
  vertex -0.16325237 -0.021004135 -0.0029232493
  vertex -0.1789644 -0.018141843 0.0008215883
  vertex -0.16691974 -0.01148556 -0.0019184309
 endloop
endfacet
facet normal -0.24082816 -0.0060045943 -0.9705492
 outer loop
  vertex -0.16325237 0.025153706 -0.0029232511
  vertex -0.16691974 0.00982851 -0.0019184309
  vertex -0.17993927 0.012293343 0.001296934
 endloop
endfacet
facet normal -0.23876476 -0.008842084 -0.97103715
 outer loop
  vertex -0.16325237 0.025153706 -0.0029232511
  vertex -0.17993927 0.012293343 0.001296934
  vertex -0.16307598 0.052508578 -0.00321571
 endloop
endfacet
facet normal -0.166582 -0.3930299 -0.90431076
 outer loop
  vertex -0.14005895 -0.050682183 -0.008075623
  vertex -0.12963954 -0.04883113 -0.010799471
  vertex -0.103527546 -0.062090944 -0.009846574
 endloop
endfacet
facet normal -0.031061959 0.05545152 -0.9979781
 outer loop
  vertex -0.14005895 -0.050682183 -0.008075623
  vertex -0.103527546 -0.062090944 -0.009846574
  vertex -0.1367397 -0.06395258 -0.008916289
 endloop
endfacet
facet normal -0.031901233 -0.07092825 -0.99697113
 outer loop
  vertex -0.14121306 0.051046025 -0.0078469105
  vertex -0.13673967 0.06406535 -0.008916294
  vertex -0.10352752 0.062203713 -0.009846577
 endloop
endfacet
facet normal -0.1345936 0.2844834 -0.94918585
 outer loop
  vertex -0.14121306 0.051046025 -0.0078469105
  vertex -0.10352752 0.062203713 -0.009846577
  vertex -0.13367894 0.047430113 -0.009998977
 endloop
endfacet
facet normal -0.21037565 0.008053422 -0.97758746
 outer loop
  vertex -0.16239516 -0.04933122 -0.0033410788
  vertex -0.16325237 -0.021004135 -0.0029232493
  vertex -0.15404013 -0.03571514 -0.0050269025
 endloop
endfacet
facet normal -0.20770329 -0.0074734963 -0.97816336
 outer loop
  vertex -0.14121306 0.051046025 -0.0078469105
  vertex -0.15519422 0.040581014 -0.004798193
  vertex -0.16307598 0.052508578 -0.00321571
 endloop
endfacet
facet normal -0.20779495 -0.008944449 -0.9781315
 outer loop
  vertex -0.14121306 0.051046025 -0.0078469105
  vertex -0.16307598 0.052508578 -0.00321571
  vertex -0.13673967 0.06406535 -0.008916294
 endloop
endfacet
facet normal 0.0066529084 0.9561727 0.2927277
 outer loop
  vertex -0.10352752 0.062203713 -0.009846577
  vertex -0.10284897 0.054899994 0.01399504
  vertex -0.07419823 0.054899994 0.0133438865
 endloop
endfacet
facet normal -0 0.9538137 0.30039874
 outer loop
  vertex -0.07419823 0.054899994 0.0133438865
  vertex -0.07683024 0.062203713 -0.009846577
  vertex -0.10352752 0.062203713 -0.009846577
 endloop
endfacet
facet normal 0.0067159706 -0.9553185 0.2955023
 outer loop
  vertex -0.102849 -0.054711405 0.013995046
  vertex -0.103527546 -0.062090944 -0.009846574
  vertex -0.07419826 -0.054711405 0.013343892
 endloop
endfacet
facet normal -0.033271138 -0.9394637 0.3410293
 outer loop
  vertex -0.07419826 -0.054711405 0.013343892
  vertex -0.103527546 -0.062090944 -0.009846574
  vertex -0.07683025 -0.062090944 -0.0072419606
 endloop
endfacet
facet normal -0.01983363 -0.48789158 -0.8726789
 outer loop
  vertex -0.12565407 -0.080929264 0.029171053
  vertex -0.102849 -0.054711405 0.013995046
  vertex -0.07419826 -0.054711405 0.013343892
 endloop
endfacet
facet normal -0.019799389 0.49057803 -0.8711723
 outer loop
  vertex -0.12565406 0.08092928 0.029171053
  vertex -0.07419823 0.054899994 0.0133438865
  vertex -0.10284897 0.054899994 0.01399504
 endloop
endfacet
facet normal 0.05529872 0 0.9984698
 outer loop
  vertex -0.13811183 -0.069590636 -0.00677153
  vertex -0.083831914 -0.08142374 -0.00977774
  vertex -0.083831914 -0.078152575 -0.00977774
 endloop
endfacet
facet normal 0.081093565 -0.09708851 0.9919666
 outer loop
  vertex -0.083831966 0.07551432 -0.009777761
  vertex -0.14142838 0.064262435 -0.006170512
  vertex -0.13915238 0.061949387 -0.006582965
 endloop
endfacet
facet normal 0.17831351 4.039585e-07 0.9839737
 outer loop
  vertex -0.16547427 0.034256462 -0.0018129097
  vertex -0.17399526 -0.00050136837 -0.00026874058
  vertex -0.17077652 -0.00050135923 -0.0008520335
 endloop
endfacet
facet normal 0.17831355 -6.08095e-07 0.98397374
 outer loop
  vertex -0.17399526 -0.00050136837 -0.00026874058
  vertex -0.16324696 -0.036164597 -0.002216545
  vertex -0.17077652 -0.00050135923 -0.0008520335
 endloop
endfacet
facet normal 0.17831632 -9.860777e-08 0.98397326
 outer loop
  vertex -0.14484236 0.067732 -0.0055518355
  vertex -0.17104924 0.037527602 -0.00080260914
  vertex -0.16547427 0.034256462 -0.0018129097
 endloop
endfacet
facet normal 0.17831616 -3.6556198e-09 0.9839733
 outer loop
  vertex -0.17104924 0.037527602 -0.00080260914
  vertex -0.18043268 -0.0005013687 0.00089786295
  vertex -0.177214 -0.00050136854 0.0003145719
 endloop
endfacet
facet normal 0.7818766 0.6071186 -0.14168967
 outer loop
  vertex -0.15744486 -0.03207565 -0.009916841
  vertex -0.13388014 -0.063807994 -0.015849438
  vertex -0.15802816 -0.032075644 -0.013135551
 endloop
endfacet
facet normal -0.78709406 -0.60011667 0.14262855
 outer loop
  vertex -0.14673644 -0.07799371 -0.007407084
  vertex -0.1747531 -0.041889083 -0.010104668
  vertex -0.17533636 -0.041889083 -0.013323389
 endloop
endfacet
facet normal 0.9839744 0 -0.17830995
 outer loop
  vertex -0.08674839 0.07551432 -0.025871357
  vertex -0.08733167 0.07387874 -0.029090071
  vertex -0.08733167 0.07714988 -0.029090071
 endloop
endfacet
facet normal -0.195059 0.00016708783 -0.9807915
 outer loop
  vertex -0.1429725 -0.016949885 -0.06279972
  vertex -0.11759845 -0.028528368 -0.067848064
  vertex -0.11754427 -0.03595229 -0.067860104
 endloop
endfacet
facet normal -0 1 0
 outer loop
  vertex 0.05017601 0.09023443 0.035732463
  vertex 0.013200574 0.09023443 0.009662634
  vertex -0.034673467 0.09023443 0.03735186
 endloop
endfacet
facet normal 0.4888387 0.38471764 -0.7829617
 outer loop
  vertex -0.087508254 0.090155326 -0.0300068
  vertex -0.022940837 0.0905187 0.010484129
  vertex -0.0977857 0.023131235 -0.06935657
 endloop
endfacet
facet normal 0.3474323 3.4957537e-07 -0.93770504
 outer loop
  vertex -0.097839326 -0.023861691 -0.069353536
  vertex -0.016707726 -0.071610294 -0.039293207
  vertex -0.016707696 -0.09123715 -0.039293204
 endloop
endfacet
facet normal 0.008186139 0.9998663 0.014153647
 outer loop
  vertex -0.034673467 0.09023443 0.03735186
  vertex 0.013200574 0.09023443 0.009662634
  vertex -0.022940837 0.0905187 0.010484129
 endloop
endfacet
facet normal -0.61728853 0.7824763 -0.08176557
 outer loop
  vertex -0.0977857 0.023131235 -0.06935657
  vertex -0.022940837 0.0905187 0.010484129
  vertex -0.016707696 0.090234436 -0.039293237
 endloop
endfacet
facet normal 0.007757434 0.99995863 -0.0047390433
 outer loop
  vertex -0.016707696 0.090234436 -0.039293237
  vertex -0.022940837 0.0905187 0.010484129
  vertex 0.013200574 0.09023443 0.009662634
 endloop
endfacet
facet normal -2.7241742e-07 -1 -4.7100423e-07
 outer loop
  vertex 0.05017598 -0.09123719 0.035732508
  vertex -0.034673467 -0.091237165 0.03735187
  vertex 0.013200596 -0.091237165 0.009662673
 endloop
endfacet
facet normal 0.0070553264 -0.99990076 0.012198518
 outer loop
  vertex -0.034673467 -0.091237165 0.03735187
  vertex -0.022960246 -0.091487095 0.010090727
  vertex 0.013200596 -0.091237165 0.009662673
 endloop
endfacet
facet normal 0.4870407 -0.38288575 -0.7849776
 outer loop
  vertex -0.097839326 -0.023861691 -0.069353536
  vertex -0.022960246 -0.091487095 0.010090727
  vertex -0.08742199 -0.09165738 -0.029821616
 endloop
endfacet
facet normal -0.61849195 -0.7814733 -0.082263134
 outer loop
  vertex -0.097839326 -0.023861691 -0.069353536
  vertex -0.016707696 -0.09123715 -0.039293204
  vertex -0.022960246 -0.091487095 0.010090727
 endloop
endfacet
facet normal 0.0068617626 -0.9999677 -0.004192316
 outer loop
  vertex 0.013200596 -0.091237165 0.009662673
  vertex -0.022960246 -0.091487095 0.010090727
  vertex -0.016707696 -0.09123715 -0.039293204
 endloop
endfacet
facet normal -0.23575737 0.97102714 0.03904749
 outer loop
  vertex -0.087508254 0.090155326 -0.0300068
  vertex -0.15116665 0.07375375 -0.0064857947
  vertex -0.083831966 0.090234436 -0.00977776
 endloop
endfacet
facet normal 0.08400136 0.09423141 0.9920001
 outer loop
  vertex -0.1415258 -0.0730602 -0.006152847
  vertex -0.14380175 -0.07537326 -0.005740402
  vertex -0.083831914 -0.08633046 -0.009777736
 endloop
endfacet
facet normal 0.17831518 6.3073844e-07 0.98397344
 outer loop
  vertex -0.14142838 0.064262435 -0.006170512
  vertex -0.14484236 0.067732 -0.0055518355
  vertex -0.16547427 0.034256462 -0.0018129097
 endloop
endfacet
facet normal 0.06910009 0 0.99760973
 outer loop
  vertex -0.083831966 0.080421016 -0.00977776
  vertex -0.083831966 0.08369215 -0.00977776
  vertex -0.14484236 0.067732 -0.0055518355
 endloop
endfacet
facet normal 0.17831424 1.752527e-06 0.98397356
 outer loop
  vertex -0.14484236 0.067732 -0.0055518355
  vertex -0.14825636 0.071201585 -0.0049331607
  vertex -0.17104924 0.037527602 -0.00080260914
 endloop
endfacet
facet normal -0.6373835 -0.77046925 0.010926972
 outer loop
  vertex -0.17236832 -0.044127673 -0.07424714
  vertex -0.14151078 -0.069709525 -0.078086145
  vertex -0.17470708 -0.041441366 -0.021256678
 endloop
endfacet
facet normal -0.97302896 0.22811751 -0.034307435
 outer loop
  vertex -0.18450055 -0.00067763106 -0.07106886
  vertex -0.17707366 0.03849287 -0.021257503
  vertex -0.17518309 0.038664453 -0.07373704
 endloop
endfacet
facet normal 0.5563247 0.24396949 -0.79434365
 outer loop
  vertex -0.1461359 0.06731767 -0.07808133
  vertex -0.087508254 0.090155326 -0.0300068
  vertex -0.11759845 0.0355622 -0.06784808
 endloop
endfacet
facet normal 0.15734883 0.9871313 -0.028514924
 outer loop
  vertex -0.13388014 -0.063807994 -0.015849438
  vertex -0.08499852 -0.071610294 -0.016215166
  vertex -0.08558182 -0.071610294 -0.019433878
 endloop
endfacet
facet normal -0.72208375 -0.6461752 -0.24708839
 outer loop
  vertex -0.17470708 -0.041441366 -0.021256678
  vertex -0.14673644 -0.07799371 -0.007407084
  vertex -0.17591971 -0.041889083 -0.016542088
 endloop
endfacet
facet normal -0.68850374 0.64486927 -0.33182257
 outer loop
  vertex -0.15116665 0.07375375 -0.0064857947
  vertex -0.17707366 0.03849287 -0.021257503
  vertex -0.17814696 0.039980974 -0.016138488
 endloop
endfacet
facet normal -0.7928091 0.5922938 0.14367259
 outer loop
  vertex -0.15116665 0.07375375 -0.0064857947
  vertex -0.17814696 0.039980974 -0.016138488
  vertex -0.17756367 0.039980967 -0.012919761
 endloop
endfacet
facet normal -0.7870936 -0.60011584 0.14263502
 outer loop
  vertex -0.1747531 -0.041889083 -0.010104668
  vertex -0.14673644 -0.07799371 -0.007407084
  vertex -0.17416981 -0.041889083 -0.0068859453
 endloop
endfacet
facet normal -0.7928095 0.59229344 0.14367217
 outer loop
  vertex -0.15116665 0.07375375 -0.0064857947
  vertex -0.17698035 0.039980967 -0.009701059
  vertex -0.17639706 0.039980963 -0.006482336
 endloop
endfacet
facet normal -0.78709346 -0.6001157 0.14263591
 outer loop
  vertex -0.14673644 -0.07799371 -0.007407084
  vertex -0.17358652 -0.041889083 -0.0036672289
  vertex -0.17416981 -0.041889083 -0.0068859453
 endloop
endfacet
facet normal 0.9839698 0.0032234075 -0.17830634
 outer loop
  vertex -0.087508254 0.090155326 -0.0300068
  vertex -0.08616514 0.086963296 -0.022652622
  vertex -0.08674841 0.086963296 -0.025871346
 endloop
endfacet
facet normal 0.9839678 0.0031954974 -0.17831808
 outer loop
  vertex -0.087508254 0.090155326 -0.0300068
  vertex -0.08558183 0.086963296 -0.019433912
  vertex -0.08616514 0.086963296 -0.022652622
 endloop
endfacet
facet normal 0.98396844 0.0032109586 -0.17831354
 outer loop
  vertex -0.087508254 0.090155326 -0.0300068
  vertex -0.08499854 0.086963296 -0.0162152
  vertex -0.08558183 0.086963296 -0.019433912
 endloop
endfacet
facet normal 0.9839694 0.0032335962 -0.17830849
 outer loop
  vertex -0.087508254 0.090155326 -0.0300068
  vertex -0.084415264 0.086963296 -0.012996475
  vertex -0.08499854 0.086963296 -0.0162152
 endloop
endfacet
facet normal 0.32381564 -0.01385522 -0.9460187
 outer loop
  vertex -0.1461359 0.06731767 -0.07808133
  vertex -0.11759845 0.0355622 -0.06784808
  vertex -0.11748492 0.027799612 -0.06769553
 endloop
endfacet
facet normal 0.13656507 -0.2824061 -0.9495245
 outer loop
  vertex -0.17518309 0.038664453 -0.07373704
  vertex -0.1461359 0.06731767 -0.07808133
  vertex -0.13989145 0.020146767 -0.06315373
 endloop
endfacet
facet normal -0.08568609 -0.31089392 -0.9465742
 outer loop
  vertex -0.11748492 0.027799612 -0.06769553
  vertex -0.13989145 0.020146767 -0.06315373
  vertex -0.1461359 0.06731767 -0.07808133
 endloop
endfacet
facet normal -0.08891358 -0.020870313 -0.9958207
 outer loop
  vertex -0.0977857 0.023131235 -0.06935657
  vertex -0.11748492 0.027799612 -0.06769553
  vertex -0.11759845 0.0355622 -0.06784808
 endloop
endfacet
facet normal -0.50730306 -0.28986835 0.8115541
 outer loop
  vertex -0.087508254 0.090155326 -0.0300068
  vertex -0.024566658 0.08696332 0.008197928
  vertex -0.022940837 0.0905187 0.010484129
 endloop
endfacet
facet normal -0.5210385 0.14633116 0.84089607
 outer loop
  vertex -0.08742199 -0.09165738 -0.029821616
  vertex -0.022960246 -0.091487095 0.010090727
  vertex -0.024566688 -0.08633043 0.008197986
 endloop
endfacet
facet normal 0.5762341 0 -0.8172847
 outer loop
  vertex 0.013200596 -0.091237165 0.009662673
  vertex 0.05017598 -0.07161032 0.035732508
  vertex 0.05017598 -0.09123719 0.035732508
 endloop
endfacet
facet normal 0.01908207 -0 0.9998179
 outer loop
  vertex 0.05017601 0.09023443 0.035732463
  vertex -0.034673467 0.0869633 0.03735186
  vertex -0.034673467 0.083692156 0.03735186
 endloop
endfacet
facet normal 0.019081803 -0 0.9998179
 outer loop
  vertex 0.05017598 -0.07161032 0.035732508
  vertex -0.034673512 -0.078152575 0.037351884
  vertex -0.034673512 -0.08142374 0.037351884
 endloop
endfacet
facet normal 0.01908207 -0 0.9998179
 outer loop
  vertex 0.05017601 0.09023443 0.035732463
  vertex -0.034673467 0.09023443 0.03735186
  vertex -0.034673467 0.0869633 0.03735186
 endloop
endfacet
facet normal 0.019081637 6.989272e-08 0.9998179
 outer loop
  vertex -0.034673467 -0.091237165 0.03735187
  vertex 0.05017598 -0.09123719 0.035732508
  vertex -0.03467349 -0.08633046 0.03735187
 endloop
endfacet
facet normal 0.019081805 -0 0.999818
 outer loop
  vertex 0.05017598 -0.07161032 0.035732508
  vertex -0.034673512 -0.07488144 0.037351884
  vertex -0.034673512 -0.078152575 0.037351884
 endloop
endfacet
facet normal 0.019081807 0 0.999818
 outer loop
  vertex -0.034673512 -0.07488144 0.037351884
  vertex 0.05017598 -0.07161032 0.035732508
  vertex -0.034673512 -0.07161032 0.037351884
 endloop
endfacet
facet normal 0.01908207 -0 0.9998179
 outer loop
  vertex 0.05017601 0.09023443 0.035732463
  vertex -0.034673467 0.083692156 0.03735186
  vertex -0.034673467 0.08042103 0.03735186
 endloop
endfacet
facet normal 0.01908198 -0 0.9998179
 outer loop
  vertex 0.05017604 0.070607595 0.035732463
  vertex -0.034673452 0.07551432 0.037351854
  vertex -0.034673452 0.070607595 0.037351854
 endloop
endfacet
facet normal 0 0 0
 outer loop
  vertex -0.024566688 -0.07488142 0.008197986
  vertex -0.024566688 -0.078152575 0.008197986
  vertex -0.024566688 -0.08142374 0.008197986
 endloop
endfacet
facet normal -0.76241386 0 0.64708966
 outer loop
  vertex -0.024566688 -0.08142374 0.008197986
  vertex -0.024566688 -0.08633043 0.008197986
  vertex -0.022960246 -0.091487095 0.010090727
 endloop
endfacet
facet normal -0.9951216 -4.608011e-06 0.09865643
 outer loop
  vertex -0.022960246 -0.091487095 0.010090727
  vertex -0.02254565 -0.08633046 0.01427288
  vertex -0.022545673 -0.08142374 0.014272884
 endloop
endfacet
facet normal 0 0 0
 outer loop
  vertex -0.022545673 -0.078152575 0.014272876
  vertex -0.022545673 -0.07488144 0.014272876
  vertex -0.022545673 -0.07161032 0.014272876
 endloop
endfacet
facet normal -0.9951227 2.2467908e-07 0.0986449
 outer loop
  vertex -0.022960246 -0.091487095 0.010090727
  vertex -0.022545673 -0.08142374 0.014272884
  vertex -0.022545673 -0.078152575 0.014272876
 endloop
endfacet
facet normal -0.76241386 0 0.6470897
 outer loop
  vertex -0.024566688 -0.07488142 0.008197986
  vertex -0.024566688 -0.08142374 0.008197986
  vertex -0.022960246 -0.091487095 0.010090727
 endloop
endfacet
facet normal -0.9488677 -3.0641777e-06 0.3156741
 outer loop
  vertex -0.022545673 -0.07161032 0.014272876
  vertex -0.024566703 -0.071610294 0.008197973
  vertex -0.024566688 -0.07488142 0.008197986
 endloop
endfacet
facet normal -0.9951227 0 0.09864561
 outer loop
  vertex -0.022960246 -0.091487095 0.010090727
  vertex -0.022545673 -0.078152575 0.014272876
  vertex -0.022545673 -0.07161032 0.014272876
 endloop
endfacet
facet normal -0.9388552 -0.052030798 0.34035814
 outer loop
  vertex -0.024566688 -0.07488142 0.008197986
  vertex -0.022960246 -0.091487095 0.010090727
  vertex -0.022545673 -0.07161032 0.014272876
 endloop
endfacet
facet normal 0.22779837 0.46676797 -0.8545382
 outer loop
  vertex -0.087508254 0.090155326 -0.0300068
  vertex -0.0977857 0.023131235 -0.06935657
  vertex -0.11759845 0.0355622 -0.06784808
 endloop
endfacet
facet normal 0.34766358 1.3717492e-06 -0.9376193
 outer loop
  vertex -0.0977857 0.023131235 -0.06935657
  vertex -0.016707696 0.090234436 -0.039293237
  vertex -0.016707659 0.0706076 -0.039293252
 endloop
endfacet
facet normal -0.2845313 0.9528277 -0.10564739
 outer loop
  vertex -0.15116665 0.07375375 -0.0064857947
  vertex -0.087508254 0.090155326 -0.0300068
  vertex -0.1461359 0.06731767 -0.07808133
 endloop
endfacet
facet normal -0.9568142 -0.28692624 -0.04668864
 outer loop
  vertex -0.1871512 -0.0005013421 -0.01783115
  vertex -0.18450055 -0.00067763106 -0.07106886
  vertex -0.17470708 -0.041441366 -0.021256678
 endloop
endfacet
facet normal -0.9680613 0.24587592 -0.049012918
 outer loop
  vertex -0.18450055 -0.00067763106 -0.07106886
  vertex -0.1871512 -0.0005013421 -0.01783115
  vertex -0.17707366 0.03849287 -0.021257503
 endloop
endfacet
facet normal -0.77835685 0.6180653 -0.11025321
 outer loop
  vertex -0.17707366 0.03849287 -0.021257503
  vertex -0.15116665 0.07375375 -0.0064857947
  vertex -0.1461359 0.06731767 -0.07808133
 endloop
endfacet
facet normal -0.068403505 -0.47975007 0.87473476
 outer loop
  vertex -0.14380175 -0.07537326 -0.005740402
  vertex -0.14673644 -0.07799371 -0.007407084
  vertex -0.083827056 -0.091237105 -0.009750989
 endloop
endfacet
facet normal 0.06817109 0.0055058342 0.9976585
 outer loop
  vertex -0.14380175 -0.07537326 -0.005740402
  vertex -0.083827056 -0.091237105 -0.009750989
  vertex -0.083831914 -0.08633046 -0.009777736
 endloop
endfacet
facet normal 0.9839735 2.1674462e-06 -0.17831455
 outer loop
  vertex -0.083827056 -0.091237105 -0.009750989
  vertex -0.084415205 -0.08633046 -0.012996446
  vertex -0.083831914 -0.08633046 -0.009777736
 endloop
endfacet
facet normal 0.06583296 0.11202336 0.99152243
 outer loop
  vertex -0.13242188 -0.06380801 -0.007802655
  vertex -0.13469785 -0.06612106 -0.007390209
  vertex -0.083831914 -0.07488142 -0.00977774
 endloop
endfacet
facet normal 0.040614456 0 0.99917495
 outer loop
  vertex -0.13242188 -0.06380801 -0.007802655
  vertex -0.083831914 -0.07488142 -0.00977774
  vertex -0.083831914 -0.071610294 -0.00977774
 endloop
endfacet
facet normal 0.071693584 0.10629891 0.99174625
 outer loop
  vertex -0.13469785 -0.06612106 -0.007390209
  vertex -0.13811183 -0.069590636 -0.00677153
  vertex -0.083831914 -0.078152575 -0.00977774
 endloop
endfacet
facet normal 0.046886086 0 0.99890023
 outer loop
  vertex -0.13469785 -0.06612106 -0.007390209
  vertex -0.083831914 -0.078152575 -0.00977774
  vertex -0.083831914 -0.07488142 -0.00977774
 endloop
endfacet
facet normal 0.084002055 0.094234504 0.9919998
 outer loop
  vertex -0.13811183 -0.069590636 -0.00677153
  vertex -0.1415258 -0.0730602 -0.006152847
  vertex -0.083831914 -0.08633046 -0.009777736
 endloop
endfacet
facet normal 0.055298887 7.580602e-07 0.9984699
 outer loop
  vertex -0.13811183 -0.069590636 -0.00677153
  vertex -0.083831914 -0.08633046 -0.009777736
  vertex -0.083831914 -0.08142374 -0.00977774
 endloop
endfacet
facet normal 0.9839739 0 -0.17831212
 outer loop
  vertex -0.08383195 0.0706076 -0.009777764
  vertex -0.084415235 0.0706076 -0.012996479
  vertex -0.084415235 0.07551432 -0.012996479
 endloop
endfacet
facet normal 0.98397475 3.088211e-06 -0.17830753
 outer loop
  vertex -0.08383195 0.0706076 -0.009777764
  vertex -0.084415235 0.07551432 -0.012996479
  vertex -0.083831966 0.07551432 -0.009777761
 endloop
endfacet
facet normal 0.08109342 -0.097087905 0.99196666
 outer loop
  vertex -0.083831966 0.07551432 -0.009777761
  vertex -0.13915238 0.061949387 -0.006582965
  vertex -0.13687646 0.059636347 -0.0069954083
 endloop
endfacet
facet normal 0.052381292 -3.9083193e-07 0.9986272
 outer loop
  vertex -0.083831966 0.07551432 -0.009777761
  vertex -0.13687646 0.059636347 -0.0069954083
  vertex -0.08383195 0.0706076 -0.009777764
 endloop
endfacet
facet normal 0.17831624 -2.9127906e-07 0.98397326
 outer loop
  vertex -0.13687646 0.059636347 -0.0069954083
  vertex -0.13915238 0.061949387 -0.006582965
  vertex -0.16129306 0.031803112 -0.0025706263
 endloop
endfacet
facet normal 0.17831628 -3.426735e-07 0.98397326
 outer loop
  vertex -0.13687646 0.059636347 -0.0069954083
  vertex -0.16129306 0.031803112 -0.0025706263
  vertex -0.15850553 0.030167544 -0.003075785
 endloop
endfacet
facet normal 0.1783166 2.0299284e-07 0.9839732
 outer loop
  vertex -0.15850553 0.030167544 -0.003075785
  vertex -0.16129306 0.031803112 -0.0025706263
  vertex -0.1675578 -0.000501359 -0.0014353162
 endloop
endfacet
facet normal 0.17831588 4.1702796e-07 0.98397326
 outer loop
  vertex -0.15850553 0.030167544 -0.003075785
  vertex -0.1675578 -0.000501359 -0.0014353162
  vertex -0.16433913 -0.0005013589 -0.0020186063
 endloop
endfacet
facet normal 0.17831509 -4.7073593e-07 0.98397344
 outer loop
  vertex -0.1675578 -0.000501359 -0.0014353162
  vertex -0.15906575 -0.03371124 -0.0029742569
  vertex -0.15627825 -0.03207567 -0.0034794053
 endloop
endfacet
facet normal 0.17831595 -1.761172e-07 0.98397326
 outer loop
  vertex -0.1675578 -0.000501359 -0.0014353162
  vertex -0.15627825 -0.03207567 -0.0034794053
  vertex -0.16433913 -0.0005013589 -0.0020186063
 endloop
endfacet
facet normal 0.17831427 -1.1209868e-06 0.9839737
 outer loop
  vertex -0.15906575 -0.03371124 -0.0029742569
  vertex -0.13469785 -0.06612106 -0.007390209
  vertex -0.13242188 -0.06380801 -0.007802655
 endloop
endfacet
facet normal 0.17831509 -4.4931033e-07 0.98397344
 outer loop
  vertex -0.15906575 -0.03371124 -0.0029742569
  vertex -0.13242188 -0.06380801 -0.007802655
  vertex -0.15627825 -0.03207567 -0.0034794053
 endloop
endfacet
facet normal 0.1783155 3.6873024e-07 0.9839733
 outer loop
  vertex -0.14142838 0.064262435 -0.006170512
  vertex -0.16547427 0.034256462 -0.0018129097
  vertex -0.16129306 0.031803112 -0.0025706263
 endloop
endfacet
facet normal 0.17831463 8.36474e-07 0.9839735
 outer loop
  vertex -0.14142838 0.064262435 -0.006170512
  vertex -0.16129306 0.031803112 -0.0025706263
  vertex -0.13915238 0.061949387 -0.006582965
 endloop
endfacet
facet normal 0.17831534 1.1586506e-07 0.9839734
 outer loop
  vertex -0.16129306 0.031803112 -0.0025706263
  vertex -0.16547427 0.034256462 -0.0018129097
  vertex -0.17077652 -0.00050135923 -0.0008520335
 endloop
endfacet
facet normal 0.1783121 1.1059675e-06 0.98397404
 outer loop
  vertex -0.16129306 0.031803112 -0.0025706263
  vertex -0.17077652 -0.00050135923 -0.0008520335
  vertex -0.1675578 -0.000501359 -0.0014353162
 endloop
endfacet
facet normal 0.17831445 -4.0316937e-07 0.9839735
 outer loop
  vertex -0.17077652 -0.00050135923 -0.0008520335
  vertex -0.16324696 -0.036164597 -0.002216545
  vertex -0.15906575 -0.03371124 -0.0029742569
 endloop
endfacet
facet normal 0.17831208 -1.2725598e-06 0.983974
 outer loop
  vertex -0.17077652 -0.00050135923 -0.0008520335
  vertex -0.15906575 -0.03371124 -0.0029742569
  vertex -0.1675578 -0.000501359 -0.0014353162
 endloop
endfacet
facet normal 0.17831534 -1.4224531e-07 0.9839734
 outer loop
  vertex -0.16324696 -0.036164597 -0.002216545
  vertex -0.13811183 -0.069590636 -0.00677153
  vertex -0.13469785 -0.06612106 -0.007390209
 endloop
endfacet
facet normal 0.17831466 -8.0650034e-07 0.9839735
 outer loop
  vertex -0.16324696 -0.036164597 -0.002216545
  vertex -0.13469785 -0.06612106 -0.007390209
  vertex -0.15906575 -0.03371124 -0.0029742569
 endloop
endfacet
facet normal 0.08757991 -0.09071543 0.9920184
 outer loop
  vertex -0.083831966 0.080421016 -0.00977776
  vertex -0.14484236 0.067732 -0.0055518355
  vertex -0.14142838 0.064262435 -0.006170512
 endloop
endfacet
facet normal 0.06250731 -2.0556307e-07 0.9980445
 outer loop
  vertex -0.083831966 0.080421016 -0.00977776
  vertex -0.14142838 0.064262435 -0.006170512
  vertex -0.083831966 0.07551432 -0.009777761
 endloop
endfacet
facet normal 0.17831635 -3.2763072e-08 0.9839732
 outer loop
  vertex -0.16547427 0.034256462 -0.0018129097
  vertex -0.17104924 0.037527602 -0.00080260914
  vertex -0.177214 -0.00050136854 0.0003145719
 endloop
endfacet
facet normal 0.1783193 -1.0598893e-06 0.98397267
 outer loop
  vertex -0.16547427 0.034256462 -0.0018129097
  vertex -0.177214 -0.00050136854 0.0003145719
  vertex -0.17399526 -0.00050136837 -0.00026874058
 endloop
endfacet
facet normal 0.17831664 3.6717344e-07 0.9839732
 outer loop
  vertex -0.16742823 -0.038617957 -0.0014588106
  vertex -0.16324696 -0.036164597 -0.002216545
  vertex -0.17399526 -0.00050136837 -0.00026874058
 endloop
endfacet
facet normal 0.1783193 8.3884373e-07 0.9839726
 outer loop
  vertex -0.16742823 -0.038617957 -0.0014588106
  vertex -0.17399526 -0.00050136837 -0.00026874058
  vertex -0.177214 -0.00050136854 0.0003145719
 endloop
endfacet
facet normal 0.17831606 3.192208e-07 0.9839733
 outer loop
  vertex -0.16742823 -0.038617957 -0.0014588106
  vertex -0.1415258 -0.0730602 -0.006152847
  vertex -0.13811183 -0.069590636 -0.00677153
 endloop
endfacet
facet normal 0.1783164 7.8194233e-07 0.98397315
 outer loop
  vertex -0.16742823 -0.038617957 -0.0014588106
  vertex -0.13811183 -0.069590636 -0.00677153
  vertex -0.16324696 -0.036164597 -0.002216545
 endloop
endfacet
facet normal 0.09500024 -0.083404735 0.9919771
 outer loop
  vertex -0.083831966 0.086963296 -0.00977776
  vertex -0.14825636 0.071201585 -0.0049331607
  vertex -0.14484236 0.067732 -0.0055518355
 endloop
endfacet
facet normal 0.06910008 0 0.99760973
 outer loop
  vertex -0.083831966 0.086963296 -0.00977776
  vertex -0.14484236 0.067732 -0.0055518355
  vertex -0.083831966 0.08369215 -0.00977776
 endloop
endfacet
facet normal 0.17831399 -7.614401e-07 0.9839736
 outer loop
  vertex -0.18043268 -0.0005013687 0.00089786295
  vertex -0.17021573 -0.040253535 -0.00095366593
  vertex -0.16742823 -0.038617957 -0.0014588106
 endloop
endfacet
facet normal 0.17831616 1.4588863e-08 0.98397326
 outer loop
  vertex -0.18043268 -0.0005013687 0.00089786295
  vertex -0.16742823 -0.038617957 -0.0014588106
  vertex -0.177214 -0.00050136854 0.0003145719
 endloop
endfacet
facet normal 0.1783152 -1.9037081e-07 0.98397344
 outer loop
  vertex -0.17021573 -0.040253535 -0.00095366593
  vertex -0.14380175 -0.07537326 -0.005740402
  vertex -0.1415258 -0.0730602 -0.006152847
 endloop
endfacet
facet normal 0.1783141 -1.1382672e-06 0.9839736
 outer loop
  vertex -0.17021573 -0.040253535 -0.00095366593
  vertex -0.1415258 -0.0730602 -0.006152847
  vertex -0.16742823 -0.038617957 -0.0014588106
 endloop
endfacet
facet normal -0.069226354 0.45968777 0.8853783
 outer loop
  vertex -0.083831966 0.090234436 -0.00977776
  vertex -0.15116665 0.07375375 -0.0064857947
  vertex -0.14825636 0.071201585 -0.0049331607
 endloop
endfacet
facet normal 0.0749865 0 0.9971845
 outer loop
  vertex -0.083831966 0.090234436 -0.00977776
  vertex -0.14825636 0.071201585 -0.0049331607
  vertex -0.083831966 0.086963296 -0.00977776
 endloop
endfacet
facet normal -0.20801456 0.32420984 0.9228315
 outer loop
  vertex -0.14825636 0.071201585 -0.0049331607
  vertex -0.15116665 0.07375375 -0.0064857947
  vertex -0.17523044 0.03998096 -4.4909306e-05
 endloop
endfacet
facet normal 0.17831297 2.6476769e-06 0.9839738
 outer loop
  vertex -0.14825636 0.071201585 -0.0049331607
  vertex -0.17523044 0.03998096 -4.4909306e-05
  vertex -0.17104924 0.037527602 -0.00080260914
 endloop
endfacet
facet normal 0.17831199 9.117663e-07 0.98397404
 outer loop
  vertex -0.17104924 0.037527602 -0.00080260914
  vertex -0.17523044 0.03998096 -4.4909306e-05
  vertex -0.18365142 -0.0005013689 0.0014811447
 endloop
endfacet
facet normal 0.17831022 1.5170558e-06 0.9839743
 outer loop
  vertex -0.17104924 0.037527602 -0.00080260914
  vertex -0.18365142 -0.0005013689 0.0014811447
  vertex -0.18043268 -0.0005013687 0.00089786295
 endloop
endfacet
facet normal 0.17831427 -3.5383783e-07 0.98397356
 outer loop
  vertex -0.18365142 -0.0005013689 0.0014811447
  vertex -0.17300317 -0.041889105 -0.00044853054
  vertex -0.17021573 -0.040253535 -0.00095366593
 endloop
endfacet
facet normal 0.17831028 -1.7765237e-06 0.98397434
 outer loop
  vertex -0.18365142 -0.0005013689 0.0014811447
  vertex -0.17021573 -0.040253535 -0.00095366593
  vertex -0.18043268 -0.0005013687 0.00089786295
 endloop
endfacet
facet normal -0.21973383 -0.33635393 0.9157418
 outer loop
  vertex -0.17300317 -0.041889105 -0.00044853054
  vertex -0.14673644 -0.07799371 -0.007407084
  vertex -0.14380175 -0.07537326 -0.005740402
 endloop
endfacet
facet normal 0.17831442 -7.103732e-07 0.98397356
 outer loop
  vertex -0.17300317 -0.041889105 -0.00044853054
  vertex -0.14380175 -0.07537326 -0.005740402
  vertex -0.17021573 -0.040253535 -0.00095366593
 endloop
endfacet
facet normal 0.3558937 -0.6352043 0.68545985
 outer loop
  vertex -0.14037615 0.059636362 -0.02630771
  vertex -0.13989145 0.020146767 -0.06315373
  vertex -0.11748492 0.027799612 -0.06769553
 endloop
endfacet
facet normal 0.18502428 -0.72682536 0.6614311
 outer loop
  vertex -0.14037615 0.059636362 -0.02630771
  vertex -0.11748492 0.027799612 -0.06769553
  vertex -0.08733167 0.0706076 -0.029090071
 endloop
endfacet
facet normal -0.96330065 -0.2668548 -0.028987901
 outer loop
  vertex -0.18450055 -0.00067763106 -0.07106886
  vertex -0.17236832 -0.044127673 -0.07424714
  vertex -0.17470708 -0.041441366 -0.021256678
 endloop
endfacet
facet normal 0.5284116 -0.12057867 -0.84038204
 outer loop
  vertex -0.14151078 -0.069709525 -0.078086145
  vertex -0.11754427 -0.03595229 -0.067860104
  vertex -0.11244405 -0.08066306 -0.058238074
 endloop
endfacet
facet normal 0.8442241 -0.065039776 0.53202957
 outer loop
  vertex -0.1678389 -0.00050132314 -0.021330925
  vertex -0.1429725 -0.016949885 -0.06279972
  vertex -0.13989145 0.020146767 -0.06315373
 endloop
endfacet
facet normal 0.85426563 -0.14528757 0.49912095
 outer loop
  vertex -0.1678389 -0.00050132314 -0.021330925
  vertex -0.13989145 0.020146767 -0.06315373
  vertex -0.16200528 0.030167572 -0.022388093
 endloop
endfacet
facet normal 0.7253431 -0.4648444 0.5077372
 outer loop
  vertex -0.13989145 0.020146767 -0.06315373
  vertex -0.14037615 0.059636362 -0.02630771
  vertex -0.16200528 0.030167572 -0.022388093
 endloop
endfacet
facet normal -0.70382 0.710005 -0.023033664
 outer loop
  vertex -0.17518309 0.038664453 -0.07373704
  vertex -0.17707366 0.03849287 -0.021257503
  vertex -0.1461359 0.06731767 -0.07808133
 endloop
endfacet
facet normal 0.40816376 0.591179 0.6956362
 outer loop
  vertex -0.11759845 -0.028528368 -0.067848064
  vertex -0.1429725 -0.016949885 -0.06279972
  vertex -0.13592166 -0.06380798 -0.027114946
 endloop
endfacet
facet normal 0.1426893 0.7154962 0.6838895
 outer loop
  vertex -0.11759845 -0.028528368 -0.067848064
  vertex -0.13592166 -0.06380798 -0.027114946
  vertex -0.08733173 -0.071610294 -0.029090026
 endloop
endfacet
facet normal 0.87320787 0.20241743 0.44332284
 outer loop
  vertex -0.1678389 -0.00050132314 -0.021330925
  vertex -0.15977806 -0.032075636 -0.022791712
  vertex -0.1429725 -0.016949885 -0.06279972
 endloop
endfacet
facet normal 0.7283688 0.48112297 0.4878521
 outer loop
  vertex -0.15977806 -0.032075636 -0.022791712
  vertex -0.13592166 -0.06380798 -0.027114946
  vertex -0.1429725 -0.016949885 -0.06279972
 endloop
endfacet
facet normal 0.983973 0 -0.1783174
 outer loop
  vertex -0.08674841 -0.071610294 -0.025871323
  vertex -0.08674841 -0.07488142 -0.025871323
  vertex -0.087331705 -0.07488142 -0.029090023
 endloop
endfacet
facet normal 0.98397183 6.5204404e-06 -0.1783238
 outer loop
  vertex -0.08674841 -0.071610294 -0.025871323
  vertex -0.087331705 -0.07488142 -0.029090023
  vertex -0.08733173 -0.071610294 -0.029090026
 endloop
endfacet
facet normal 0.9842918 0.006375683 -0.17643419
 outer loop
  vertex -0.08742199 -0.09165738 -0.029821616
  vertex -0.08674841 -0.08633046 -0.025871323
  vertex -0.083827056 -0.091237105 -0.009750989
 endloop
endfacet
facet normal 0.9839732 3.2299058e-06 -0.17831607
 outer loop
  vertex -0.083827056 -0.091237105 -0.009750989
  vertex -0.08674841 -0.08633046 -0.025871323
  vertex -0.08616511 -0.08633046 -0.0226526
 endloop
endfacet
facet normal 0.98397243 -9.009735e-06 -0.17832059
 outer loop
  vertex -0.083827056 -0.091237105 -0.009750989
  vertex -0.08616511 -0.08633046 -0.0226526
  vertex -0.085581794 -0.08633046 -0.019433878
 endloop
endfacet
facet normal 0.9839744 1.2636349e-05 -0.17830996
 outer loop
  vertex -0.085581794 -0.08633046 -0.019433878
  vertex -0.08499852 -0.08633046 -0.016215164
  vertex -0.083827056 -0.091237105 -0.009750989
 endloop
endfacet
facet normal 0.9839724 -2.0824411e-06 -0.1783208
 outer loop
  vertex -0.083827056 -0.091237105 -0.009750989
  vertex -0.08499852 -0.08633046 -0.016215164
  vertex -0.084415205 -0.08633046 -0.012996446
 endloop
endfacet
facet normal 0.983973 0 -0.17831737
 outer loop
  vertex -0.08674841 -0.078152575 -0.025871323
  vertex -0.087331705 -0.078152575 -0.029090023
  vertex -0.087331705 -0.07488142 -0.029090023
 endloop
endfacet
facet normal 0.983973 0 -0.17831737
 outer loop
  vertex -0.08674841 -0.078152575 -0.025871323
  vertex -0.087331705 -0.07488142 -0.029090023
  vertex -0.08674841 -0.07488142 -0.025871323
 endloop
endfacet
facet normal 0.9839731 0 -0.17831738
 outer loop
  vertex -0.08674841 -0.078152575 -0.025871323
  vertex -0.08674841 -0.08142374 -0.025871323
  vertex -0.087331705 -0.08142371 -0.029090023
 endloop
endfacet
facet normal 0.983973 0 -0.17831737
 outer loop
  vertex -0.08674841 -0.078152575 -0.025871323
  vertex -0.087331705 -0.08142371 -0.029090023
  vertex -0.087331705 -0.078152575 -0.029090023
 endloop
endfacet
facet normal 0.9857719 0 -0.16808903
 outer loop
  vertex -0.08674841 -0.08142374 -0.025871323
  vertex -0.08674841 -0.08633046 -0.025871323
  vertex -0.08742199 -0.09165738 -0.029821616
 endloop
endfacet
facet normal 0.983965 0.004066601 -0.17831588
 outer loop
  vertex -0.08674841 -0.08142374 -0.025871323
  vertex -0.08742199 -0.09165738 -0.029821616
  vertex -0.087331705 -0.08142371 -0.029090023
 endloop
endfacet
facet normal 0.98397326 0 -0.17831609
 outer loop
  vertex -0.08616511 -0.07488142 -0.0226526
  vertex -0.08674841 -0.07488142 -0.025871323
  vertex -0.08674841 -0.071610294 -0.025871323
 endloop
endfacet
facet normal 0.98397326 0 -0.17831609
 outer loop
  vertex -0.08616511 -0.07488142 -0.0226526
  vertex -0.08674841 -0.071610294 -0.025871323
  vertex -0.08616511 -0.071610294 -0.0226526
 endloop
endfacet
facet normal 0.9839732 0 -0.17831607
 outer loop
  vertex -0.08616511 -0.078152575 -0.0226526
  vertex -0.08674841 -0.078152575 -0.025871323
  vertex -0.08674841 -0.07488142 -0.025871323
 endloop
endfacet
facet normal 0.9839732 0 -0.17831607
 outer loop
  vertex -0.08616511 -0.078152575 -0.0226526
  vertex -0.08674841 -0.07488142 -0.025871323
  vertex -0.08616511 -0.07488142 -0.0226526
 endloop
endfacet
facet normal 0.98397326 0 -0.17831607
 outer loop
  vertex -0.08616511 -0.08142374 -0.0226526
  vertex -0.08674841 -0.08142374 -0.025871323
  vertex -0.08674841 -0.078152575 -0.025871323
 endloop
endfacet
facet normal 0.98397326 0 -0.17831607
 outer loop
  vertex -0.08616511 -0.08142374 -0.0226526
  vertex -0.08674841 -0.078152575 -0.025871323
  vertex -0.08616511 -0.078152575 -0.0226526
 endloop
endfacet
facet normal 0.9839732 0 -0.17831607
 outer loop
  vertex -0.08616511 -0.08633046 -0.0226526
  vertex -0.08674841 -0.08633046 -0.025871323
  vertex -0.08674841 -0.08142374 -0.025871323
 endloop
endfacet
facet normal 0.9839732 0 -0.17831607
 outer loop
  vertex -0.08616511 -0.08633046 -0.0226526
  vertex -0.08674841 -0.08142374 -0.025871323
  vertex -0.08616511 -0.08142374 -0.0226526
 endloop
endfacet
facet normal 0.9839737 0 -0.17831396
 outer loop
  vertex -0.08558182 -0.07488142 -0.019433878
  vertex -0.08616511 -0.07488142 -0.0226526
  vertex -0.08616511 -0.071610294 -0.0226526
 endloop
endfacet
facet normal 0.9839737 0 -0.17831396
 outer loop
  vertex -0.08558182 -0.07488142 -0.019433878
  vertex -0.08616511 -0.071610294 -0.0226526
  vertex -0.08558182 -0.071610294 -0.019433878
 endloop
endfacet
facet normal 0.9839736 0 -0.17831397
 outer loop
  vertex -0.08558182 -0.078152575 -0.019433878
  vertex -0.08616511 -0.078152575 -0.0226526
  vertex -0.08616511 -0.07488142 -0.0226526
 endloop
endfacet
facet normal 0.9839736 0 -0.17831397
 outer loop
  vertex -0.08558182 -0.078152575 -0.019433878
  vertex -0.08616511 -0.07488142 -0.0226526
  vertex -0.08558182 -0.07488142 -0.019433878
 endloop
endfacet
facet normal 0.9839737 0 -0.17831397
 outer loop
  vertex -0.08558182 -0.08142374 -0.019433878
  vertex -0.08616511 -0.08142374 -0.0226526
  vertex -0.08616511 -0.078152575 -0.0226526
 endloop
endfacet
facet normal 0.9839737 0 -0.17831397
 outer loop
  vertex -0.08558182 -0.08142374 -0.019433878
  vertex -0.08616511 -0.078152575 -0.0226526
  vertex -0.08558182 -0.078152575 -0.019433878
 endloop
endfacet
facet normal 0.98397243 0 -0.17832059
 outer loop
  vertex -0.085581794 -0.08633046 -0.019433878
  vertex -0.08616511 -0.08633046 -0.0226526
  vertex -0.08616511 -0.08142374 -0.0226526
 endloop
endfacet
facet normal 0.9839737 4.4835556e-06 -0.17831399
 outer loop
  vertex -0.085581794 -0.08633046 -0.019433878
  vertex -0.08616511 -0.08142374 -0.0226526
  vertex -0.08558182 -0.08142374 -0.019433878
 endloop
endfacet
facet normal 0.98397315 0 -0.17831668
 outer loop
  vertex -0.08499852 -0.07488142 -0.016215166
  vertex -0.08558182 -0.07488142 -0.019433878
  vertex -0.08558182 -0.071610294 -0.019433878
 endloop
endfacet
facet normal 0.98397315 0 -0.17831668
 outer loop
  vertex -0.08499852 -0.07488142 -0.016215166
  vertex -0.08558182 -0.071610294 -0.019433878
  vertex -0.08499852 -0.071610294 -0.016215166
 endloop
endfacet
facet normal 0.9839732 0 -0.17831667
 outer loop
  vertex -0.08499852 -0.078152575 -0.016215166
  vertex -0.08558182 -0.078152575 -0.019433878
  vertex -0.08558182 -0.07488142 -0.019433878
 endloop
endfacet
facet normal 0.9839732 0 -0.17831667
 outer loop
  vertex -0.08499852 -0.078152575 -0.016215166
  vertex -0.08558182 -0.07488142 -0.019433878
  vertex -0.08499852 -0.07488142 -0.016215166
 endloop
endfacet
facet normal 0.98397315 0 -0.17831677
 outer loop
  vertex -0.08499852 -0.08142374 -0.016215168
  vertex -0.08558182 -0.08142374 -0.019433878
  vertex -0.08558182 -0.078152575 -0.019433878
 endloop
endfacet
facet normal 0.9839732 9.562065e-08 -0.17831668
 outer loop
  vertex -0.08499852 -0.08142374 -0.016215168
  vertex -0.08558182 -0.078152575 -0.019433878
  vertex -0.08499852 -0.078152575 -0.016215166
 endloop
endfacet
facet normal 0.9839744 -1.3537682e-07 -0.17830996
 outer loop
  vertex -0.08499852 -0.08142374 -0.016215168
  vertex -0.08499852 -0.08633046 -0.016215164
  vertex -0.085581794 -0.08633046 -0.019433878
 endloop
endfacet
facet normal 0.98397315 4.4823237e-06 -0.17831677
 outer loop
  vertex -0.08499852 -0.08142374 -0.016215168
  vertex -0.085581794 -0.08633046 -0.019433878
  vertex -0.08558182 -0.08142374 -0.019433878
 endloop
endfacet
facet normal 0.98397315 0 -0.17831653
 outer loop
  vertex -0.08441522 -0.07488142 -0.012996451
  vertex -0.08499852 -0.07488142 -0.016215166
  vertex -0.08499852 -0.071610294 -0.016215166
 endloop
endfacet
facet normal 0.98397315 0 -0.17831653
 outer loop
  vertex -0.08441522 -0.07488142 -0.012996451
  vertex -0.08499852 -0.071610294 -0.016215166
  vertex -0.08441522 -0.071610294 -0.012996451
 endloop
endfacet
facet normal 0.9839732 0 -0.17831652
 outer loop
  vertex -0.08441522 -0.078152575 -0.012996451
  vertex -0.08499852 -0.078152575 -0.016215166
  vertex -0.08499852 -0.07488142 -0.016215166
 endloop
endfacet
facet normal 0.9839732 0 -0.17831652
 outer loop
  vertex -0.08441522 -0.078152575 -0.012996451
  vertex -0.08499852 -0.07488142 -0.016215166
  vertex -0.08441522 -0.07488142 -0.012996451
 endloop
endfacet
facet normal 0.98397326 0 -0.17831643
 outer loop
  vertex -0.08441522 -0.078152575 -0.012996451
  vertex -0.08441522 -0.08142374 -0.012996451
  vertex -0.08499852 -0.08142374 -0.016215168
 endloop
endfacet
facet normal 0.9839732 1.01535896e-07 -0.17831653
 outer loop
  vertex -0.08441522 -0.078152575 -0.012996451
  vertex -0.08499852 -0.08142374 -0.016215168
  vertex -0.08499852 -0.078152575 -0.016215166
 endloop
endfacet
facet normal 0.98397243 2.8189822e-06 -0.1783208
 outer loop
  vertex -0.08441522 -0.08142374 -0.012996451
  vertex -0.084415205 -0.08633046 -0.012996446
  vertex -0.08499852 -0.08633046 -0.016215164
 endloop
endfacet
facet normal 0.9839732 -1.3538174e-07 -0.17831643
 outer loop
  vertex -0.08441522 -0.08142374 -0.012996451
  vertex -0.08499852 -0.08633046 -0.016215164
  vertex -0.08499852 -0.08142374 -0.016215168
 endloop
endfacet
facet normal 0.98397267 0 -0.17831892
 outer loop
  vertex -0.083831914 -0.07488142 -0.00977774
  vertex -0.08441522 -0.07488142 -0.012996451
  vertex -0.08441522 -0.071610294 -0.012996451
 endloop
endfacet
facet normal 0.98397267 0 -0.17831892
 outer loop
  vertex -0.083831914 -0.07488142 -0.00977774
  vertex -0.08441522 -0.071610294 -0.012996451
  vertex -0.083831914 -0.071610294 -0.00977774
 endloop
endfacet
facet normal 0.9839727 0 -0.17831893
 outer loop
  vertex -0.083831914 -0.078152575 -0.00977774
  vertex -0.08441522 -0.078152575 -0.012996451
  vertex -0.08441522 -0.07488142 -0.012996451
 endloop
endfacet
facet normal 0.9839727 0 -0.17831893
 outer loop
  vertex -0.083831914 -0.078152575 -0.00977774
  vertex -0.08441522 -0.07488142 -0.012996451
  vertex -0.083831914 -0.07488142 -0.00977774
 endloop
endfacet
facet normal 0.9839727 0 -0.17831892
 outer loop
  vertex -0.083831914 -0.08142374 -0.00977774
  vertex -0.08441522 -0.08142374 -0.012996451
  vertex -0.08441522 -0.078152575 -0.012996451
 endloop
endfacet
facet normal 0.9839727 0 -0.17831892
 outer loop
  vertex -0.083831914 -0.08142374 -0.00977774
  vertex -0.08441522 -0.078152575 -0.012996451
  vertex -0.083831914 -0.078152575 -0.00977774
 endloop
endfacet
facet normal 0.9839735 -1.3538032e-07 -0.17831457
 outer loop
  vertex -0.083831914 -0.08142374 -0.00977774
  vertex -0.083831914 -0.08633046 -0.009777736
  vertex -0.084415205 -0.08633046 -0.012996446
 endloop
endfacet
facet normal 0.9839727 2.8189847e-06 -0.17831893
 outer loop
  vertex -0.083831914 -0.08142374 -0.00977774
  vertex -0.084415205 -0.08633046 -0.012996446
  vertex -0.08441522 -0.08142374 -0.012996451
 endloop
endfacet
facet normal 0.15734881 0.98713124 -0.028516097
 outer loop
  vertex -0.13533837 -0.063807994 -0.02389624
  vertex -0.08674841 -0.071610294 -0.025871323
  vertex -0.08733173 -0.071610294 -0.029090026
 endloop
endfacet
facet normal 0.15734945 0.98713136 -0.028510155
 outer loop
  vertex -0.13533837 -0.063807994 -0.02389624
  vertex -0.08733173 -0.071610294 -0.029090026
  vertex -0.13592166 -0.06380798 -0.027114946
 endloop
endfacet
facet normal 0.15734875 0.98713136 -0.028514812
 outer loop
  vertex -0.1347551 -0.063807994 -0.020677503
  vertex -0.08616511 -0.071610294 -0.0226526
  vertex -0.08674841 -0.071610294 -0.025871323
 endloop
endfacet
facet normal 0.15734896 0.98713136 -0.028512988
 outer loop
  vertex -0.1347551 -0.063807994 -0.020677503
  vertex -0.08674841 -0.071610294 -0.025871323
  vertex -0.13533837 -0.063807994 -0.02389624
 endloop
endfacet
facet normal 0.15734886 0.9871313 -0.028514484
 outer loop
  vertex -0.13388014 -0.063807994 -0.015849438
  vertex -0.08558182 -0.071610294 -0.019433878
  vertex -0.08616511 -0.071610294 -0.0226526
 endloop
endfacet
facet normal 0.15734872 0.9871313 -0.028515484
 outer loop
  vertex -0.13388014 -0.063807994 -0.015849438
  vertex -0.08616511 -0.071610294 -0.0226526
  vertex -0.1347551 -0.063807994 -0.020677503
 endloop
endfacet
facet normal 0.15734889 0.9871313 -0.02851491
 outer loop
  vertex -0.13300517 -0.063807994 -0.011021372
  vertex -0.08441522 -0.071610294 -0.012996451
  vertex -0.08499852 -0.071610294 -0.016215166
 endloop
endfacet
facet normal 0.15734883 0.9871313 -0.028515628
 outer loop
  vertex -0.13300517 -0.063807994 -0.011021372
  vertex -0.08499852 -0.071610294 -0.016215166
  vertex -0.13388014 -0.063807994 -0.015849438
 endloop
endfacet
facet normal 0.2005816 -0.9790026 -0.036345456
 outer loop
  vertex -0.13979292 0.059636362 -0.023089
  vertex -0.14037615 0.059636362 -0.02630771
  vertex -0.08733167 0.0706076 -0.029090071
 endloop
endfacet
facet normal 0.20058128 -0.9790026 -0.036348138
 outer loop
  vertex -0.13979292 0.059636362 -0.023089
  vertex -0.08733167 0.0706076 -0.029090071
  vertex -0.08674839 0.0706076 -0.025871357
 endloop
endfacet
facet normal 0.7887206 -0.5979047 -0.14293297
 outer loop
  vertex -0.13979292 0.059636362 -0.023089
  vertex -0.16142198 0.030167561 -0.019169379
  vertex -0.16200528 0.030167572 -0.022388093
 endloop
endfacet
facet normal 0.78872263 -0.59790576 -0.14291704
 outer loop
  vertex -0.13979292 0.059636362 -0.023089
  vertex -0.16200528 0.030167572 -0.022388093
  vertex -0.14037615 0.059636362 -0.02630771
 endloop
endfacet
facet normal 0.9660881 -0.18979749 -0.17507331
 outer loop
  vertex -0.16142198 0.030167561 -0.019169379
  vertex -0.16725561 -0.0005013321 -0.018112203
  vertex -0.1678389 -0.00050132314 -0.021330925
 endloop
endfacet
facet normal 0.966088 -0.18979746 -0.17507386
 outer loop
  vertex -0.16142198 0.030167561 -0.019169379
  vertex -0.1678389 -0.00050132314 -0.021330925
  vertex -0.16200528 0.030167572 -0.022388093
 endloop
endfacet
facet normal 0.95243627 0.25114122 -0.17260736
 outer loop
  vertex -0.16725561 -0.0005013321 -0.018112203
  vertex -0.15919474 -0.032075644 -0.019572996
  vertex -0.15977806 -0.032075636 -0.022791712
 endloop
endfacet
facet normal 0.95243806 0.25114036 -0.17259851
 outer loop
  vertex -0.16725561 -0.0005013321 -0.018112203
  vertex -0.15977806 -0.032075636 -0.022791712
  vertex -0.1678389 -0.00050132314 -0.021330925
 endloop
endfacet
facet normal 0.7818769 0.60711855 -0.14168821
 outer loop
  vertex -0.15919474 -0.032075644 -0.019572996
  vertex -0.13533837 -0.063807994 -0.02389624
  vertex -0.13592166 -0.06380798 -0.027114946
 endloop
endfacet
facet normal 0.7818751 0.60711914 -0.1416958
 outer loop
  vertex -0.15919474 -0.032075644 -0.019572996
  vertex -0.13592166 -0.06380798 -0.027114946
  vertex -0.15977806 -0.032075636 -0.022791712
 endloop
endfacet
facet normal 0.20058113 -0.9790025 -0.03635096
 outer loop
  vertex -0.1392096 0.059636362 -0.01987029
  vertex -0.13979292 0.059636362 -0.023089
  vertex -0.08674839 0.0706076 -0.025871357
 endloop
endfacet
facet normal 0.2005814 -0.9790025 -0.03634848
 outer loop
  vertex -0.1392096 0.059636362 -0.01987029
  vertex -0.08674839 0.0706076 -0.025871357
  vertex -0.08616511 0.0706076 -0.02265263
 endloop
endfacet
facet normal 0.7887206 -0.59790516 -0.14293097
 outer loop
  vertex -0.1392096 0.059636362 -0.01987029
  vertex -0.1608387 0.030167561 -0.015950667
  vertex -0.16142198 0.030167561 -0.019169379
 endloop
endfacet
facet normal 0.78871965 -0.5979046 -0.1429383
 outer loop
  vertex -0.1392096 0.059636362 -0.01987029
  vertex -0.16142198 0.030167561 -0.019169379
  vertex -0.13979292 0.059636362 -0.023089
 endloop
endfacet
facet normal 0.9660882 -0.18979749 -0.17507279
 outer loop
  vertex -0.16667232 -0.0005013321 -0.0148934815
  vertex -0.16725561 -0.0005013321 -0.018112203
  vertex -0.16142198 0.030167561 -0.019169379
 endloop
endfacet
facet normal 0.96608806 -0.18979757 -0.17507328
 outer loop
  vertex -0.16667232 -0.0005013321 -0.0148934815
  vertex -0.16142198 0.030167561 -0.019169379
  vertex -0.1608387 0.030167561 -0.015950667
 endloop
endfacet
facet normal 0.9524377 0.2511412 -0.17259918
 outer loop
  vertex -0.15861145 -0.032075644 -0.016354276
  vertex -0.15919474 -0.032075644 -0.019572996
  vertex -0.16725561 -0.0005013321 -0.018112203
 endloop
endfacet
facet normal 0.95243776 0.25114122 -0.17259909
 outer loop
  vertex -0.15861145 -0.032075644 -0.016354276
  vertex -0.16725561 -0.0005013321 -0.018112203
  vertex -0.16667232 -0.0005013321 -0.0148934815
 endloop
endfacet
facet normal 0.781877 0.6071181 -0.14169045
 outer loop
  vertex -0.15919474 -0.032075644 -0.019572996
  vertex -0.15861145 -0.032075644 -0.016354276
  vertex -0.1347551 -0.063807994 -0.020677503
 endloop
endfacet
facet normal 0.781878 0.6071186 -0.14168265
 outer loop
  vertex -0.15919474 -0.032075644 -0.019572996
  vertex -0.1347551 -0.063807994 -0.020677503
  vertex -0.13533837 -0.063807994 -0.02389624
 endloop
endfacet
facet normal 0.20058136 -0.97900254 -0.03634913
 outer loop
  vertex -0.08616511 0.0706076 -0.02265263
  vertex -0.08558182 0.0706076 -0.01943392
  vertex -0.1386263 0.059636362 -0.01665157
 endloop
endfacet
facet normal 0.20058137 -0.97900254 -0.03634903
 outer loop
  vertex -0.08616511 0.0706076 -0.02265263
  vertex -0.1386263 0.059636362 -0.01665157
  vertex -0.1392096 0.059636362 -0.01987029
 endloop
endfacet
facet normal 0.78872156 -0.5979057 -0.14292343
 outer loop
  vertex -0.1386263 0.059636362 -0.01665157
  vertex -0.16025543 0.030167561 -0.012731945
  vertex -0.1608387 0.030167561 -0.015950667
 endloop
endfacet
facet normal 0.78872067 -0.5979051 -0.14293072
 outer loop
  vertex -0.1386263 0.059636362 -0.01665157
  vertex -0.1608387 0.030167561 -0.015950667
  vertex -0.1392096 0.059636362 -0.01987029
 endloop
endfacet
facet normal 0.9660901 -0.18979561 -0.1750642
 outer loop
  vertex -0.1608387 0.030167561 -0.015950667
  vertex -0.16025543 0.030167561 -0.012731945
  vertex -0.166089 -0.0005013321 -0.011674785
 endloop
endfacet
facet normal 0.9660864 -0.18979755 -0.17508279
 outer loop
  vertex -0.1608387 0.030167561 -0.015950667
  vertex -0.166089 -0.0005013321 -0.011674785
  vertex -0.16667232 -0.0005013321 -0.0148934815
 endloop
endfacet
facet normal 0.95243806 0.25114024 -0.17259896
 outer loop
  vertex -0.166089 -0.0005013321 -0.011674785
  vertex -0.15802816 -0.032075644 -0.013135551
  vertex -0.15861145 -0.032075644 -0.016354276
 endloop
endfacet
facet normal 0.952436 0.2511412 -0.17260903
 outer loop
  vertex -0.166089 -0.0005013321 -0.011674785
  vertex -0.15861145 -0.032075644 -0.016354276
  vertex -0.16667232 -0.0005013321 -0.0148934815
 endloop
endfacet
facet normal 0.7818757 0.6071184 -0.14169545
 outer loop
  vertex -0.15802816 -0.032075644 -0.013135551
  vertex -0.13388014 -0.063807994 -0.015849438
  vertex -0.1347551 -0.063807994 -0.020677503
 endloop
endfacet
facet normal 0.781877 0.607118 -0.14169039
 outer loop
  vertex -0.15802816 -0.032075644 -0.013135551
  vertex -0.1347551 -0.063807994 -0.020677503
  vertex -0.15861145 -0.032075644 -0.016354276
 endloop
endfacet
facet normal 0.20058143 -0.9790024 -0.03634952
 outer loop
  vertex -0.08558182 0.0706076 -0.01943392
  vertex -0.08499852 0.0706076 -0.016215201
  vertex -0.13804302 0.059636354 -0.013432855
 endloop
endfacet
facet normal 0.20058125 -0.9790024 -0.03635131
 outer loop
  vertex -0.08558182 0.0706076 -0.01943392
  vertex -0.13804302 0.059636354 -0.013432855
  vertex -0.1386263 0.059636362 -0.01665157
 endloop
endfacet
facet normal 0.7887211 -0.59790415 -0.14293228
 outer loop
  vertex -0.1386263 0.059636362 -0.01665157
  vertex -0.13804302 0.059636354 -0.013432855
  vertex -0.15967205 0.03016756 -0.009513239
 endloop
endfacet
facet normal 0.7887162 -0.5979057 -0.14295273
 outer loop
  vertex -0.1386263 0.059636362 -0.01665157
  vertex -0.15967205 0.03016756 -0.009513239
  vertex -0.16025543 0.030167561 -0.012731945
 endloop
endfacet
facet normal 0.966088 -0.18979843 -0.17507274
 outer loop
  vertex -0.15967205 0.03016756 -0.009513239
  vertex -0.1655057 -0.000501341 -0.008456053
  vertex -0.166089 -0.0005013321 -0.011674785
 endloop
endfacet
facet normal 0.96608365 -0.18979563 -0.17509972
 outer loop
  vertex -0.15967205 0.03016756 -0.009513239
  vertex -0.166089 -0.0005013321 -0.011674785
  vertex -0.16025543 0.030167561 -0.012731945
 endloop
endfacet
facet normal 0.952438 0.2511404 -0.1725992
 outer loop
  vertex -0.1655057 -0.000501341 -0.008456053
  vertex -0.15744486 -0.03207565 -0.009916841
  vertex -0.15802816 -0.032075644 -0.013135551
 endloop
endfacet
facet normal 0.95243824 0.2511402 -0.17259769
 outer loop
  vertex -0.1655057 -0.000501341 -0.008456053
  vertex -0.15802816 -0.032075644 -0.013135551
  vertex -0.166089 -0.0005013321 -0.011674785
 endloop
endfacet
facet normal 0.20058134 -0.9790024 -0.03635122
 outer loop
  vertex -0.13745973 0.059636347 -0.010214129
  vertex -0.13804302 0.059636354 -0.013432855
  vertex -0.08499852 0.0706076 -0.016215201
 endloop
endfacet
facet normal 0.20058165 -0.9790025 -0.036348578
 outer loop
  vertex -0.13745973 0.059636347 -0.010214129
  vertex -0.08499852 0.0706076 -0.016215201
  vertex -0.084415235 0.0706076 -0.012996479
 endloop
endfacet
facet normal 0.78872293 -0.59790516 -0.1429181
 outer loop
  vertex -0.13745973 0.059636347 -0.010214129
  vertex -0.15908882 0.03016755 -0.006294518
  vertex -0.15967205 0.03016756 -0.009513239
 endloop
endfacet
facet normal 0.78872114 -0.59790415 -0.14293209
 outer loop
  vertex -0.13745973 0.059636347 -0.010214129
  vertex -0.15967205 0.03016756 -0.009513239
  vertex -0.13804302 0.059636354 -0.013432855
 endloop
endfacet
facet normal 0.96608835 -0.18979667 -0.17507315
 outer loop
  vertex -0.15908882 0.03016755 -0.006294518
  vertex -0.16492242 -0.0005013499 -0.005237328
  vertex -0.1655057 -0.000501341 -0.008456053
 endloop
endfacet
facet normal 0.966091 -0.18979843 -0.17505603
 outer loop
  vertex -0.15908882 0.03016755 -0.006294518
  vertex -0.1655057 -0.000501341 -0.008456053
  vertex -0.15967205 0.03016756 -0.009513239
 endloop
endfacet
facet normal 0.9524381 0.25114036 -0.17259811
 outer loop
  vertex -0.16492242 -0.0005013499 -0.005237328
  vertex -0.15686157 -0.032075662 -0.006698116
  vertex -0.15744486 -0.03207565 -0.009916841
 endloop
endfacet
facet normal 0.95243806 0.25114036 -0.17259833
 outer loop
  vertex -0.16492242 -0.0005013499 -0.005237328
  vertex -0.15744486 -0.03207565 -0.009916841
  vertex -0.1655057 -0.000501341 -0.008456053
 endloop
endfacet
facet normal 0.78187543 0.6071188 -0.14169541
 outer loop
  vertex -0.13300517 -0.063807994 -0.011021372
  vertex -0.13388014 -0.063807994 -0.015849438
  vertex -0.15744486 -0.03207565 -0.009916841
 endloop
endfacet
facet normal 0.7818764 0.6071193 -0.14168802
 outer loop
  vertex -0.13300517 -0.063807994 -0.011021372
  vertex -0.15744486 -0.03207565 -0.009916841
  vertex -0.15686157 -0.032075662 -0.006698116
 endloop
endfacet
facet normal 0.20058174 -0.97900254 -0.036347218
 outer loop
  vertex -0.13687646 0.059636347 -0.0069954083
  vertex -0.13745973 0.059636347 -0.010214129
  vertex -0.084415235 0.0706076 -0.012996479
 endloop
endfacet
facet normal 0.20058157 -0.9790024 -0.036348645
 outer loop
  vertex -0.13687646 0.059636347 -0.0069954083
  vertex -0.084415235 0.0706076 -0.012996479
  vertex -0.08383195 0.0706076 -0.009777764
 endloop
endfacet
facet normal 0.7887209 -0.5979046 -0.14293116
 outer loop
  vertex -0.13687646 0.059636347 -0.0069954083
  vertex -0.15850553 0.030167544 -0.003075785
  vertex -0.15908882 0.03016755 -0.006294518
 endloop
endfacet
facet normal 0.788722 -0.5979052 -0.14292318
 outer loop
  vertex -0.13687646 0.059636347 -0.0069954083
  vertex -0.15908882 0.03016755 -0.006294518
  vertex -0.13745973 0.059636347 -0.010214129
 endloop
endfacet
facet normal 0.9660883 -0.18979657 -0.17507334
 outer loop
  vertex -0.15850553 0.030167544 -0.003075785
  vertex -0.16433913 -0.0005013589 -0.0020186063
  vertex -0.16492242 -0.0005013499 -0.005237328
 endloop
endfacet
facet normal 0.96608835 -0.18979663 -0.17507258
 outer loop
  vertex -0.15850553 0.030167544 -0.003075785
  vertex -0.16492242 -0.0005013499 -0.005237328
  vertex -0.15908882 0.03016755 -0.006294518
 endloop
endfacet
facet normal 0.9524362 0.25114128 -0.17260763
 outer loop
  vertex -0.16433913 -0.0005013589 -0.0020186063
  vertex -0.15627825 -0.03207567 -0.0034794053
  vertex -0.15686157 -0.032075662 -0.006698116
 endloop
endfacet
facet normal 0.9524382 0.25114036 -0.17259824
 outer loop
  vertex -0.16433913 -0.0005013589 -0.0020186063
  vertex -0.15686157 -0.032075662 -0.006698116
  vertex -0.16492242 -0.0005013499 -0.005237328
 endloop
endfacet
facet normal 0.78187686 0.6071187 -0.14168775
 outer loop
  vertex -0.15627825 -0.03207567 -0.0034794053
  vertex -0.13242188 -0.06380801 -0.007802655
  vertex -0.13300517 -0.063807994 -0.011021372
 endloop
endfacet
facet normal 0.78187484 0.6071193 -0.14169648
 outer loop
  vertex -0.15627825 -0.03207567 -0.0034794053
  vertex -0.13300517 -0.063807994 -0.011021372
  vertex -0.15686157 -0.032075662 -0.006698116
 endloop
endfacet
facet normal -0.93877923 -0.2995854 0.17012377
 outer loop
  vertex -0.1865679 -0.0005013511 -0.014612442
  vertex -0.1871512 -0.0005013421 -0.01783115
  vertex -0.17470708 -0.041441366 -0.021256678
 endloop
endfacet
facet normal -0.93730164 -0.22889444 -0.26281753
 outer loop
  vertex -0.1865679 -0.0005013511 -0.014612442
  vertex -0.17470708 -0.041441366 -0.021256678
  vertex -0.17591971 -0.041889083 -0.016542088
 endloop
endfacet
facet normal -0.20363408 -0.9773899 0.056939982
 outer loop
  vertex -0.08742199 -0.09165738 -0.029821616
  vertex -0.083827056 -0.091237105 -0.009750989
  vertex -0.14673644 -0.07799371 -0.007407084
 endloop
endfacet
facet normal -0.96269643 0.20683214 0.17445941
 outer loop
  vertex -0.1871512 -0.0005013421 -0.01783115
  vertex -0.1865679 -0.0005013511 -0.014612442
  vertex -0.17814696 0.039980974 -0.016138488
 endloop
endfacet
facet normal -0.9399343 0.21997787 -0.26102337
 outer loop
  vertex -0.1871512 -0.0005013421 -0.01783115
  vertex -0.17814696 0.039980974 -0.016138488
  vertex -0.17707366 0.03849287 -0.021257503
 endloop
endfacet
facet normal -0.95197195 -0.25296512 0.17250516
 outer loop
  vertex -0.18598464 -0.0005013511 -0.011393707
  vertex -0.1865679 -0.0005013511 -0.014612442
  vertex -0.17591971 -0.041889083 -0.016542088
 endloop
endfacet
facet normal -0.95196646 -0.2529672 0.17253251
 outer loop
  vertex -0.18598464 -0.0005013511 -0.011393707
  vertex -0.17591971 -0.041889083 -0.016542088
  vertex -0.17533636 -0.041889083 -0.013323389
 endloop
endfacet
facet normal -0.7870933 -0.6001123 0.14265122
 outer loop
  vertex -0.17533636 -0.041889083 -0.013323389
  vertex -0.17591971 -0.041889083 -0.016542088
  vertex -0.14673644 -0.07799371 -0.007407084
 endloop
endfacet
facet normal -0.9626982 0.20683292 0.17444886
 outer loop
  vertex -0.1865679 -0.0005013511 -0.014612442
  vertex -0.18598464 -0.0005013511 -0.011393707
  vertex -0.17756367 0.039980967 -0.012919761
 endloop
endfacet
facet normal -0.9626966 0.20683214 0.17445835
 outer loop
  vertex -0.1865679 -0.0005013511 -0.014612442
  vertex -0.17756367 0.039980967 -0.012919761
  vertex -0.17814696 0.039980974 -0.016138488
 endloop
endfacet
facet normal -0.9519666 -0.25296718 0.17253195
 outer loop
  vertex -0.18540129 -0.0005013599 -0.00817501
  vertex -0.18598464 -0.0005013511 -0.011393707
  vertex -0.17533636 -0.041889083 -0.013323389
 endloop
endfacet
facet normal -0.9519718 -0.25296524 0.17250589
 outer loop
  vertex -0.18540129 -0.0005013599 -0.00817501
  vertex -0.17533636 -0.041889083 -0.013323389
  vertex -0.1747531 -0.041889083 -0.010104668
 endloop
endfacet
facet normal -0.9626949 0.20683214 0.17446783
 outer loop
  vertex -0.18540129 -0.0005013599 -0.00817501
  vertex -0.17698035 0.039980967 -0.009701059
  vertex -0.17756367 0.039980967 -0.012919761
 endloop
endfacet
facet normal -0.9626931 0.20683289 0.17447725
 outer loop
  vertex -0.18540129 -0.0005013599 -0.00817501
  vertex -0.17756367 0.039980967 -0.012919761
  vertex -0.18598464 -0.0005013511 -0.011393707
 endloop
endfacet
facet normal -0.95197165 -0.2529659 0.17250572
 outer loop
  vertex -0.17416981 -0.041889083 -0.0068859453
  vertex -0.18481803 -0.00050136 -0.004956287
  vertex -0.18540129 -0.0005013599 -0.00817501
 endloop
endfacet
facet normal -0.9519703 -0.25296524 0.1725142
 outer loop
  vertex -0.17416981 -0.041889083 -0.0068859453
  vertex -0.18540129 -0.0005013599 -0.00817501
  vertex -0.1747531 -0.041889083 -0.010104668
 endloop
endfacet
facet normal -0.79280895 0.59229237 0.14367965
 outer loop
  vertex -0.15116665 0.07375375 -0.0064857947
  vertex -0.17756367 0.039980967 -0.012919761
  vertex -0.17698035 0.039980967 -0.009701059
 endloop
endfacet
facet normal -0.9626981 0.20683286 0.17444947
 outer loop
  vertex -0.18540129 -0.0005013599 -0.00817501
  vertex -0.18481803 -0.00050136 -0.004956287
  vertex -0.17639706 0.039980963 -0.006482336
 endloop
endfacet
facet normal -0.9626967 0.20683216 0.17445835
 outer loop
  vertex -0.18540129 -0.0005013599 -0.00817501
  vertex -0.17639706 0.039980963 -0.006482336
  vertex -0.17698035 0.039980967 -0.009701059
 endloop
endfacet
facet normal -0.9519699 -0.25296587 0.17251472
 outer loop
  vertex -0.18423474 -0.00050136 -0.0017375732
  vertex -0.18481803 -0.00050136 -0.004956287
  vertex -0.17416981 -0.041889083 -0.0068859453
 endloop
endfacet
facet normal -0.95197 -0.25296584 0.17251459
 outer loop
  vertex -0.18423474 -0.00050136 -0.0017375732
  vertex -0.17416981 -0.041889083 -0.0068859453
  vertex -0.17358652 -0.041889083 -0.0036672289
 endloop
endfacet
facet normal -0.96269625 0.20683356 0.17445855
 outer loop
  vertex -0.18481803 -0.00050136 -0.004956287
  vertex -0.18423474 -0.00050136 -0.0017375732
  vertex -0.17581373 0.03998096 -0.0032636262
 endloop
endfacet
facet normal -0.96269476 0.20683284 0.17446764
 outer loop
  vertex -0.18481803 -0.00050136 -0.004956287
  vertex -0.17581373 0.03998096 -0.0032636262
  vertex -0.17639706 0.039980963 -0.006482336
 endloop
endfacet
facet normal -0.9519669 -0.25296652 0.17253087
 outer loop
  vertex -0.17358652 -0.041889083 -0.0036672289
  vertex -0.17300317 -0.041889105 -0.00044853054
  vertex -0.18365142 -0.0005013689 0.0014811447
 endloop
endfacet
facet normal -0.9519686 -0.25296587 0.1725224
 outer loop
  vertex -0.17358652 -0.041889083 -0.0036672289
  vertex -0.18365142 -0.0005013689 0.0014811447
  vertex -0.18423474 -0.00050136 -0.0017375732
 endloop
endfacet
facet normal -0.79280853 0.5922928 0.1436799
 outer loop
  vertex -0.17639706 0.039980963 -0.006482336
  vertex -0.17581373 0.03998096 -0.0032636262
  vertex -0.15116665 0.07375375 -0.0064857947
 endloop
endfacet
facet normal -0.7870916 -0.6001155 0.1426468
 outer loop
  vertex -0.17300317 -0.041889105 -0.00044853054
  vertex -0.17358652 -0.041889083 -0.0036672289
  vertex -0.14673644 -0.07799371 -0.007407084
 endloop
endfacet
facet normal -0.9626963 0.20683357 0.17445838
 outer loop
  vertex -0.17523044 0.03998096 -4.4909306e-05
  vertex -0.17581373 0.03998096 -0.0032636262
  vertex -0.18423474 -0.00050136 -0.0017375732
 endloop
endfacet
facet normal -0.96269476 0.20683284 0.17446753
 outer loop
  vertex -0.17523044 0.03998096 -4.4909306e-05
  vertex -0.18423474 -0.00050136 -0.0017375732
  vertex -0.18365142 -0.0005013689 0.0014811447
 endloop
endfacet
facet normal 0.9839744 0 -0.17830995
 outer loop
  vertex -0.08674839 0.0706076 -0.025871357
  vertex -0.08733167 0.0706076 -0.029090071
  vertex -0.08733167 0.07387874 -0.029090071
 endloop
endfacet
facet normal 0.9839744 0 -0.17830996
 outer loop
  vertex -0.08674839 0.0706076 -0.025871357
  vertex -0.08733167 0.07387874 -0.029090071
  vertex -0.08674839 0.07551432 -0.025871357
 endloop
endfacet
facet normal -0.79280984 0.59229296 0.14367181
 outer loop
  vertex -0.17581373 0.03998096 -0.0032636262
  vertex -0.17523044 0.03998096 -4.4909306e-05
  vertex -0.15116665 0.07375375 -0.0064857947
 endloop
endfacet
facet normal 0.9839741 0 -0.17831147
 outer loop
  vertex -0.08616511 0.0706076 -0.02265263
  vertex -0.08674839 0.0706076 -0.025871357
  vertex -0.08674839 0.07551432 -0.025871357
 endloop
endfacet
facet normal 0.9839741 0 -0.17831147
 outer loop
  vertex -0.08616511 0.0706076 -0.02265263
  vertex -0.08674839 0.07551432 -0.025871357
  vertex -0.08616511 0.07551432 -0.02265263
 endloop
endfacet
facet normal 0.98397356 0 -0.17831457
 outer loop
  vertex -0.08558182 0.0706076 -0.01943392
  vertex -0.08616511 0.0706076 -0.02265263
  vertex -0.08616511 0.07551432 -0.02265263
 endloop
endfacet
facet normal 0.98397356 0 -0.17831457
 outer loop
  vertex -0.08558182 0.0706076 -0.01943392
  vertex -0.08616511 0.07551432 -0.02265263
  vertex -0.08558182 0.07551432 -0.01943392
 endloop
endfacet
facet normal 0.98397315 0 -0.17831635
 outer loop
  vertex -0.08499852 0.0706076 -0.016215201
  vertex -0.08558182 0.0706076 -0.01943392
  vertex -0.08558182 0.07551432 -0.01943392
 endloop
endfacet
facet normal 0.9839744 4.554399e-06 -0.17830965
 outer loop
  vertex -0.08499852 0.0706076 -0.016215201
  vertex -0.08558182 0.07551432 -0.01943392
  vertex -0.08499854 0.07551432 -0.0162152
 endloop
endfacet
facet normal 0.9839741 0 -0.17831174
 outer loop
  vertex -0.084415235 0.07551432 -0.012996479
  vertex -0.084415235 0.0706076 -0.012996479
  vertex -0.08499852 0.0706076 -0.016215201
 endloop
endfacet
facet normal 0.98397285 4.550021e-06 -0.17831844
 outer loop
  vertex -0.084415235 0.07551432 -0.012996479
  vertex -0.08499852 0.0706076 -0.016215201
  vertex -0.08499854 0.07551432 -0.0162152
 endloop
endfacet
facet normal 0.9839733 0 -0.17831588
 outer loop
  vertex -0.08674841 0.086963296 -0.025871346
  vertex -0.08674841 0.08369215 -0.025871346
  vertex -0.087331705 0.08369217 -0.029090073
 endloop
endfacet
facet normal 0.9837243 0.0013860957 -0.17967941
 outer loop
  vertex -0.08674841 0.086963296 -0.025871346
  vertex -0.087331705 0.08369217 -0.029090073
  vertex -0.087508254 0.090155326 -0.0300068
 endloop
endfacet
facet normal 0.9839733 0 -0.1783159
 outer loop
  vertex -0.08674841 0.08369215 -0.025871346
  vertex -0.08674841 0.080421016 -0.025871346
  vertex -0.087331705 0.08042103 -0.029090073
 endloop
endfacet
facet normal 0.9839733 0 -0.17831588
 outer loop
  vertex -0.08674841 0.08369215 -0.025871346
  vertex -0.087331705 0.08042103 -0.029090073
  vertex -0.087331705 0.08369217 -0.029090073
 endloop
endfacet
facet normal 0.9839747 3.3943627e-06 -0.17830831
 outer loop
  vertex -0.08674841 0.080421016 -0.025871346
  vertex -0.08674839 0.07551432 -0.025871357
  vertex -0.08733167 0.07714988 -0.029090071
 endloop
endfacet
facet normal 0.9839733 1.1104275e-05 -0.17831588
 outer loop
  vertex -0.08674841 0.080421016 -0.025871346
  vertex -0.08733167 0.07714988 -0.029090071
  vertex -0.087331705 0.08042103 -0.029090073
 endloop
endfacet
facet normal 0.9839749 0 -0.17830727
 outer loop
  vertex -0.08616514 0.08369215 -0.022652622
  vertex -0.08674841 0.08369215 -0.025871346
  vertex -0.08674841 0.086963296 -0.025871346
 endloop
endfacet
facet normal 0.9839749 0 -0.17830727
 outer loop
  vertex -0.08616514 0.08369215 -0.022652622
  vertex -0.08674841 0.086963296 -0.025871346
  vertex -0.08616514 0.086963296 -0.022652622
 endloop
endfacet
facet normal 0.9839749 0 -0.17830725
 outer loop
  vertex -0.08616514 0.080421016 -0.022652622
  vertex -0.08674841 0.080421016 -0.025871346
  vertex -0.08674841 0.08369215 -0.025871346
 endloop
endfacet
facet normal 0.9839749 0 -0.17830725
 outer loop
  vertex -0.08616514 0.080421016 -0.022652622
  vertex -0.08674841 0.08369215 -0.025871346
  vertex -0.08616514 0.08369215 -0.022652622
 endloop
endfacet
facet normal 0.9839748 6.2472195e-06 -0.17830724
 outer loop
  vertex -0.08674841 0.080421016 -0.025871346
  vertex -0.08616514 0.080421016 -0.022652622
  vertex -0.08616511 0.07551432 -0.02265263
 endloop
endfacet
facet normal 0.98397404 3.3927804e-06 -0.17831144
 outer loop
  vertex -0.08674841 0.080421016 -0.025871346
  vertex -0.08616511 0.07551432 -0.02265263
  vertex -0.08674839 0.07551432 -0.025871357
 endloop
endfacet
facet normal 0.9839727 0 -0.17831896
 outer loop
  vertex -0.08558183 0.08369215 -0.019433912
  vertex -0.08616514 0.08369215 -0.022652622
  vertex -0.08616514 0.086963296 -0.022652622
 endloop
endfacet
facet normal 0.9839727 0 -0.17831896
 outer loop
  vertex -0.08558183 0.08369215 -0.019433912
  vertex -0.08616514 0.086963296 -0.022652622
  vertex -0.08558183 0.086963296 -0.019433912
 endloop
endfacet
facet normal 0.9839727 0 -0.17831898
 outer loop
  vertex -0.08558183 0.080421016 -0.019433912
  vertex -0.08616514 0.080421016 -0.022652622
  vertex -0.08616514 0.08369215 -0.022652622
 endloop
endfacet
facet normal 0.9839727 0 -0.17831898
 outer loop
  vertex -0.08558183 0.080421016 -0.019433912
  vertex -0.08616514 0.08369215 -0.022652622
  vertex -0.08558183 0.08369215 -0.019433912
 endloop
endfacet
facet normal 0.9839727 3.258997e-06 -0.17831899
 outer loop
  vertex -0.08616514 0.080421016 -0.022652622
  vertex -0.08558183 0.080421016 -0.019433912
  vertex -0.08558182 0.07551432 -0.01943392
 endloop
endfacet
facet normal 0.98397356 6.2472786e-06 -0.17831457
 outer loop
  vertex -0.08616514 0.080421016 -0.022652622
  vertex -0.08558182 0.07551432 -0.01943392
  vertex -0.08616511 0.07551432 -0.02265263
 endloop
endfacet
facet normal 0.98397356 0 -0.17831448
 outer loop
  vertex -0.08499854 0.08369215 -0.0162152
  vertex -0.08558183 0.08369215 -0.019433912
  vertex -0.08558183 0.086963296 -0.019433912
 endloop
endfacet
facet normal 0.98397356 0 -0.17831448
 outer loop
  vertex -0.08499854 0.08369215 -0.0162152
  vertex -0.08558183 0.086963296 -0.019433912
  vertex -0.08499854 0.086963296 -0.0162152
 endloop
endfacet
facet normal 0.98397356 0 -0.17831446
 outer loop
  vertex -0.08499854 0.080421016 -0.0162152
  vertex -0.08558183 0.080421016 -0.019433912
  vertex -0.08558183 0.08369215 -0.019433912
 endloop
endfacet
facet normal 0.98397356 0 -0.17831446
 outer loop
  vertex -0.08499854 0.080421016 -0.0162152
  vertex -0.08558183 0.08369215 -0.019433912
  vertex -0.08499854 0.08369215 -0.0162152
 endloop
endfacet
facet normal 0.98397446 0 -0.17830966
 outer loop
  vertex -0.08499854 0.080421016 -0.0162152
  vertex -0.08499854 0.07551432 -0.0162152
  vertex -0.08558182 0.07551432 -0.01943392
 endloop
endfacet
facet normal 0.98397356 3.2589921e-06 -0.17831446
 outer loop
  vertex -0.08499854 0.080421016 -0.0162152
  vertex -0.08558182 0.07551432 -0.01943392
  vertex -0.08558183 0.080421016 -0.019433912
 endloop
endfacet
facet normal 0.98397446 0 -0.1783094
 outer loop
  vertex -0.084415264 0.08369215 -0.012996475
  vertex -0.08499854 0.08369215 -0.0162152
  vertex -0.08499854 0.086963296 -0.0162152
 endloop
endfacet
facet normal 0.98397446 0 -0.1783094
 outer loop
  vertex -0.084415264 0.08369215 -0.012996475
  vertex -0.08499854 0.086963296 -0.0162152
  vertex -0.084415264 0.086963296 -0.012996475
 endloop
endfacet
facet normal 0.98397446 0 -0.17830941
 outer loop
  vertex -0.084415264 0.080421016 -0.012996475
  vertex -0.08499854 0.080421016 -0.0162152
  vertex -0.08499854 0.08369215 -0.0162152
 endloop
endfacet
facet normal 0.98397446 0 -0.17830941
 outer loop
  vertex -0.084415264 0.080421016 -0.012996475
  vertex -0.08499854 0.08369215 -0.0162152
  vertex -0.084415264 0.08369215 -0.012996475
 endloop
endfacet
facet normal 0.9839729 6.1118412e-06 -0.17831844
 outer loop
  vertex -0.084415264 0.080421016 -0.012996475
  vertex -0.084415235 0.07551432 -0.012996479
  vertex -0.08499854 0.07551432 -0.0162152
 endloop
endfacet
facet normal 0.9839745 0 -0.17830943
 outer loop
  vertex -0.084415264 0.080421016 -0.012996475
  vertex -0.08499854 0.07551432 -0.0162152
  vertex -0.08499854 0.080421016 -0.0162152
 endloop
endfacet
facet normal 0.9839682 0.0031944925 -0.17831562
 outer loop
  vertex -0.083831966 0.086963296 -0.00977776
  vertex -0.084415264 0.086963296 -0.012996475
  vertex -0.087508254 0.090155326 -0.0300068
 endloop
endfacet
facet normal 0.9838846 0 -0.17880447
 outer loop
  vertex -0.083831966 0.086963296 -0.00977776
  vertex -0.087508254 0.090155326 -0.0300068
  vertex -0.083831966 0.090234436 -0.00977776
 endloop
endfacet
facet normal 0.98397315 0 -0.17831653
 outer loop
  vertex -0.083831966 0.08369215 -0.00977776
  vertex -0.084415264 0.08369215 -0.012996475
  vertex -0.084415264 0.086963296 -0.012996475
 endloop
endfacet
facet normal 0.98397315 0 -0.17831653
 outer loop
  vertex -0.083831966 0.08369215 -0.00977776
  vertex -0.084415264 0.086963296 -0.012996475
  vertex -0.083831966 0.086963296 -0.00977776
 endloop
endfacet
facet normal 0.98397315 0 -0.17831652
 outer loop
  vertex -0.083831966 0.080421016 -0.00977776
  vertex -0.084415264 0.080421016 -0.012996475
  vertex -0.084415264 0.08369215 -0.012996475
 endloop
endfacet
facet normal 0.98397315 0 -0.17831652
 outer loop
  vertex -0.083831966 0.080421016 -0.00977776
  vertex -0.084415264 0.08369215 -0.012996475
  vertex -0.083831966 0.08369215 -0.00977776
 endloop
endfacet
facet normal 0.9839748 6.111845e-06 -0.17830756
 outer loop
  vertex -0.083831966 0.07551432 -0.009777761
  vertex -0.084415235 0.07551432 -0.012996479
  vertex -0.084415264 0.080421016 -0.012996475
 endloop
endfacet
facet normal 0.9839732 3.5415347e-08 -0.17831653
 outer loop
  vertex -0.083831966 0.07551432 -0.009777761
  vertex -0.084415264 0.080421016 -0.012996475
  vertex -0.083831966 0.080421016 -0.00977776
 endloop
endfacet
facet normal 0.18586788 -0.024810761 -0.9822614
 outer loop
  vertex -0.13989145 0.020146767 -0.06315373
  vertex -0.1429725 -0.016949885 -0.06279972
  vertex -0.18450055 -0.00067763106 -0.07106886
 endloop
endfacet
facet normal 0.2272087 -0.11935854 -0.96650386
 outer loop
  vertex -0.13989145 0.020146767 -0.06315373
  vertex -0.18450055 -0.00067763106 -0.07106886
  vertex -0.17518309 0.038664453 -0.07373704
 endloop
endfacet
facet normal 0.01717179 0.27868932 -0.9602277
 outer loop
  vertex -0.11754427 -0.03595229 -0.067860104
  vertex -0.14151078 -0.069709525 -0.078086145
  vertex -0.1429725 -0.016949885 -0.06279972
 endloop
endfacet
facet normal -0.510754 0 0.8597269
 outer loop
  vertex -0.087331705 0.08369217 -0.029090073
  vertex -0.024566658 0.08369217 0.008197928
  vertex -0.024566658 0.08696332 0.008197928
 endloop
endfacet
facet normal -0.5119391 0.10691108 0.85234284
 outer loop
  vertex -0.087331705 0.08369217 -0.029090073
  vertex -0.024566658 0.08696332 0.008197928
  vertex -0.087508254 0.090155326 -0.0300068
 endloop
endfacet
facet normal 0.24539576 0.13870163 -0.9594492
 outer loop
  vertex -0.1429725 -0.016949885 -0.06279972
  vertex -0.17236832 -0.044127673 -0.07424714
  vertex -0.18450055 -0.00067763106 -0.07106886
 endloop
endfacet
facet normal 0.11300188 0.279396 -0.95350325
 outer loop
  vertex -0.1429725 -0.016949885 -0.06279972
  vertex -0.14151078 -0.069709525 -0.078086145
  vertex -0.17236832 -0.044127673 -0.07424714
 endloop
endfacet
facet normal 0.15734856 0.98713136 -0.028515248
 outer loop
  vertex -0.13242188 -0.06380801 -0.007802655
  vertex -0.083831914 -0.071610294 -0.00977774
  vertex -0.08441522 -0.071610294 -0.012996451
 endloop
endfacet
facet normal 0.15734912 0.9871314 -0.028510056
 outer loop
  vertex -0.13242188 -0.06380801 -0.007802655
  vertex -0.08441522 -0.071610294 -0.012996451
  vertex -0.13300517 -0.063807994 -0.011021372
 endloop
endfacet
facet normal -0.07622008 0.0010608217 -0.99709046
 outer loop
  vertex -0.097839326 -0.023861691 -0.069353536
  vertex -0.11754427 -0.03595229 -0.067860104
  vertex -0.11759845 -0.028528368 -0.067848064
 endloop
endfacet
facet normal -0.51075417 0 0.8597268
 outer loop
  vertex -0.024566658 0.07387874 0.008197928
  vertex -0.024566658 0.07714988 0.008197928
  vertex -0.08733167 0.07714988 -0.029090071
 endloop
endfacet
facet normal -0.51075417 0 0.8597268
 outer loop
  vertex -0.024566658 0.07387874 0.008197928
  vertex -0.08733167 0.07714988 -0.029090071
  vertex -0.08733167 0.07387874 -0.029090071
 endloop
endfacet
facet normal -0.5175595 0 0.85564715
 outer loop
  vertex -0.08742199 -0.09165738 -0.029821616
  vertex -0.024566688 -0.08633043 0.008197986
  vertex -0.024566688 -0.08142374 0.008197986
 endloop
endfacet
facet normal -0.5099279 -0.056862332 0.85833573
 outer loop
  vertex -0.08742199 -0.09165738 -0.029821616
  vertex -0.024566688 -0.08142374 0.008197986
  vertex -0.087331705 -0.08142371 -0.029090023
 endloop
endfacet
facet normal -0.5107543 1.1001505e-06 0.8597267
 outer loop
  vertex -0.087331705 -0.07488142 -0.029090023
  vertex -0.024566688 -0.07488142 0.008197986
  vertex -0.024566703 -0.071610294 0.008197973
 endloop
endfacet
facet normal -0.5107541 -2.924873e-06 0.85972685
 outer loop
  vertex -0.087331705 -0.07488142 -0.029090023
  vertex -0.024566703 -0.071610294 0.008197973
  vertex -0.08733173 -0.071610294 -0.029090026
 endloop
endfacet
facet normal -0.51075417 0 0.8597268
 outer loop
  vertex -0.08733167 0.07714988 -0.029090071
  vertex -0.024566658 0.07714988 0.008197928
  vertex -0.024566658 0.08042104 0.008197928
 endloop
endfacet
facet normal -0.510754 -3.899803e-06 0.8597269
 outer loop
  vertex -0.08733167 0.07714988 -0.029090071
  vertex -0.024566658 0.08042104 0.008197928
  vertex -0.087331705 0.08042103 -0.029090073
 endloop
endfacet
facet normal -0.5107542 0 0.8597267
 outer loop
  vertex -0.024566688 -0.08142374 0.008197986
  vertex -0.024566688 -0.078152575 0.008197986
  vertex -0.087331705 -0.078152575 -0.029090023
 endloop
endfacet
facet normal -0.5107543 0 0.8597268
 outer loop
  vertex -0.024566688 -0.08142374 0.008197986
  vertex -0.087331705 -0.078152575 -0.029090023
  vertex -0.087331705 -0.08142371 -0.029090023
 endloop
endfacet
facet normal -0.51075405 0 0.8597269
 outer loop
  vertex -0.024566658 0.08042104 0.008197928
  vertex -0.024566658 0.08369217 0.008197928
  vertex -0.087331705 0.08369217 -0.029090073
 endloop
endfacet
facet normal -0.510754 0 0.8597269
 outer loop
  vertex -0.024566658 0.08042104 0.008197928
  vertex -0.087331705 0.08369217 -0.029090073
  vertex -0.087331705 0.08042103 -0.029090073
 endloop
endfacet
facet normal -0.5107543 0 0.8597267
 outer loop
  vertex -0.024566688 -0.078152575 0.008197986
  vertex -0.024566688 -0.07488142 0.008197986
  vertex -0.087331705 -0.07488142 -0.029090023
 endloop
endfacet
facet normal -0.5107543 0 0.8597267
 outer loop
  vertex -0.024566688 -0.078152575 0.008197986
  vertex -0.087331705 -0.07488142 -0.029090023
  vertex -0.087331705 -0.078152575 -0.029090023
 endloop
endfacet
facet normal -0.51075417 0 0.8597268
 outer loop
  vertex -0.024566658 0.0706076 0.008197928
  vertex -0.024566658 0.07387874 0.008197928
  vertex -0.08733167 0.07387874 -0.029090071
 endloop
endfacet
facet normal -0.51075417 0 0.8597268
 outer loop
  vertex -0.024566658 0.0706076 0.008197928
  vertex -0.08733167 0.07387874 -0.029090071
  vertex -0.08733167 0.0706076 -0.029090071
 endloop
endfacet
facet normal 0.8533531 1.9660463e-06 -0.5213334
 outer loop
  vertex 0.013200559 -0.07161032 0.009662686
  vertex 0.013200596 -0.091237165 0.009662673
  vertex -0.016707696 -0.09123715 -0.039293204
 endloop
endfacet
facet normal 0.8533532 1.1968189e-06 -0.52133316
 outer loop
  vertex 0.013200559 -0.07161032 0.009662686
  vertex -0.016707696 -0.09123715 -0.039293204
  vertex -0.016707726 -0.071610294 -0.039293207
 endloop
endfacet
facet normal 0.8533532 2.015524e-06 -0.52133316
 outer loop
  vertex -0.016707659 0.0706076 -0.039293252
  vertex -0.016707696 0.090234436 -0.039293237
  vertex 0.013200574 0.09023443 0.009662634
 endloop
endfacet
facet normal 0.8533533 1.5431527e-06 -0.521333
 outer loop
  vertex -0.016707659 0.0706076 -0.039293252
  vertex 0.013200574 0.09023443 0.009662634
  vertex 0.013200603 0.070607595 0.009662624
 endloop
endfacet
facet normal 0.5762336 8.749807e-07 -0.817285
 outer loop
  vertex 0.05017601 0.09023443 0.035732463
  vertex 0.05017604 0.070607595 0.035732463
  vertex 0.013200603 0.070607595 0.009662624
 endloop
endfacet
facet normal 0.5762335 1.2627945e-06 -0.8172851
 outer loop
  vertex 0.05017601 0.09023443 0.035732463
  vertex 0.013200603 0.070607595 0.009662624
  vertex 0.013200574 0.09023443 0.009662634
 endloop
endfacet
facet normal 0.5762335 1.6366641e-06 -0.8172851
 outer loop
  vertex 0.013200596 -0.091237165 0.009662673
  vertex 0.013200559 -0.07161032 0.009662686
  vertex 0.05017598 -0.07161032 0.035732508
 endloop
endfacet
facet normal 0.01908224 -1.460219e-06 0.9998179
 outer loop
  vertex 0.05017601 0.09023443 0.035732463
  vertex -0.034673467 0.08042103 0.03735186
  vertex -0.034673452 0.07551432 0.037351854
 endloop
endfacet
facet normal 0.019081982 2.6209749e-08 0.9998179
 outer loop
  vertex 0.05017601 0.09023443 0.035732463
  vertex -0.034673452 0.07551432 0.037351854
  vertex 0.05017604 0.070607595 0.035732463
 endloop
endfacet
facet normal 0.019082144 -2.9494088e-06 0.9998179
 outer loop
  vertex 0.05017598 -0.07161032 0.035732508
  vertex -0.034673512 -0.08142374 0.037351884
  vertex -0.03467349 -0.08633046 0.03735187
 endloop
endfacet
facet normal 0.019081634 0 0.9998179
 outer loop
  vertex 0.05017598 -0.07161032 0.035732508
  vertex -0.03467349 -0.08633046 0.03735187
  vertex 0.05017598 -0.09123719 0.035732508
 endloop
endfacet
facet normal -0.8528867 0.36851805 -0.36983612
 outer loop
  vertex -0.02254565 -0.08633046 0.01427288
  vertex -0.022960246 -0.091487095 0.010090727
  vertex -0.034673467 -0.091237165 0.03735187
 endloop
endfacet
facet normal -0.8852183 -4.032475e-06 -0.46517572
 outer loop
  vertex -0.02254565 -0.08633046 0.01427288
  vertex -0.034673467 -0.091237165 0.03735187
  vertex -0.03467349 -0.08633046 0.03735187
 endloop
endfacet
facet normal -0.88521874 0 -0.46517503
 outer loop
  vertex -0.022545628 0.08042103 0.014272848
  vertex -0.022545628 0.07551432 0.014272848
  vertex -0.034673452 0.07551432 0.037351854
 endloop
endfacet
facet normal -0.8852186 -1.9819697e-06 -0.4651754
 outer loop
  vertex -0.022545628 0.08042103 0.014272848
  vertex -0.034673452 0.07551432 0.037351854
  vertex -0.034673467 0.08042103 0.03735186
 endloop
endfacet
facet normal -0.8852185 0 -0.4651754
 outer loop
  vertex -0.022545673 -0.07488144 0.014272876
  vertex -0.022545673 -0.078152575 0.014272876
  vertex -0.034673512 -0.078152575 0.037351884
 endloop
endfacet
facet normal -0.8852185 -0 -0.4651754
 outer loop
  vertex -0.022545673 -0.07488144 0.014272876
  vertex -0.034673512 -0.078152575 0.037351884
  vertex -0.034673512 -0.07488144 0.037351884
 endloop
endfacet
facet normal -0.8852185 0 -0.46517545
 outer loop
  vertex -0.022545673 -0.07161032 0.014272876
  vertex -0.022545673 -0.07488144 0.014272876
  vertex -0.034673512 -0.07488144 0.037351884
 endloop
endfacet
facet normal -0.8852185 -0 -0.46517545
 outer loop
  vertex -0.022545673 -0.07161032 0.014272876
  vertex -0.034673512 -0.07488144 0.037351884
  vertex -0.034673512 -0.07161032 0.037351884
 endloop
endfacet
facet normal -0.8852185 0 -0.46517533
 outer loop
  vertex -0.022545628 0.083692156 0.014272848
  vertex -0.022545628 0.08042103 0.014272848
  vertex -0.034673467 0.08042103 0.03735186
 endloop
endfacet
facet normal -0.8852185 -0 -0.46517533
 outer loop
  vertex -0.022545628 0.083692156 0.014272848
  vertex -0.034673467 0.08042103 0.03735186
  vertex -0.034673467 0.083692156 0.03735186
 endloop
endfacet
facet normal -0.8852188 0 -0.46517503
 outer loop
  vertex -0.022545628 0.07551432 0.014272848
  vertex -0.022545628 0.070607595 0.014272848
  vertex -0.034673452 0.070607595 0.037351854
 endloop
endfacet
facet normal -0.8852188 -0 -0.46517503
 outer loop
  vertex -0.022545628 0.07551432 0.014272848
  vertex -0.034673452 0.070607595 0.037351854
  vertex -0.034673452 0.07551432 0.037351854
 endloop
endfacet
facet normal -0.88521844 -2.6197774e-06 -0.46517557
 outer loop
  vertex -0.03467349 -0.08633046 0.03735187
  vertex -0.034673512 -0.08142374 0.037351884
  vertex -0.022545673 -0.08142374 0.014272884
 endloop
endfacet
facet normal -0.8852183 -3.6792912e-06 -0.4651757
 outer loop
  vertex -0.03467349 -0.08633046 0.03735187
  vertex -0.022545673 -0.08142374 0.014272884
  vertex -0.02254565 -0.08633046 0.01427288
 endloop
endfacet
facet normal -0.8852186 0 -0.46517536
 outer loop
  vertex -0.022545628 0.0869633 0.014272848
  vertex -0.022545628 0.083692156 0.014272848
  vertex -0.034673467 0.083692156 0.03735186
 endloop
endfacet
facet normal -0.8852186 -0 -0.46517536
 outer loop
  vertex -0.022545628 0.0869633 0.014272848
  vertex -0.034673467 0.083692156 0.03735186
  vertex -0.034673467 0.0869633 0.03735186
 endloop
endfacet
facet normal -0.8852185 -1.0595094e-06 -0.46517545
 outer loop
  vertex -0.034673512 -0.078152575 0.037351884
  vertex -0.022545673 -0.078152575 0.014272876
  vertex -0.022545673 -0.08142374 0.014272884
 endloop
endfacet
facet normal -0.8852184 0 -0.46517554
 outer loop
  vertex -0.034673512 -0.078152575 0.037351884
  vertex -0.022545673 -0.08142374 0.014272884
  vertex -0.034673512 -0.08142374 0.037351884
 endloop
endfacet
facet normal -0.8068488 -0.47044918 -0.3573131
 outer loop
  vertex -0.034673467 0.09023443 0.03735186
  vertex -0.022940837 0.0905187 0.010484129
  vertex -0.022545628 0.0869633 0.014272848
 endloop
endfacet
facet normal -0.8852185 0 -0.46517533
 outer loop
  vertex -0.034673467 0.09023443 0.03735186
  vertex -0.022545628 0.0869633 0.014272848
  vertex -0.034673467 0.0869633 0.03735186
 endloop
endfacet
facet normal 0 0 0
 outer loop
  vertex -0.022545628 0.070607595 0.014272848
  vertex -0.022545628 0.07551432 0.014272848
  vertex -0.022545628 0.08042103 0.014272848
 endloop
endfacet
facet normal -0.9946036 0 0.10374902
 outer loop
  vertex -0.022545628 0.083692156 0.014272848
  vertex -0.022545628 0.0869633 0.014272848
  vertex -0.022940837 0.0905187 0.010484129
 endloop
endfacet
facet normal 0 0 0
 outer loop
  vertex -0.022545628 0.070607595 0.014272848
  vertex -0.022545628 0.08042103 0.014272848
  vertex -0.022545628 0.083692156 0.014272848
 endloop
endfacet
facet normal -0.948868 0 0.31567332
 outer loop
  vertex -0.024566658 0.07387874 0.008197928
  vertex -0.024566658 0.0706076 0.008197928
  vertex -0.022545628 0.070607595 0.014272848
 endloop
endfacet
facet normal 0 0 0
 outer loop
  vertex -0.024566658 0.08042104 0.008197928
  vertex -0.024566658 0.07714988 0.008197928
  vertex -0.024566658 0.07387874 0.008197928
 endloop
endfacet
facet normal -0.8149422 0 0.57954216
 outer loop
  vertex -0.022940837 0.0905187 0.010484129
  vertex -0.024566658 0.08696332 0.008197928
  vertex -0.024566658 0.08369217 0.008197928
 endloop
endfacet
facet normal 0 0 0
 outer loop
  vertex -0.024566658 0.08369217 0.008197928
  vertex -0.024566658 0.08042104 0.008197928
  vertex -0.024566658 0.07387874 0.008197928
 endloop
endfacet
facet normal -0.948868 0 0.31567332
 outer loop
  vertex -0.024566658 0.07387874 0.008197928
  vertex -0.022545628 0.070607595 0.014272848
  vertex -0.022545628 0.083692156 0.014272848
 endloop
endfacet
facet normal -0.94207925 0.11940509 0.3134151
 outer loop
  vertex -0.022545628 0.083692156 0.014272848
  vertex -0.022940837 0.0905187 0.010484129
  vertex -0.024566658 0.08369217 0.008197928
 endloop
endfacet
facet normal -0.94886786 0 0.3156733
 outer loop
  vertex -0.022545628 0.083692156 0.014272848
  vertex -0.024566658 0.08369217 0.008197928
  vertex -0.024566658 0.07387874 0.008197928
 endloop
endfacet
facet normal 0.65370494 -0.30371815 -0.6931271
 outer loop
  vertex -0.097839326 -0.023861691 -0.069353536
  vertex -0.08742199 -0.09165738 -0.029821616
  vertex -0.11244405 -0.08066306 -0.058238074
 endloop
endfacet
facet normal 0.051394705 -0.2045046 -0.97751546
 outer loop
  vertex -0.097839326 -0.023861691 -0.069353536
  vertex -0.11244405 -0.08066306 -0.058238074
  vertex -0.11754427 -0.03595229 -0.067860104
 endloop
endfacet
facet normal -0.26952735 -0.9539394 -0.13173734
 outer loop
  vertex -0.14673644 -0.07799371 -0.007407084
  vertex -0.14151078 -0.069709525 -0.078086145
  vertex -0.11244405 -0.08066306 -0.058238074
 endloop
endfacet
facet normal -0.26953286 -0.95393723 -0.13174121
 outer loop
  vertex -0.14673644 -0.07799371 -0.007407084
  vertex -0.11244405 -0.08066306 -0.058238074
  vertex -0.08742199 -0.09165738 -0.029821616
 endloop
endfacet
facet normal -0.7628509 -0.6332426 -0.13062283
 outer loop
  vertex -0.14151078 -0.069709525 -0.078086145
  vertex -0.14673644 -0.07799371 -0.007407084
  vertex -0.17470708 -0.041441366 -0.021256678
 endloop
endfacet
endsolid 
