solid 
facet normal -0.9566324 -0.16612977 0.239281
 outer loop
  vertex -0.12785107 9.482296e-09 0.10243537
  vertex -0.1367043 0.013625999 0.076501004
  vertex -0.13700207 9.882298e-09 0.06585018
 endloop
endfacet
facet normal -0.9566324 0.16612977 0.239281
 outer loop
  vertex -0.12785107 9.482296e-09 0.10243537
  vertex -0.13700207 9.882298e-09 0.06585018
  vertex -0.1367043 -0.013625979 0.076501004
 endloop
endfacet
facet normal -0.4314003 0.51225305 0.74262416
 outer loop
  vertex -0.121973164 0.024420384 0.14631173
  vertex -0.119993664 0.051685017 0.12865484
  vertex -0.13977525 0.061261885 0.110557444
 endloop
endfacet
facet normal -0.39063033 0.5369227 0.74774456
 outer loop
  vertex -0.121973164 0.024420384 0.14631173
  vertex -0.13977525 0.061261885 0.110557444
  vertex -0.14529714 0.018262384 0.1385488
 endloop
endfacet
facet normal -0.53261137 0.8462378 -0.014383899
 outer loop
  vertex -0.13600783 0.024699636 0.17329973
  vertex -0.14529714 0.018262384 0.1385488
  vertex -0.17421024 1.1508721e-08 0.13473429
 endloop
endfacet
facet normal -0.7604394 0.45925847 0.45914435
 outer loop
  vertex -0.13600783 0.024699636 0.17329973
  vertex -0.17421024 1.1508721e-08 0.13473429
  vertex -0.1425599 1.0125239e-08 0.18715389
 endloop
endfacet
facet normal -0.94085467 0.31686443 0.11995579
 outer loop
  vertex -0.11426865 0.087572016 0.17772958
  vertex -0.13600783 0.024699636 0.17329973
  vertex -0.1425599 1.0125239e-08 0.18715389
 endloop
endfacet
facet normal -0.831972 0.31772715 0.454832
 outer loop
  vertex -0.11426865 0.087572016 0.17772958
  vertex -0.1425599 1.0125239e-08 0.18715389
  vertex -0.09403442 0.1119785 0.19769236
 endloop
endfacet
facet normal -0.41459718 0.8917064 0.18157303
 outer loop
  vertex -0.09403442 0.1119785 0.19769236
  vertex -0.061085243 0.1431952 0.1196219
  vertex -0.108155094 0.11613835 0.14502071
 endloop
endfacet
facet normal -0.83734286 0.4796083 0.26236016
 outer loop
  vertex -0.09403442 0.1119785 0.19769236
  vertex -0.108155094 0.11613835 0.14502071
  vertex -0.11426865 0.087572016 0.17772958
 endloop
endfacet
facet normal -0.7233237 0.6870067 0.069459505
 outer loop
  vertex -0.061085243 0.1431952 0.1196219
  vertex -0.12684955 0.08275738 0.0325539
  vertex -0.13977525 0.061261885 0.110557444
 endloop
endfacet
facet normal -0.6156429 0.6418513 -0.45717695
 outer loop
  vertex -0.061085243 0.1431952 0.1196219
  vertex -0.13977525 0.061261885 0.110557444
  vertex -0.108155094 0.11613835 0.14502071
 endloop
endfacet
facet normal -0.85808706 0.31435782 0.40603662
 outer loop
  vertex -0.100983344 8.3078735e-09 0.26970196
  vertex -0.06628044 0.12183038 0.2487181
  vertex -0.09403442 0.1119785 0.19769236
 endloop
endfacet
facet normal -0.84436077 0.32587743 0.4252748
 outer loop
  vertex -0.100983344 8.3078735e-09 0.26970196
  vertex -0.09403442 0.1119785 0.19769236
  vertex -0.1425599 1.0125239e-08 0.18715389
 endloop
endfacet
facet normal 0.41497016 0.33066615 -0.84762
 outer loop
  vertex 0.1237732 -1.5165504e-09 0.015113599
  vertex 0.12530059 0.102680914 0.055918347
  vertex 0.22260633 0.11158235 0.10702897
 endloop
endfacet
facet normal 0.40494955 0.34036967 -0.848625
 outer loop
  vertex 0.1237732 -1.5165504e-09 0.015113599
  vertex 0.22260633 0.11158235 0.10702897
  vertex 0.26557726 -7.715002e-09 0.0827801
 endloop
endfacet
facet normal -0.63385206 0.3031126 0.7115857
 outer loop
  vertex 0.0057686227 0.09399595 0.32475308
  vertex -0.06628044 0.12183038 0.2487181
  vertex -0.100983344 8.3078735e-09 0.26970196
 endloop
endfacet
facet normal -0.6639353 0.3751888 0.64685655
 outer loop
  vertex 0.0057686227 0.09399595 0.32475308
  vertex -0.100983344 8.3078735e-09 0.26970196
  vertex -0.027120795 5.07924e-09 0.34551468
 endloop
endfacet
facet normal 0.91127807 0.40504795 -0.074218675
 outer loop
  vertex 0.22260633 0.11158235 0.10702897
  vertex 0.23068117 0.11235279 0.21037874
  vertex 0.27765408 -8.242895e-09 0.17396092
 endloop
endfacet
facet normal 0.91714305 0.37959504 -0.12147484
 outer loop
  vertex 0.22260633 0.11158235 0.10702897
  vertex 0.27765408 -8.242895e-09 0.17396092
  vertex 0.26557726 -7.715002e-09 0.0827801
 endloop
endfacet
facet normal 0.53546095 0.2728181 0.7992821
 outer loop
  vertex 0.14072871 -2.2576945e-09 0.36468357
  vertex 0.24062064 -6.624108e-09 0.29776323
  vertex 0.20017931 0.088492565 0.2946509
 endloop
endfacet
facet normal 0.4819495 0.3213275 0.81515235
 outer loop
  vertex 0.14072871 -2.2576945e-09 0.36468357
  vertex 0.20017931 0.088492565 0.2946509
  vertex 0.12559682 0.108729444 0.33076972
 endloop
endfacet
facet normal 0.91569823 0.29405218 0.27391616
 outer loop
  vertex 0.24062064 -6.624108e-09 0.29776323
  vertex 0.27765408 -8.242895e-09 0.17396092
  vertex 0.23068117 0.11235279 0.21037874
 endloop
endfacet
facet normal 0.82439303 0.39113894 0.40912887
 outer loop
  vertex 0.24062064 -6.624108e-09 0.29776323
  vertex 0.23068117 0.11235279 0.21037874
  vertex 0.20017931 0.088492565 0.2946509
 endloop
endfacet
facet normal 0.4100096 0.82786417 0.38279635
 outer loop
  vertex 0.12559682 0.108729444 0.33076972
  vertex 0.20017931 0.088492565 0.2946509
  vertex 0.23068117 0.11235279 0.21037874
 endloop
endfacet
facet normal 0.35362723 0.87335855 0.3349517
 outer loop
  vertex 0.12559682 0.108729444 0.33076972
  vertex 0.23068117 0.11235279 0.21037874
  vertex 0.08736768 0.15958233 0.2385357
 endloop
endfacet
facet normal -0.13747655 0.8593041 -0.4926426
 outer loop
  vertex -0.12684955 0.08275738 0.0325539
  vertex -0.061085243 0.1431952 0.1196219
  vertex 0.07642363 0.15739338 0.1060143
 endloop
endfacet
facet normal -0.20492303 0.91081923 -0.35835013
 outer loop
  vertex -0.12684955 0.08275738 0.0325539
  vertex 0.07642363 0.15739338 0.1060143
  vertex 0.083490655 0.14046463 0.058945175
 endloop
endfacet
facet normal -0.24188362 0.9685016 -0.05913554
 outer loop
  vertex -0.030826094 0.12366197 0.13369544
  vertex -0.06628044 0.12183038 0.2487181
  vertex 0.08736768 0.15958233 0.2385357
 endloop
endfacet
facet normal -0.29793566 0.9545451 0.008837602
 outer loop
  vertex -0.030826094 0.12366197 0.13369544
  vertex 0.08736768 0.15958233 0.2385357
  vertex 0.07642363 0.15739338 0.1060143
 endloop
endfacet
facet normal -0.16734485 0.9528639 -0.25307325
 outer loop
  vertex -0.1229528 0.027879609 0.15998408
  vertex -0.121973164 0.024420384 0.14631173
  vertex -0.14529714 0.018262384 0.1385488
 endloop
endfacet
facet normal -0.320505 0.94305485 -0.08901665
 outer loop
  vertex -0.1229528 0.027879609 0.15998408
  vertex -0.14529714 0.018262384 0.1385488
  vertex -0.13600783 0.024699636 0.17329973
 endloop
endfacet
facet normal -0.26265675 -0.8881924 -0.3769955
 outer loop
  vertex -0.1367043 0.013625999 0.076501004
  vertex -0.12785107 9.482296e-09 0.10243537
  vertex -0.17421024 1.1508721e-08 0.13473429
 endloop
endfacet
facet normal -0.5056682 -0.7089797 -0.49157643
 outer loop
  vertex -0.1367043 0.013625999 0.076501004
  vertex -0.17421024 1.1508721e-08 0.13473429
  vertex -0.16350429 0.035580304 0.0724055
 endloop
endfacet
facet normal -0.5263139 -0.51647544 0.67546046
 outer loop
  vertex -0.13700207 9.882298e-09 0.06585018
  vertex -0.1367043 0.013625999 0.076501004
  vertex -0.16350429 0.035580304 0.0724055
 endloop
endfacet
facet normal -0.20381784 -0.32214332 0.9244901
 outer loop
  vertex -0.13700207 9.882298e-09 0.06585018
  vertex -0.16350429 0.035580304 0.0724055
  vertex -0.17606567 1.1589822e-08 0.05723802
 endloop
endfacet
facet normal -0.34035152 -0.17220603 0.9243949
 outer loop
  vertex -0.119993664 0.051685017 0.12865484
  vertex -0.09574493 0.076894544 0.14227924
  vertex -0.108155094 0.11613835 0.14502071
 endloop
endfacet
facet normal -0.68878466 -0.056998555 0.7227218
 outer loop
  vertex -0.119993664 0.051685017 0.12865484
  vertex -0.108155094 0.11613835 0.14502071
  vertex -0.13977525 0.061261885 0.110557444
 endloop
endfacet
facet normal -0.89383554 -0.09774827 -0.43761098
 outer loop
  vertex -0.09574493 0.076894544 0.14227924
  vertex -0.10368701 0.06203329 0.16182074
  vertex -0.11426865 0.087572016 0.17772958
 endloop
endfacet
facet normal -0.8866072 -0.25334126 -0.3869701
 outer loop
  vertex -0.09574493 0.076894544 0.14227924
  vertex -0.11426865 0.087572016 0.17772958
  vertex -0.108155094 0.11613835 0.14502071
 endloop
endfacet
facet normal -0.69536996 0.42347598 -0.58062786
 outer loop
  vertex -0.10368701 0.06203329 0.16182074
  vertex -0.1229528 0.027879609 0.15998408
  vertex -0.13600783 0.024699636 0.17329973
 endloop
endfacet
facet normal -0.5689837 0.25189143 -0.78282076
 outer loop
  vertex -0.10368701 0.06203329 0.16182074
  vertex -0.13600783 0.024699636 0.17329973
  vertex -0.11426865 0.087572016 0.17772958
 endloop
endfacet
facet normal -0.51940453 0.8461828 0.119136974
 outer loop
  vertex -0.061085243 0.1431952 0.1196219
  vertex -0.09403442 0.1119785 0.19769236
  vertex -0.06628044 0.12183038 0.2487181
 endloop
endfacet
facet normal 0.48091444 0.86167926 0.16195723
 outer loop
  vertex -0.061085243 0.1431952 0.1196219
  vertex -0.06628044 0.12183038 0.2487181
  vertex -0.030826094 0.12366197 0.13369544
 endloop
endfacet
facet normal 0.016912965 0.60159904 0.7986192
 outer loop
  vertex 0.07642363 0.15739338 0.1060143
  vertex -0.061085243 0.1431952 0.1196219
  vertex -0.030826094 0.12366197 0.13369544
 endloop
endfacet
facet normal 0.37394714 0.47748885 -0.79508996
 outer loop
  vertex 0.22260633 0.11158235 0.10702897
  vertex 0.12530059 0.102680914 0.055918347
  vertex 0.083490655 0.14046463 0.058945175
 endloop
endfacet
facet normal 0.2884059 0.91397965 -0.28541768
 outer loop
  vertex 0.22260633 0.11158235 0.10702897
  vertex 0.083490655 0.14046463 0.058945175
  vertex 0.07642363 0.15739338 0.1060143
 endloop
endfacet
facet normal 0.25462687 0.35385597 -0.8999729
 outer loop
  vertex 0.083490655 0.14046463 0.058945175
  vertex 0.12530059 0.102680914 0.055918347
  vertex 0.1237732 -1.5165504e-09 0.015113599
 endloop
endfacet
facet normal -0.08662343 0.27403966 -0.9578093
 outer loop
  vertex 0.083490655 0.14046463 0.058945175
  vertex 0.1237732 -1.5165504e-09 0.015113599
  vertex 0.007019479 6.027148e-09 0.025672704
 endloop
endfacet
facet normal -0.12992464 0.8445431 0.5194869
 outer loop
  vertex 0.0057686227 0.09399595 0.32475308
  vertex 0.12559682 0.108729444 0.33076972
  vertex 0.08736768 0.15958233 0.2385357
 endloop
endfacet
facet normal -0.17860393 0.85719097 0.4830365
 outer loop
  vertex 0.0057686227 0.09399595 0.32475308
  vertex 0.08736768 0.15958233 0.2385357
  vertex -0.06628044 0.12183038 0.2487181
 endloop
endfacet
facet normal -0.108855024 0.28215528 0.9531731
 outer loop
  vertex -0.027120795 5.07924e-09 0.34551468
  vertex 0.14072871 -2.2576945e-09 0.36468357
  vertex 0.12559682 0.108729444 0.33076972
 endloop
endfacet
facet normal -0.07820804 0.24103355 0.96736044
 outer loop
  vertex -0.027120795 5.07924e-09 0.34551468
  vertex 0.12559682 0.108729444 0.33076972
  vertex 0.0057686227 0.09399595 0.32475308
 endloop
endfacet
facet normal 0.29909533 0.95373625 -0.030478414
 outer loop
  vertex 0.23068117 0.11235279 0.21037874
  vertex 0.22260633 0.11158235 0.10702897
  vertex 0.07642363 0.15739338 0.1060143
 endloop
endfacet
facet normal 0.30546835 0.95132166 -0.040940236
 outer loop
  vertex 0.23068117 0.11235279 0.21037874
  vertex 0.07642363 0.15739338 0.1060143
  vertex 0.08736768 0.15958233 0.2385357
 endloop
endfacet
facet normal -0.4313297 0.5304529 0.729777
 outer loop
  vertex -0.17421024 1.1508721e-08 0.13473429
  vertex -0.14529714 0.018262384 0.1385488
  vertex -0.13977525 0.061261885 0.110557444
 endloop
endfacet
facet normal -0.83213484 0.5309441 0.16015641
 outer loop
  vertex -0.17421024 1.1508721e-08 0.13473429
  vertex -0.13977525 0.061261885 0.110557444
  vertex -0.16350429 0.035580304 0.0724055
 endloop
endfacet
facet normal 0.08666746 0.60299045 -0.7930266
 outer loop
  vertex -0.13459921 0.060137715 0.014507737
  vertex -0.12684955 0.08275738 0.0325539
  vertex -0.10284897 0.054899994 0.01399504
 endloop
endfacet
facet normal -0.76848143 0.6380328 0.048480783
 outer loop
  vertex -0.12684955 0.08275738 0.0325539
  vertex -0.16350429 0.035580304 0.0724055
  vertex -0.13977525 0.061261885 0.110557444
 endloop
endfacet
facet normal -0.7092598 -0.693896 0.124333486
 outer loop
  vertex -0.10284897 0.054899994 0.01399504
  vertex -0.12684955 0.08275738 0.0325539
  vertex -0.12565406 0.08092928 0.029171053
 endloop
endfacet
facet normal -0.16646591 0.84168047 -0.513676
 outer loop
  vertex -0.12684955 0.08275738 0.0325539
  vertex 0.083490655 0.14046463 0.058945175
  vertex -0.12565406 0.08092928 0.029171053
 endloop
endfacet
facet normal -0.39063075 -0.5369225 0.7477445
 outer loop
  vertex -0.121973164 -0.024420375 0.14631173
  vertex -0.14529712 -0.018262368 0.1385488
  vertex -0.13977525 -0.061261874 0.110557444
 endloop
endfacet
facet normal -0.43140048 -0.5122529 0.74262404
 outer loop
  vertex -0.121973164 -0.024420375 0.14631173
  vertex -0.13977525 -0.061261874 0.110557444
  vertex -0.119993664 -0.051685013 0.12865484
 endloop
endfacet
facet normal -0.7604396 -0.4592582 0.45914438
 outer loop
  vertex -0.13600785 -0.02469961 0.17329973
  vertex -0.1425599 1.0125239e-08 0.18715389
  vertex -0.17421024 1.1508721e-08 0.13473429
 endloop
endfacet
facet normal -0.5326112 -0.8462379 -0.014384144
 outer loop
  vertex -0.13600785 -0.02469961 0.17329973
  vertex -0.17421024 1.1508721e-08 0.13473429
  vertex -0.14529712 -0.018262368 0.1385488
 endloop
endfacet
facet normal -0.83197224 -0.31772736 0.45483118
 outer loop
  vertex -0.11426864 -0.087571986 0.17772958
  vertex -0.09403441 -0.1119785 0.19769236
  vertex -0.1425599 1.0125239e-08 0.18715389
 endloop
endfacet
facet normal -0.9408543 -0.31686467 0.1199573
 outer loop
  vertex -0.11426864 -0.087571986 0.17772958
  vertex -0.1425599 1.0125239e-08 0.18715389
  vertex -0.13600785 -0.02469961 0.17329973
 endloop
endfacet
facet normal -0.8373432 -0.47960788 0.26235992
 outer loop
  vertex -0.09403441 -0.1119785 0.19769236
  vertex -0.11426864 -0.087571986 0.17772958
  vertex -0.108155094 -0.1161383 0.14502071
 endloop
endfacet
facet normal -0.41459784 -0.8917062 0.18157251
 outer loop
  vertex -0.09403441 -0.1119785 0.19769236
  vertex -0.108155094 -0.1161383 0.14502071
  vertex -0.06108526 -0.14319517 0.1196219
 endloop
endfacet
facet normal -0.61564314 -0.6418515 -0.45717627
 outer loop
  vertex -0.06108526 -0.14319517 0.1196219
  vertex -0.108155094 -0.1161383 0.14502071
  vertex -0.13977525 -0.061261874 0.110557444
 endloop
endfacet
facet normal -0.7233237 -0.6870067 0.069459416
 outer loop
  vertex -0.06108526 -0.14319517 0.1196219
  vertex -0.13977525 -0.061261874 0.110557444
  vertex -0.12684956 -0.08275735 0.0325539
 endloop
endfacet
facet normal -0.84436077 -0.3258775 0.4252748
 outer loop
  vertex -0.100983344 8.3078735e-09 0.26970196
  vertex -0.1425599 1.0125239e-08 0.18715389
  vertex -0.09403441 -0.1119785 0.19769236
 endloop
endfacet
facet normal -0.8580871 -0.31435776 0.4060365
 outer loop
  vertex -0.100983344 8.3078735e-09 0.26970196
  vertex -0.09403441 -0.1119785 0.19769236
  vertex -0.06628043 -0.121830404 0.2487181
 endloop
endfacet
facet normal 0.40494952 -0.34036967 -0.84862494
 outer loop
  vertex 0.1237732 -1.5165504e-09 0.015113599
  vertex 0.26557726 -7.715002e-09 0.0827801
  vertex 0.22260633 -0.11158236 0.10702897
 endloop
endfacet
facet normal 0.41497004 -0.3306662 -0.84762
 outer loop
  vertex 0.1237732 -1.5165504e-09 0.015113599
  vertex 0.22260633 -0.11158236 0.10702897
  vertex 0.12530057 -0.10268091 0.055918347
 endloop
endfacet
facet normal -0.6639353 -0.37518874 0.64685655
 outer loop
  vertex 0.005768617 -0.09399595 0.32475308
  vertex -0.027120795 5.07924e-09 0.34551468
  vertex -0.100983344 8.3078735e-09 0.26970196
 endloop
endfacet
facet normal -0.63385206 -0.30311257 0.71158576
 outer loop
  vertex 0.005768617 -0.09399595 0.32475308
  vertex -0.100983344 8.3078735e-09 0.26970196
  vertex -0.06628043 -0.121830404 0.2487181
 endloop
endfacet
facet normal 0.9171431 -0.3795951 -0.12147485
 outer loop
  vertex 0.22260633 -0.11158236 0.10702897
  vertex 0.26557726 -7.715002e-09 0.0827801
  vertex 0.27765408 -8.242895e-09 0.17396092
 endloop
endfacet
facet normal 0.91127807 -0.40504795 -0.07421873
 outer loop
  vertex 0.22260633 -0.11158236 0.10702897
  vertex 0.27765408 -8.242895e-09 0.17396092
  vertex 0.23068117 -0.1123528 0.21037874
 endloop
endfacet
facet normal 0.48194957 -0.3213274 0.8151523
 outer loop
  vertex 0.14072871 -2.2576945e-09 0.36468357
  vertex 0.12559682 -0.10872948 0.33076972
  vertex 0.20017931 -0.08849259 0.2946509
 endloop
endfacet
facet normal 0.535461 -0.27281806 0.7992821
 outer loop
  vertex 0.14072871 -2.2576945e-09 0.36468357
  vertex 0.20017931 -0.08849259 0.2946509
  vertex 0.24062064 -6.624108e-09 0.29776323
 endloop
endfacet
facet normal 0.8243931 -0.39113894 0.40912884
 outer loop
  vertex 0.24062064 -6.624108e-09 0.29776323
  vertex 0.20017931 -0.08849259 0.2946509
  vertex 0.23068117 -0.1123528 0.21037874
 endloop
endfacet
facet normal 0.91569823 -0.29405224 0.27391618
 outer loop
  vertex 0.24062064 -6.624108e-09 0.29776323
  vertex 0.23068117 -0.1123528 0.21037874
  vertex 0.27765408 -8.242895e-09 0.17396092
 endloop
endfacet
facet normal 0.35362694 -0.8733589 0.33495128
 outer loop
  vertex 0.12559682 -0.10872948 0.33076972
  vertex 0.08736767 -0.1595823 0.2385357
  vertex 0.23068117 -0.1123528 0.21037874
 endloop
endfacet
facet normal 0.4100097 -0.82786417 0.38279632
 outer loop
  vertex 0.12559682 -0.10872948 0.33076972
  vertex 0.23068117 -0.1123528 0.21037874
  vertex 0.20017931 -0.08849259 0.2946509
 endloop
endfacet
facet normal -0.20492323 -0.91081923 -0.35835022
 outer loop
  vertex -0.12684956 -0.08275735 0.0325539
  vertex 0.08349065 -0.14046463 0.058945175
  vertex 0.076423615 -0.15739338 0.1060143
 endloop
endfacet
facet normal -0.13747673 -0.859304 -0.49264255
 outer loop
  vertex -0.12684956 -0.08275735 0.0325539
  vertex 0.076423615 -0.15739338 0.1060143
  vertex -0.06108526 -0.14319517 0.1196219
 endloop
endfacet
facet normal -0.29793558 -0.9545451 0.008837813
 outer loop
  vertex -0.030826103 -0.12366197 0.13369544
  vertex 0.076423615 -0.15739338 0.1060143
  vertex 0.08736767 -0.1595823 0.2385357
 endloop
endfacet
facet normal -0.24188334 -0.9685016 -0.0591356
 outer loop
  vertex -0.030826103 -0.12366197 0.13369544
  vertex 0.08736767 -0.1595823 0.2385357
  vertex -0.06628043 -0.121830404 0.2487181
 endloop
endfacet
facet normal -0.32050535 -0.94305485 -0.08901657
 outer loop
  vertex -0.12295278 -0.0278796 0.15998408
  vertex -0.13600785 -0.02469961 0.17329973
  vertex -0.14529712 -0.018262368 0.1385488
 endloop
endfacet
facet normal -0.16734532 -0.9528639 -0.2530731
 outer loop
  vertex -0.12295278 -0.0278796 0.15998408
  vertex -0.14529712 -0.018262368 0.1385488
  vertex -0.121973164 -0.024420375 0.14631173
 endloop
endfacet
facet normal -0.50566816 0.7089798 -0.49157652
 outer loop
  vertex -0.1367043 -0.013625979 0.076501004
  vertex -0.16350429 -0.03558028 0.0724055
  vertex -0.17421024 1.1508721e-08 0.13473429
 endloop
endfacet
facet normal -0.2626567 0.8881924 -0.37699553
 outer loop
  vertex -0.1367043 -0.013625979 0.076501004
  vertex -0.17421024 1.1508721e-08 0.13473429
  vertex -0.12785107 9.482296e-09 0.10243537
 endloop
endfacet
facet normal -0.20381784 0.32214332 0.9244901
 outer loop
  vertex -0.13700207 9.882298e-09 0.06585018
  vertex -0.17606567 1.1589822e-08 0.05723802
  vertex -0.16350429 -0.03558028 0.0724055
 endloop
endfacet
facet normal -0.52631384 0.5164754 0.6754606
 outer loop
  vertex -0.13700207 9.882298e-09 0.06585018
  vertex -0.16350429 -0.03558028 0.0724055
  vertex -0.1367043 -0.013625979 0.076501004
 endloop
endfacet
facet normal -0.6887846 0.056998625 0.7227219
 outer loop
  vertex -0.119993664 -0.051685013 0.12865484
  vertex -0.13977525 -0.061261874 0.110557444
  vertex -0.108155094 -0.1161383 0.14502071
 endloop
endfacet
facet normal -0.3403518 0.17220606 0.9243948
 outer loop
  vertex -0.119993664 -0.051685013 0.12865484
  vertex -0.108155094 -0.1161383 0.14502071
  vertex -0.095744945 -0.076894514 0.14227924
 endloop
endfacet
facet normal -0.88660747 0.2533411 -0.3869695
 outer loop
  vertex -0.095744945 -0.076894514 0.14227924
  vertex -0.108155094 -0.1161383 0.14502071
  vertex -0.11426864 -0.087571986 0.17772958
 endloop
endfacet
facet normal -0.89383584 0.09774906 -0.43761015
 outer loop
  vertex -0.095744945 -0.076894514 0.14227924
  vertex -0.11426864 -0.087571986 0.17772958
  vertex -0.103686996 -0.0620333 0.16182074
 endloop
endfacet
facet normal -0.56898373 -0.2518917 -0.7828206
 outer loop
  vertex -0.103686996 -0.0620333 0.16182074
  vertex -0.11426864 -0.087571986 0.17772958
  vertex -0.13600785 -0.02469961 0.17329973
 endloop
endfacet
facet normal -0.69536954 -0.4234755 -0.58062863
 outer loop
  vertex -0.103686996 -0.0620333 0.16182074
  vertex -0.13600785 -0.02469961 0.17329973
  vertex -0.12295278 -0.0278796 0.15998408
 endloop
endfacet
facet normal 0.48091394 -0.8616796 0.16195683
 outer loop
  vertex -0.06108526 -0.14319517 0.1196219
  vertex -0.030826103 -0.12366197 0.13369544
  vertex -0.06628043 -0.121830404 0.2487181
 endloop
endfacet
facet normal -0.51940477 -0.84618264 0.11913672
 outer loop
  vertex -0.06108526 -0.14319517 0.1196219
  vertex -0.06628043 -0.121830404 0.2487181
  vertex -0.09403441 -0.1119785 0.19769236
 endloop
endfacet
facet normal 0.01691277 -0.60159945 0.7986189
 outer loop
  vertex 0.076423615 -0.15739338 0.1060143
  vertex -0.030826103 -0.12366197 0.13369544
  vertex -0.06108526 -0.14319517 0.1196219
 endloop
endfacet
facet normal 0.28840584 -0.91397965 -0.28541765
 outer loop
  vertex 0.22260633 -0.11158236 0.10702897
  vertex 0.076423615 -0.15739338 0.1060143
  vertex 0.08349065 -0.14046463 0.058945175
 endloop
endfacet
facet normal 0.37394708 -0.47748867 -0.7950901
 outer loop
  vertex 0.22260633 -0.11158236 0.10702897
  vertex 0.08349065 -0.14046463 0.058945175
  vertex 0.12530057 -0.10268091 0.055918347
 endloop
endfacet
facet normal -0.08662346 -0.27403966 -0.9578093
 outer loop
  vertex 0.08349065 -0.14046463 0.058945175
  vertex 0.007019479 6.027148e-09 0.025672704
  vertex 0.1237732 -1.5165504e-09 0.015113599
 endloop
endfacet
facet normal 0.25462705 -0.35385597 -0.8999728
 outer loop
  vertex 0.08349065 -0.14046463 0.058945175
  vertex 0.1237732 -1.5165504e-09 0.015113599
  vertex 0.12530057 -0.10268091 0.055918347
 endloop
endfacet
facet normal -0.17860368 -0.857191 0.48303652
 outer loop
  vertex 0.005768617 -0.09399595 0.32475308
  vertex -0.06628043 -0.121830404 0.2487181
  vertex 0.08736767 -0.1595823 0.2385357
 endloop
endfacet
facet normal -0.12992492 -0.8445433 0.5194865
 outer loop
  vertex 0.005768617 -0.09399595 0.32475308
  vertex 0.08736767 -0.1595823 0.2385357
  vertex 0.12559682 -0.10872948 0.33076972
 endloop
endfacet
facet normal -0.07820811 -0.24103358 0.96736056
 outer loop
  vertex -0.027120795 5.07924e-09 0.34551468
  vertex 0.005768617 -0.09399595 0.32475308
  vertex 0.12559682 -0.10872948 0.33076972
 endloop
endfacet
facet normal -0.108855054 -0.28215522 0.9531731
 outer loop
  vertex -0.027120795 5.07924e-09 0.34551468
  vertex 0.12559682 -0.10872948 0.33076972
  vertex 0.14072871 -2.2576945e-09 0.36468357
 endloop
endfacet
facet normal 0.30546814 -0.95132184 -0.040940017
 outer loop
  vertex 0.23068117 -0.1123528 0.21037874
  vertex 0.08736767 -0.1595823 0.2385357
  vertex 0.076423615 -0.15739338 0.1060143
 endloop
endfacet
facet normal 0.29909527 -0.95373636 -0.030478494
 outer loop
  vertex 0.23068117 -0.1123528 0.21037874
  vertex 0.076423615 -0.15739338 0.1060143
  vertex 0.22260633 -0.11158236 0.10702897
 endloop
endfacet
facet normal -0.58029383 -0.8127221 0.05236223
 outer loop
  vertex -0.15735887 -0.043381896 0.019420814
  vertex -0.13459922 -0.05994911 0.014507744
  vertex -0.16350429 -0.03558028 0.0724055
 endloop
endfacet
facet normal -0.96920484 -0.07766787 0.23368704
 outer loop
  vertex -0.16825977 -0.017790133 0.03723668
  vertex -0.17302343 6.916959e-05 0.023415327
  vertex -0.1717839 -0.015791187 0.023284923
 endloop
endfacet
facet normal -0.9319103 -0.35844693 -0.05530869
 outer loop
  vertex -0.15735887 -0.043381896 0.019420814
  vertex -0.16350429 -0.03558028 0.0724055
  vertex -0.16825977 -0.017790133 0.03723668
 endloop
endfacet
facet normal -0.8671786 -0.4745353 0.15105447
 outer loop
  vertex -0.1717839 -0.015791187 0.023284923
  vertex -0.15735887 -0.043381896 0.019420814
  vertex -0.16825977 -0.017790133 0.03723668
 endloop
endfacet
facet normal -0.8321349 -0.53094393 0.16015632
 outer loop
  vertex -0.17421024 1.1508721e-08 0.13473429
  vertex -0.16350429 -0.03558028 0.0724055
  vertex -0.13977525 -0.061261874 0.110557444
 endloop
endfacet
facet normal -0.43132955 -0.5304528 0.7297772
 outer loop
  vertex -0.17421024 1.1508721e-08 0.13473429
  vertex -0.13977525 -0.061261874 0.110557444
  vertex -0.14529712 -0.018262368 0.1385488
 endloop
endfacet
facet normal -0.76848155 -0.63803273 0.048480704
 outer loop
  vertex -0.12684956 -0.08275735 0.0325539
  vertex -0.13977525 -0.061261874 0.110557444
  vertex -0.16350429 -0.03558028 0.0724055
 endloop
endfacet
facet normal -0.85272306 -0.47003588 -0.22788084
 outer loop
  vertex -0.13459922 -0.05994911 0.014507744
  vertex -0.12684956 -0.08275735 0.0325539
  vertex -0.16350429 -0.03558028 0.0724055
 endloop
endfacet
facet normal -0.852375 0.47185844 -0.22540322
 outer loop
  vertex -0.16350429 0.035580304 0.0724055
  vertex -0.12684955 0.08275738 0.0325539
  vertex -0.13459921 0.060137715 0.014507737
 endloop
endfacet
facet normal -0.16646722 -0.84168255 -0.5136723
 outer loop
  vertex -0.12684956 -0.08275735 0.0325539
  vertex -0.12565407 -0.080929264 0.029171053
  vertex 0.08349065 -0.14046463 0.058945175
 endloop
endfacet
facet normal 0.08680955 -0.18463156 -0.9789665
 outer loop
  vertex 0.08349065 -0.14046463 0.058945175
  vertex -0.12565407 -0.080929264 0.029171053
  vertex 0.007019479 6.027148e-09 0.025672704
 endloop
endfacet
facet normal 0.086809576 0.18463157 -0.9789664
 outer loop
  vertex 0.007019479 6.027148e-09 0.025672704
  vertex -0.12565406 0.08092928 0.029171053
  vertex 0.083490655 0.14046463 0.058945175
 endloop
endfacet
facet normal -0.71319133 0.690435 0.12106911
 outer loop
  vertex -0.12565407 -0.080929264 0.029171053
  vertex -0.12684956 -0.08275735 0.0325539
  vertex -0.102849 -0.054711405 0.013995046
 endloop
endfacet
facet normal 0.08613883 -0.6000139 -0.79533863
 outer loop
  vertex -0.12684956 -0.08275735 0.0325539
  vertex -0.13459922 -0.05994911 0.014507744
  vertex -0.102849 -0.054711405 0.013995046
 endloop
endfacet
facet normal -0.8356906 0.44271863 0.32499444
 outer loop
  vertex -0.15735886 0.046683226 0.01942081
  vertex -0.16307598 0.052508578 -0.00321571
  vertex -0.1648518 0.031153588 0.021308461
 endloop
endfacet
facet normal -0.9360543 0.08720868 0.3408771
 outer loop
  vertex -0.17183581 0.014067579 0.02309526
  vertex -0.17993927 0.012293343 0.001296934
  vertex -0.17302343 6.916959e-05 0.023415327
 endloop
endfacet
facet normal -0.8209984 -0.47785196 0.31244045
 outer loop
  vertex -0.1717839 -0.015791187 0.023284923
  vertex -0.1789644 -0.018141843 0.0008215883
  vertex -0.16239516 -0.04933122 -0.0033410788
 endloop
endfacet
facet normal -0.24356554 -0.021645995 -0.9696429
 outer loop
  vertex -0.17993927 0.012293343 0.001296934
  vertex -0.16691974 0.00982851 -0.0019184309
  vertex -0.16810246 0.00018191698 -0.0014059949
 endloop
endfacet
facet normal -0.21005769 -0.009097844 -0.9776467
 outer loop
  vertex -0.16307598 0.052508578 -0.00321571
  vertex -0.15519422 0.040581014 -0.004798193
  vertex -0.16325237 0.025153706 -0.0029232511
 endloop
endfacet
facet normal -0.8712619 -0.4904549 0.018890548
 outer loop
  vertex -0.095744945 -0.076894514 0.14227924
  vertex -0.103686996 -0.0620333 0.16182074
  vertex -0.12295278 -0.0278796 0.15998408
 endloop
endfacet
facet normal -0.9967711 -0.022440631 -0.07709583
 outer loop
  vertex -0.12295278 -0.0278796 0.15998408
  vertex -0.121973164 -0.024420375 0.14631173
  vertex -0.119993664 -0.051685013 0.12865484
 endloop
endfacet
facet normal -0.76268005 -0.54764915 0.34409237
 outer loop
  vertex -0.12295278 -0.0278796 0.15998408
  vertex -0.119993664 -0.051685013 0.12865484
  vertex -0.095744945 -0.076894514 0.14227924
 endloop
endfacet
facet normal -0.9438584 0.3194283 -0.0842437
 outer loop
  vertex -0.16825977 0.017790157 0.037236676
  vertex -0.17302343 6.916959e-05 0.023415327
  vertex -0.17606567 1.1589822e-08 0.05723802
 endloop
endfacet
facet normal -0.9345817 0.3519758 -0.051674012
 outer loop
  vertex -0.16825977 0.017790157 0.037236676
  vertex -0.17606567 1.1589822e-08 0.05723802
  vertex -0.16350429 0.035580304 0.0724055
 endloop
endfacet
facet normal -0.97099704 0.087467 0.22251813
 outer loop
  vertex -0.17183581 0.014067579 0.02309526
  vertex -0.17302343 6.916959e-05 0.023415327
  vertex -0.16825977 0.017790157 0.037236676
 endloop
endfacet
facet normal -0.8139315 0.55527747 -0.1708283
 outer loop
  vertex -0.16825977 0.017790157 0.037236676
  vertex -0.16350429 0.035580304 0.0724055
  vertex -0.13459921 0.060137715 0.014507737
 endloop
endfacet
facet normal -0.15563805 0.5603403 0.81350815
 outer loop
  vertex -0.16825977 0.017790157 0.037236676
  vertex -0.13459921 0.060137715 0.014507737
  vertex -0.15735886 0.046683226 0.01942081
 endloop
endfacet
facet normal -0.913108 0.38673922 0.12909909
 outer loop
  vertex -0.1648518 0.031153588 0.021308461
  vertex -0.17183581 0.014067579 0.02309526
  vertex -0.16825977 0.017790157 0.037236676
 endloop
endfacet
facet normal -0.87586063 0.4452217 0.186134
 outer loop
  vertex -0.15735886 0.046683226 0.01942081
  vertex -0.1648518 0.031153588 0.021308461
  vertex -0.16825977 0.017790157 0.037236676
 endloop
endfacet
facet normal -0.94419485 -0.31807637 -0.08557748
 outer loop
  vertex -0.17606567 1.1589822e-08 0.05723802
  vertex -0.17302343 6.916959e-05 0.023415327
  vertex -0.16825977 -0.017790133 0.03723668
 endloop
endfacet
facet normal -0.9345817 -0.3519758 -0.05167404
 outer loop
  vertex -0.17606567 1.1589822e-08 0.05723802
  vertex -0.16825977 -0.017790133 0.03723668
  vertex -0.16350429 -0.03558028 0.0724055
 endloop
endfacet
facet normal -0.8516418 0.4903568 -0.18508519
 outer loop
  vertex -0.121973164 0.024420384 0.14631173
  vertex -0.1229528 0.027879609 0.15998408
  vertex -0.10368701 0.06203329 0.16182074
 endloop
endfacet
facet normal -0.7550079 0.6322214 0.17395137
 outer loop
  vertex -0.10368701 0.06203329 0.16182074
  vertex -0.09574493 0.076894544 0.14227924
  vertex -0.119993664 0.051685017 0.12865484
 endloop
endfacet
facet normal -0.891562 0.29001197 0.34786543
 outer loop
  vertex -0.10368701 0.06203329 0.16182074
  vertex -0.119993664 0.051685017 0.12865484
  vertex -0.121973164 0.024420384 0.14631173
 endloop
endfacet
facet normal -0.8738216 0.3878494 0.2932722
 outer loop
  vertex -0.17993927 0.012293343 0.001296934
  vertex -0.17183581 0.014067579 0.02309526
  vertex -0.1648518 0.031153588 0.021308461
 endloop
endfacet
facet normal -0.8727243 0.39772713 0.28313538
 outer loop
  vertex -0.17993927 0.012293343 0.001296934
  vertex -0.1648518 0.031153588 0.021308461
  vertex -0.16307598 0.052508578 -0.00321571
 endloop
endfacet
facet normal -0.42824364 0.8431454 0.32513577
 outer loop
  vertex -0.16307598 0.052508578 -0.00321571
  vertex -0.15735886 0.046683226 0.01942081
  vertex -0.13459921 0.060137715 0.014507737
 endloop
endfacet
facet normal -0.36072743 0.9138955 0.18620078
 outer loop
  vertex -0.16307598 0.052508578 -0.00321571
  vertex -0.13459921 0.060137715 0.014507737
  vertex -0.13673967 0.06406535 -0.008916294
 endloop
endfacet
facet normal 0.16329472 0.9753195 0.14861552
 outer loop
  vertex -0.13673967 0.06406535 -0.008916294
  vertex -0.13459921 0.060137715 0.014507737
  vertex -0.10284897 0.054899994 0.01399504
 endloop
endfacet
facet normal 0.061663885 0.9548115 0.29074502
 outer loop
  vertex -0.13673967 0.06406535 -0.008916294
  vertex -0.10284897 0.054899994 0.01399504
  vertex -0.10352752 0.062203713 -0.009846577
 endloop
endfacet
facet normal -0.8252142 -0.47437623 0.30657554
 outer loop
  vertex -0.15735887 -0.043381896 0.019420814
  vertex -0.1717839 -0.015791187 0.023284923
  vertex -0.16239516 -0.04933122 -0.0033410788
 endloop
endfacet
facet normal -0.4545668 -0.87015545 0.19025889
 outer loop
  vertex -0.16239516 -0.04933122 -0.0033410788
  vertex -0.1367397 -0.06395258 -0.008916289
  vertex -0.13459922 -0.05994911 0.014507744
 endloop
endfacet
facet normal -0.5109498 -0.79725254 0.32143235
 outer loop
  vertex -0.16239516 -0.04933122 -0.0033410788
  vertex -0.13459922 -0.05994911 0.014507744
  vertex -0.15735887 -0.043381896 0.019420814
 endloop
endfacet
facet normal 0.06169375 -0.95396096 0.29351738
 outer loop
  vertex -0.1367397 -0.06395258 -0.008916289
  vertex -0.103527546 -0.062090944 -0.009846574
  vertex -0.102849 -0.054711405 0.013995046
 endloop
endfacet
facet normal 0.16326661 -0.97485 0.15169518
 outer loop
  vertex -0.1367397 -0.06395258 -0.008916289
  vertex -0.102849 -0.054711405 0.013995046
  vertex -0.13459922 -0.05994911 0.014507744
 endloop
endfacet
facet normal -0.9508512 -0.035261255 0.30763397
 outer loop
  vertex -0.17993927 0.012293343 0.001296934
  vertex -0.1789644 -0.018141843 0.0008215883
  vertex -0.1717839 -0.015791187 0.023284923
 endloop
endfacet
facet normal -0.96295434 -0.07738193 0.25832373
 outer loop
  vertex -0.17993927 0.012293343 0.001296934
  vertex -0.1717839 -0.015791187 0.023284923
  vertex -0.17302343 6.916959e-05 0.023415327
 endloop
endfacet
facet normal -0.22600195 0.007974662 -0.9740942
 outer loop
  vertex -0.16691974 -0.01148556 -0.0019184309
  vertex -0.1789644 -0.018141843 0.0008215883
  vertex -0.17993927 0.012293343 0.001296934
 endloop
endfacet
facet normal -0.20042916 0.022699984 -0.9794452
 outer loop
  vertex -0.16691974 -0.01148556 -0.0019184309
  vertex -0.17993927 0.012293343 0.001296934
  vertex -0.16810246 0.00018191698 -0.0014059949
 endloop
endfacet
facet normal -0.20675503 0.010262295 -0.97833896
 outer loop
  vertex -0.14005895 -0.050682183 -0.008075623
  vertex -0.1367397 -0.06395258 -0.008916289
  vertex -0.16239516 -0.04933122 -0.0033410788
 endloop
endfacet
facet normal -0.20701484 0.0059004836 -0.97832006
 outer loop
  vertex -0.14005895 -0.050682183 -0.008075623
  vertex -0.16239516 -0.04933122 -0.0033410788
  vertex -0.15404013 -0.03571514 -0.0050269025
 endloop
endfacet
facet normal -0.23056982 0.0073750718 -0.9730278
 outer loop
  vertex -0.16325237 -0.021004135 -0.0029232493
  vertex -0.16239516 -0.04933122 -0.0033410788
  vertex -0.1789644 -0.018141843 0.0008215883
 endloop
endfacet
facet normal -0.22934487 0.014375718 -0.97323906
 outer loop
  vertex -0.16325237 -0.021004135 -0.0029232493
  vertex -0.1789644 -0.018141843 0.0008215883
  vertex -0.16691974 -0.01148556 -0.0019184309
 endloop
endfacet
facet normal -0.24082816 -0.0060045943 -0.9705492
 outer loop
  vertex -0.16325237 0.025153706 -0.0029232511
  vertex -0.16691974 0.00982851 -0.0019184309
  vertex -0.17993927 0.012293343 0.001296934
 endloop
endfacet
facet normal -0.23876476 -0.008842084 -0.97103715
 outer loop
  vertex -0.16325237 0.025153706 -0.0029232511
  vertex -0.17993927 0.012293343 0.001296934
  vertex -0.16307598 0.052508578 -0.00321571
 endloop
endfacet
facet normal -0.166582 -0.3930299 -0.90431076
 outer loop
  vertex -0.14005895 -0.050682183 -0.008075623
  vertex -0.12963954 -0.04883113 -0.010799471
  vertex -0.103527546 -0.062090944 -0.009846574
 endloop
endfacet
facet normal -0.031061959 0.05545152 -0.9979781
 outer loop
  vertex -0.14005895 -0.050682183 -0.008075623
  vertex -0.103527546 -0.062090944 -0.009846574
  vertex -0.1367397 -0.06395258 -0.008916289
 endloop
endfacet
facet normal -0.031901233 -0.07092825 -0.99697113
 outer loop
  vertex -0.14121306 0.051046025 -0.0078469105
  vertex -0.13673967 0.06406535 -0.008916294
  vertex -0.10352752 0.062203713 -0.009846577
 endloop
endfacet
facet normal -0.1345936 0.2844834 -0.94918585
 outer loop
  vertex -0.14121306 0.051046025 -0.0078469105
  vertex -0.10352752 0.062203713 -0.009846577
  vertex -0.13367894 0.047430113 -0.009998977
 endloop
endfacet
facet normal -0.21037565 0.008053422 -0.97758746
 outer loop
  vertex -0.16239516 -0.04933122 -0.0033410788
  vertex -0.16325237 -0.021004135 -0.0029232493
  vertex -0.15404013 -0.03571514 -0.0050269025
 endloop
endfacet
facet normal -0.20770329 -0.0074734963 -0.97816336
 outer loop
  vertex -0.14121306 0.051046025 -0.0078469105
  vertex -0.15519422 0.040581014 -0.004798193
  vertex -0.16307598 0.052508578 -0.00321571
 endloop
endfacet
facet normal -0.20779495 -0.008944449 -0.9781315
 outer loop
  vertex -0.14121306 0.051046025 -0.0078469105
  vertex -0.16307598 0.052508578 -0.00321571
  vertex -0.13673967 0.06406535 -0.008916294
 endloop
endfacet
facet normal 0.0066529084 0.9561727 0.2927277
 outer loop
  vertex -0.10352752 0.062203713 -0.009846577
  vertex -0.10284897 0.054899994 0.01399504
  vertex -0.07419823 0.054899994 0.0133438865
 endloop
endfacet
facet normal -0 0.9538137 0.30039874
 outer loop
  vertex -0.07419823 0.054899994 0.0133438865
  vertex -0.07683024 0.062203713 -0.009846577
  vertex -0.10352752 0.062203713 -0.009846577
 endloop
endfacet
facet normal 0.0067159706 -0.9553185 0.2955023
 outer loop
  vertex -0.102849 -0.054711405 0.013995046
  vertex -0.103527546 -0.062090944 -0.009846574
  vertex -0.07419826 -0.054711405 0.013343892
 endloop
endfacet
facet normal -0.033271138 -0.9394637 0.3410293
 outer loop
  vertex -0.07419826 -0.054711405 0.013343892
  vertex -0.103527546 -0.062090944 -0.009846574
  vertex -0.07683025 -0.062090944 -0.0072419606
 endloop
endfacet
facet normal -0.01983363 -0.48789158 -0.8726789
 outer loop
  vertex -0.12565407 -0.080929264 0.029171053
  vertex -0.102849 -0.054711405 0.013995046
  vertex -0.07419826 -0.054711405 0.013343892
 endloop
endfacet
facet normal -0.019799389 0.49057803 -0.8711723
 outer loop
  vertex -0.12565406 0.08092928 0.029171053
  vertex -0.07419823 0.054899994 0.0133438865
  vertex -0.10284897 0.054899994 0.01399504
 endloop
endfacet
facet normal -0.37144017 1.6920254e-06 0.9284569
 outer loop
  vertex -0.11510801 -0.06959063 -0.05573763
  vertex -0.06463425 -0.08142373 -0.03554498
  vertex -0.06463423 -0.07815257 -0.03554498
 endloop
endfacet
facet normal -0.34531212 -0.09708733 0.9334526
 outer loop
  vertex -0.06463428 0.075514324 -0.035545018
  vertex -0.11836822 0.064262435 -0.056593113
  vertex -0.11613088 0.061949395 -0.05600603
 endloop
endfacet
facet normal -0.25380453 -4.7194916e-07 0.96725553
 outer loop
  vertex -0.14200556 0.034256473 -0.062795475
  vertex -0.1503818 -0.000501357 -0.06499339
  vertex -0.14721774 -0.00050134957 -0.06416315
 endloop
endfacet
facet normal -0.2538045 6.860522e-07 0.96725553
 outer loop
  vertex -0.1503818 -0.000501357 -0.06499339
  vertex -0.1398161 -0.036164597 -0.06222096
  vertex -0.14721774 -0.00050134957 -0.06416315
 endloop
endfacet
facet normal -0.25380522 3.8034386e-07 0.96725535
 outer loop
  vertex -0.121724196 0.06773201 -0.05747371
  vertex -0.14748582 0.037527613 -0.06423348
  vertex -0.14200556 0.034256473 -0.062795475
 endloop
endfacet
facet normal -0.25380158 -5.190987e-07 0.96725625
 outer loop
  vertex -0.14748582 0.037527613 -0.06423348
  vertex -0.15670985 -0.000501357 -0.066653825
  vertex -0.15354586 -0.000501357 -0.065823615
 endloop
endfacet
facet normal 0.7685899 0.60711855 0.20168488
 outer loop
  vertex -0.13130535 -0.03207566 -0.06675154
  vertex -0.107439205 -0.06380798 -0.062180042
  vertex -0.1304751 -0.032075644 -0.06991553
 endloop
endfacet
facet normal -0.7737148 -0.60011804 -0.2030362
 outer loop
  vertex -0.12265786 -0.077993706 -0.059955187
  vertex -0.14691591 -0.04188908 -0.07422959
  vertex -0.14608562 -0.04188908 -0.07739361
 endloop
endfacet
facet normal 0.9672529 0 0.25381455
 outer loop
  vertex -0.06048306 0.075514324 -0.051365156
  vertex -0.059652798 0.07387875 -0.054529175
  vertex -0.059652798 0.07714989 -0.054529175
 endloop
endfacet
facet normal 0.23728503 0.00016866213 -0.9714401
 outer loop
  vertex -0.09585828 -0.016949877 -0.10857921
  vertex -0.07072534 -0.028528363 -0.10244222
  vertex -0.07067113 -0.035952285 -0.10243027
 endloop
endfacet
facet normal -0 1 0
 outer loop
  vertex 0.037628345 0.09023443 0.062289923
  vertex 0.015117317 0.09023443 0.023046175
  vertex -0.039971102 0.09023443 0.027933236
 endloop
endfacet
facet normal 0.7737082 0.38471755 -0.50335675
 outer loop
  vertex -0.059425823 0.09015533 -0.05543475
  vertex -0.017991576 0.0905187 0.008531418
  vertex -0.052128233 0.023131236 -0.095444426
 endloop
endfacet
facet normal 0.7108586 1.434932e-07 -0.703335
 outer loop
  vertex -0.05217814 -0.023861684 -0.095464334
  vertex 0.0086754225 -0.07161029 -0.03395983
  vertex 0.008675449 -0.09123714 -0.033959806
 endloop
endfacet
facet normal 0.0014448265 0.9998663 0.016286517
 outer loop
  vertex -0.039971102 0.09023443 0.027933236
  vertex 0.015117317 0.09023443 0.023046175
  vertex -0.017991576 0.0905187 0.008531418
 endloop
endfacet
facet normal -0.5250468 0.78247637 -0.33474842
 outer loop
  vertex -0.052128233 0.023131236 -0.095444426
  vertex -0.017991576 0.0905187 0.008531418
  vertex 0.008675478 0.090234436 -0.03395984
 endloop
endfacet
facet normal 0.009032973 0.99995863 -0.0010206205
 outer loop
  vertex 0.008675478 0.090234436 -0.03395984
  vertex -0.017991576 0.0905187 0.008531418
  vertex 0.015117317 0.09023443 0.023046175
 endloop
endfacet
facet normal -6.410723e-08 -1 -7.226427e-07
 outer loop
  vertex 0.037628286 -0.0912372 0.062289968
  vertex -0.03997112 -0.09123717 0.027933238
  vertex 0.01511731 -0.09123717 0.023046222
 endloop
endfacet
facet normal 0.001245196 -0.99990076 0.014036351
 outer loop
  vertex -0.03997112 -0.09123717 0.027933238
  vertex -0.017843077 -0.091487095 0.008166617
  vertex 0.01511731 -0.09123717 0.023046222
 endloop
endfacet
facet normal 0.7729295 -0.38288566 -0.50594324
 outer loop
  vertex -0.05217814 -0.023861684 -0.095464334
  vertex -0.017843077 -0.091487095 0.008166617
  vertex -0.05942581 -0.09165737 -0.05523046
 endloop
endfacet
facet normal -0.5259277 -0.7814732 -0.33570752
 outer loop
  vertex -0.05217814 -0.023861684 -0.095464334
  vertex 0.008675449 -0.09123714 -0.033959806
  vertex -0.017843077 -0.091487095 0.008166617
 endloop
endfacet
facet normal 0.007990103 -0.9999677 -0.00090342946
 outer loop
  vertex 0.01511731 -0.09123717 0.023046222
  vertex -0.017843077 -0.091487095 0.008166617
  vertex 0.008675449 -0.09123714 -0.033959806
 endloop
endfacet
facet normal -0.23019962 0.97102714 -0.06414378
 outer loop
  vertex -0.059425823 0.09015533 -0.05543475
  vertex -0.1270628 0.07375376 -0.060990542
  vertex -0.06463428 0.09023444 -0.035545018
 endloop
endfacet
facet normal -0.34269002 0.094231635 0.9347106
 outer loop
  vertex -0.11846398 -0.0730602 -0.05661823
  vertex -0.12070126 -0.07537325 -0.05720529
  vertex -0.06463425 -0.08633046 -0.03554498
 endloop
endfacet
facet normal -0.25380513 3.1777626e-07 0.96725535
 outer loop
  vertex -0.11836822 0.064262435 -0.056593113
  vertex -0.121724196 0.06773201 -0.05747371
  vertex -0.14200556 0.034256473 -0.062795475
 endloop
endfacet
facet normal -0.35856643 0 0.9335042
 outer loop
  vertex -0.06463428 0.08042102 -0.035545018
  vertex -0.06463428 0.083692156 -0.035545018
  vertex -0.121724196 0.06773201 -0.05747371
 endloop
endfacet
facet normal -0.25380623 1.2728931e-06 0.9672551
 outer loop
  vertex -0.121724196 0.06773201 -0.05747371
  vertex -0.12508017 0.07120159 -0.05835432
  vertex -0.14748582 0.037527613 -0.06423348
 endloop
endfacet
facet normal -0.5823995 -0.77046895 -0.2592076
 outer loop
  vertex -0.117672205 -0.044127658 -0.13136761
  vertex -0.08807912 -0.069709525 -0.12181914
  vertex -0.14216563 -0.041441366 -0.084319405
 endloop
endfacet
facet normal -0.8675616 0.22811766 -0.44192678
 outer loop
  vertex -0.13001195 -0.00067762285 -0.13360892
  vertex -0.14431061 0.03849288 -0.085319355
  vertex -0.12043917 0.038664456 -0.13209362
 endloop
endfacet
facet normal 0.83968943 0.24396947 -0.485181
 outer loop
  vertex -0.09227378 0.06731768 -0.12376754
  vertex -0.059425823 0.09015533 -0.05543475
  vertex -0.07072534 0.035562202 -0.102442235
 endloop
endfacet
facet normal 0.15467559 0.9871313 0.040586457
 outer loop
  vertex -0.107439205 -0.06380798 -0.062180042
  vertex -0.0629738 -0.07161029 -0.041873038
  vertex -0.062143564 -0.07161029 -0.04503707
 endloop
endfacet
facet normal -0.55024135 -0.64617527 -0.5288592
 outer loop
  vertex -0.14216563 -0.041441366 -0.084319405
  vertex -0.12265786 -0.077993706 -0.059955187
  vertex -0.14525545 -0.04188908 -0.08055764
 endloop
endfacet
facet normal -0.4840276 0.64486957 -0.5914901
 outer loop
  vertex -0.1270628 0.07375376 -0.060990542
  vertex -0.14431061 0.03849288 -0.085319355
  vertex -0.14744484 0.039980985 -0.08113215
 endloop
endfacet
facet normal -0.77933985 0.59229326 -0.20449433
 outer loop
  vertex -0.1270628 0.07375376 -0.060990542
  vertex -0.14744484 0.039980985 -0.08113215
  vertex -0.14827508 0.039980978 -0.077968106
 endloop
endfacet
facet normal -0.7737203 -0.60011584 -0.20302163
 outer loop
  vertex -0.14691591 -0.04188908 -0.07422959
  vertex -0.12265786 -0.077993706 -0.059955187
  vertex -0.14774615 -0.04188908 -0.07106555
 endloop
endfacet
facet normal -0.7793369 0.59229434 -0.20450257
 outer loop
  vertex -0.1270628 0.07375376 -0.060990542
  vertex -0.14910528 0.039980978 -0.07480409
  vertex -0.14993554 0.039980974 -0.07164006
 endloop
endfacet
facet normal -0.7737213 -0.6001157 -0.20301874
 outer loop
  vertex -0.12265786 -0.077993706 -0.059955187
  vertex -0.14857636 -0.04188908 -0.06790152
  vertex -0.14774615 -0.04188908 -0.07106555
 endloop
endfacet
facet normal 0.9672481 0.0032255347 0.25381237
 outer loop
  vertex -0.059425823 0.09015533 -0.05543475
  vertex -0.06131333 0.0869633 -0.04820112
  vertex -0.06048307 0.0869633 -0.051365152
 endloop
endfacet
facet normal 0.96725094 0.0031998055 0.25380176
 outer loop
  vertex -0.059425823 0.09015533 -0.05543475
  vertex -0.062143557 0.0869633 -0.04503709
  vertex -0.06131333 0.0869633 -0.04820112
 endloop
endfacet
facet normal 0.96725 0.0032120156 0.25380528
 outer loop
  vertex -0.059425823 0.09015533 -0.05543475
  vertex -0.06297379 0.0869633 -0.04187308
  vertex -0.062143557 0.0869633 -0.04503709
 endloop
endfacet
facet normal 0.96724874 0.0032334158 0.25381
 outer loop
  vertex -0.059425823 0.09015533 -0.05543475
  vertex -0.063804045 0.0869633 -0.038709044
  vertex -0.06297379 0.0869633 -0.04187308
 endloop
endfacet
facet normal 0.6929601 -0.013855377 -0.72084284
 outer loop
  vertex -0.09227378 0.06731768 -0.12376754
  vertex -0.07072534 0.035562202 -0.102442235
  vertex -0.07068682 0.027799621 -0.102256
 endloop
endfacet
facet normal 0.5246991 -0.28240606 -0.8030801
 outer loop
  vertex -0.12043917 0.038664456 -0.13209362
  vertex -0.09227378 0.06731768 -0.12376754
  vertex -0.09291586 0.020146776 -0.10759923
 endloop
endfacet
facet normal 0.32198292 -0.310894 -0.89424384
 outer loop
  vertex -0.07068682 0.027799621 -0.102256
  vertex -0.09291586 0.020146776 -0.10759923
  vertex -0.09227378 0.06731768 -0.12376754
 endloop
endfacet
facet normal 0.3398499 -0.020871403 -0.940248
 outer loop
  vertex -0.052128233 0.023131236 -0.095444426
  vertex -0.07068682 0.027799621 -0.102256
  vertex -0.07072534 0.035562202 -0.102442235
 endloop
endfacet
facet normal -0.8025181 -0.28986806 0.5214798
 outer loop
  vertex -0.059425823 0.09015533 -0.05543475
  vertex -0.018500105 0.08696332 0.005772549
  vertex -0.017991576 0.0905187 0.008531418
 endloop
endfacet
facet normal -0.8273577 0.14633232 0.5422786
 outer loop
  vertex -0.05942581 -0.09165737 -0.05523046
  vertex -0.017843077 -0.091487095 0.008166617
  vertex -0.018500166 -0.08633043 0.0057725804
 endloop
endfacet
facet normal 0.8674233 0 -0.49757084
 outer loop
  vertex 0.01511731 -0.09123717 0.023046222
  vertex 0.037628286 -0.07161032 0.062289968
  vertex 0.037628286 -0.0912372 0.062289968
 endloop
endfacet
facet normal -0.4048396 0 0.91438776
 outer loop
  vertex 0.037628345 0.09023443 0.062289923
  vertex -0.039971102 0.0869633 0.027933236
  vertex -0.039971102 0.083692156 0.027933236
 endloop
endfacet
facet normal -0.40484026 0 0.9143874
 outer loop
  vertex 0.037628286 -0.07161032 0.062289968
  vertex -0.03997117 -0.07815258 0.02793322
  vertex -0.03997117 -0.081423745 0.02793322
 endloop
endfacet
facet normal -0.40483963 0 0.9143877
 outer loop
  vertex 0.037628345 0.09023443 0.062289923
  vertex -0.039971102 0.09023443 0.027933236
  vertex -0.039971102 0.0869633 0.027933236
 endloop
endfacet
facet normal -0.4048402 5.5914086e-07 0.9143874
 outer loop
  vertex -0.03997112 -0.09123717 0.027933238
  vertex 0.037628286 -0.0912372 0.062289968
  vertex -0.039971143 -0.08633046 0.027933229
 endloop
endfacet
facet normal -0.4048402 0 0.9143874
 outer loop
  vertex 0.037628286 -0.07161032 0.062289968
  vertex -0.03997117 -0.07488145 0.02793322
  vertex -0.03997117 -0.07815258 0.02793322
 endloop
endfacet
facet normal -0.40484023 -8.387134e-07 0.91438746
 outer loop
  vertex -0.03997117 -0.07488145 0.02793322
  vertex 0.037628286 -0.07161032 0.062289968
  vertex -0.03997117 -0.07161032 0.027933221
 endloop
endfacet
facet normal -0.40483963 0 0.9143877
 outer loop
  vertex 0.037628345 0.09023443 0.062289923
  vertex -0.039971102 0.083692156 0.027933236
  vertex -0.039971102 0.08042103 0.027933236
 endloop
endfacet
facet normal -0.40483984 0 0.9143876
 outer loop
  vertex 0.037628375 0.07060759 0.062289946
  vertex -0.03997108 0.07551432 0.027933232
  vertex -0.03997108 0.070607595 0.027933232
 endloop
endfacet
facet normal 0 0 0
 outer loop
  vertex -0.018500166 -0.07815258 0.0057725804
  vertex -0.018500166 -0.081423745 0.0057725804
  vertex -0.018500166 -0.08633043 0.0057725804
 endloop
endfacet
facet normal -0.9777599 -0.17689668 -0.11266399
 outer loop
  vertex -0.018500166 -0.08633043 0.0057725804
  vertex -0.017843077 -0.091487095 0.008166617
  vertex -0.019233022 -0.08633046 0.012132753
 endloop
endfacet
facet normal -0.86029035 -2.3223174e-06 -0.5098044
 outer loop
  vertex -0.019233022 -0.08633046 0.012132753
  vertex -0.019233037 -0.081423745 0.0121327555
  vertex -0.019233037 -0.07815258 0.012132741
 endloop
endfacet
facet normal -1 0 0
 outer loop
  vertex -0.019233037 -0.07815258 0.012132741
  vertex -0.019233037 -0.07488145 0.012132741
  vertex -0.019233037 -0.07161032 0.01213274
 endloop
endfacet
facet normal -0.99342686 -3.2846476e-06 -0.11446926
 outer loop
  vertex -0.019233037 -0.07161032 0.01213274
  vertex -0.018500175 -0.07161029 0.0057725674
  vertex -0.018500166 -0.07488142 0.0057725804
 endloop
endfacet
facet normal -0.9934269 0 -0.1144684
 outer loop
  vertex -0.018500166 -0.07815258 0.0057725804
  vertex -0.018500166 -0.08633043 0.0057725804
  vertex -0.019233022 -0.08633046 0.012132753
 endloop
endfacet
facet normal -0.9934266 0 -0.11447092
 outer loop
  vertex -0.019233037 -0.07161032 0.01213274
  vertex -0.018500166 -0.07488142 0.0057725804
  vertex -0.018500166 -0.07815258 0.0057725804
 endloop
endfacet
facet normal -0.9934266 -1.9796253e-06 -0.114470914
 outer loop
  vertex -0.018500166 -0.07815258 0.0057725804
  vertex -0.019233022 -0.08633046 0.012132753
  vertex -0.019233037 -0.07815258 0.012132741
 endloop
endfacet
facet normal -0.9934267 -1.6295479e-08 -0.114470914
 outer loop
  vertex -0.018500166 -0.07815258 0.0057725804
  vertex -0.019233037 -0.07815258 0.012132741
  vertex -0.019233037 -0.07161032 0.01213274
 endloop
endfacet
facet normal 0.5672968 0.46676785 -0.6784557
 outer loop
  vertex -0.059425823 0.09015533 -0.05543475
  vertex -0.052128233 0.023131236 -0.095444426
  vertex -0.07072534 0.035562202 -0.102442235
 endloop
endfacet
facet normal 0.7110322 1.0811597e-06 -0.70315945
 outer loop
  vertex -0.052128233 0.023131236 -0.095444426
  vertex 0.008675478 0.090234436 -0.03395984
  vertex 0.008675512 0.0706076 -0.033959836
 endloop
endfacet
facet normal -0.21332067 0.9528277 -0.21590222
 outer loop
  vertex -0.1270628 0.07375376 -0.060990542
  vertex -0.059425823 0.09015533 -0.05543475
  vertex -0.09227378 0.06731768 -0.12376754
 endloop
endfacet
facet normal -0.84763587 -0.2869263 -0.44630358
 outer loop
  vertex -0.15489247 -0.0005013272 -0.086468264
  vertex -0.13001195 -0.00067762285 -0.13360892
  vertex -0.14216563 -0.041441366 -0.084319405
 endloop
endfacet
facet normal -0.85685 0.24587527 -0.45315936
 outer loop
  vertex -0.13001195 -0.00067762285 -0.13360892
  vertex -0.15489247 -0.0005013272 -0.086468264
  vertex -0.14431061 0.03849288 -0.085319355
 endloop
endfacet
facet normal -0.65902656 0.6180659 -0.42857745
 outer loop
  vertex -0.14431061 0.03849288 -0.085319355
  vertex -0.1270628 0.07375376 -0.060990542
  vertex -0.09227378 0.06731768 -0.12376754
 endloop
endfacet
facet normal -0.43133324 -0.47974622 0.7640649
 outer loop
  vertex -0.12070126 -0.07537325 -0.05720529
  vertex -0.12265786 -0.077993706 -0.059955187
  vertex -0.06464113 -0.0912371 -0.035518683
 endloop
endfacet
facet normal -0.35942927 0.0055054943 0.93315613
 outer loop
  vertex -0.12070126 -0.07537325 -0.05720529
  vertex -0.06464113 -0.0912371 -0.035518683
  vertex -0.06463425 -0.08633046 -0.03554498
 endloop
endfacet
facet normal 0.96725506 3.1307668e-06 0.25380632
 outer loop
  vertex -0.06464113 -0.0912371 -0.035518683
  vertex -0.063804016 -0.08633046 -0.038708996
  vertex -0.06463425 -0.08633046 -0.03554498
 endloop
endfacet
facet normal -0.35895792 0.112022765 0.9266068
 outer loop
  vertex -0.109514765 -0.06380801 -0.054269962
  vertex -0.11175206 -0.06612106 -0.05485703
  vertex -0.06463423 -0.07488142 -0.03554498
 endloop
endfacet
facet normal -0.3850492 0 0.9228961
 outer loop
  vertex -0.109514765 -0.06380801 -0.054269962
  vertex -0.06463423 -0.07488142 -0.03554498
  vertex -0.06463423 -0.07161029 -0.03554498
 endloop
endfacet
facet normal -0.35373998 0.10629759 0.92928404
 outer loop
  vertex -0.11175206 -0.06612106 -0.05485703
  vertex -0.11510801 -0.06959063 -0.05573763
  vertex -0.06463423 -0.07815257 -0.03554498
 endloop
endfacet
facet normal -0.37924802 0 0.9252951
 outer loop
  vertex -0.11175206 -0.06612106 -0.05485703
  vertex -0.06463423 -0.07815257 -0.03554498
  vertex -0.06463423 -0.07488142 -0.03554498
 endloop
endfacet
facet normal -0.3426896 0.09423329 0.9347106
 outer loop
  vertex -0.11510801 -0.06959063 -0.05573763
  vertex -0.11846398 -0.0730602 -0.05661823
  vertex -0.06463425 -0.08633046 -0.03554498
 endloop
endfacet
facet normal -0.37144053 0 0.9284568
 outer loop
  vertex -0.11510801 -0.06959063 -0.05573763
  vertex -0.06463425 -0.08633046 -0.03554498
  vertex -0.06463425 -0.08142373 -0.03554498
 endloop
endfacet
facet normal 0.9672541 -1.926982e-07 0.25380975
 outer loop
  vertex -0.06463426 0.07060761 -0.035545014
  vertex -0.063804016 0.07060761 -0.03870904
  vertex -0.063804016 0.075514324 -0.038709037
 endloop
endfacet
facet normal 0.96725285 3.1307081e-06 0.25381455
 outer loop
  vertex -0.06463426 0.07060761 -0.035545014
  vertex -0.063804016 0.075514324 -0.038709037
  vertex -0.06463428 0.075514324 -0.035545018
 endloop
endfacet
facet normal -0.34531218 -0.0970869 0.9334525
 outer loop
  vertex -0.06463428 0.075514324 -0.035545018
  vertex -0.11613088 0.061949395 -0.05600603
  vertex -0.11389364 0.059636354 -0.055418983
 endloop
endfacet
facet normal -0.37415147 -4.4666515e-07 0.92736757
 outer loop
  vertex -0.06463428 0.075514324 -0.035545018
  vertex -0.11389364 0.059636354 -0.055418983
  vertex -0.06463426 0.07060761 -0.035545014
 endloop
endfacet
facet normal -0.25380564 -1.0456193e-07 0.96725523
 outer loop
  vertex -0.11389364 0.059636354 -0.055418983
  vertex -0.11613088 0.061949395 -0.05600603
  vertex -0.13789538 0.03180312 -0.06171699
 endloop
endfacet
facet normal -0.25380632 4.87361e-07 0.967255
 outer loop
  vertex -0.11389364 0.059636354 -0.055418983
  vertex -0.13789538 0.03180312 -0.06171699
  vertex -0.13515523 0.030167554 -0.060997978
 endloop
endfacet
facet normal -0.2538061 8.6997625e-07 0.9672551
 outer loop
  vertex -0.13515523 0.030167554 -0.060997978
  vertex -0.13789538 0.03180312 -0.06171699
  vertex -0.1440537 -0.00050134957 -0.06333289
 endloop
endfacet
facet normal -0.25380585 7.9325986e-07 0.9672552
 outer loop
  vertex -0.13515523 0.030167554 -0.060997978
  vertex -0.1440537 -0.00050134957 -0.06333289
  vertex -0.1408897 -0.00050134957 -0.06250267
 endloop
endfacet
facet normal -0.25380516 -2.3956952e-07 0.96725535
 outer loop
  vertex -0.1440537 -0.00050134957 -0.06333289
  vertex -0.13570595 -0.03371124 -0.061142474
  vertex -0.13296579 -0.032075673 -0.060423464
 endloop
endfacet
facet normal -0.2538059 -4.93128e-07 0.9672552
 outer loop
  vertex -0.1440537 -0.00050134957 -0.06333289
  vertex -0.13296579 -0.032075673 -0.060423464
  vertex -0.1408897 -0.00050134957 -0.06250267
 endloop
endfacet
facet normal -0.2538071 -1.2310232e-06 0.9672548
 outer loop
  vertex -0.13570595 -0.03371124 -0.061142474
  vertex -0.11175206 -0.06612106 -0.05485703
  vertex -0.109514765 -0.06380801 -0.054269962
 endloop
endfacet
facet normal -0.25380543 3.3698143e-07 0.9672553
 outer loop
  vertex -0.13570595 -0.03371124 -0.061142474
  vertex -0.109514765 -0.06380801 -0.054269962
  vertex -0.13296579 -0.032075673 -0.060423464
 endloop
endfacet
facet normal -0.25380272 -1.7077981e-06 0.967256
 outer loop
  vertex -0.11836822 0.064262435 -0.056593113
  vertex -0.14200556 0.034256473 -0.062795475
  vertex -0.13789538 0.03180312 -0.06171699
 endloop
endfacet
facet normal -0.25380808 1.6729456e-06 0.9672546
 outer loop
  vertex -0.11836822 0.064262435 -0.056593113
  vertex -0.13789538 0.03180312 -0.06171699
  vertex -0.11613088 0.061949395 -0.05600603
 endloop
endfacet
facet normal -0.2538022 -8.421377e-07 0.9672561
 outer loop
  vertex -0.13789538 0.03180312 -0.06171699
  vertex -0.14200556 0.034256473 -0.062795475
  vertex -0.14721774 -0.00050134957 -0.06416315
 endloop
endfacet
facet normal -0.25381103 1.8676524e-06 0.9672538
 outer loop
  vertex -0.13789538 0.03180312 -0.06171699
  vertex -0.14721774 -0.00050134957 -0.06416315
  vertex -0.1440537 -0.00050134957 -0.06333289
 endloop
endfacet
facet normal -0.25380394 8.170202e-07 0.9672557
 outer loop
  vertex -0.14721774 -0.00050134957 -0.06416315
  vertex -0.1398161 -0.036164597 -0.06222096
  vertex -0.13570595 -0.03371124 -0.061142474
 endloop
endfacet
facet normal -0.253811 -1.8083613e-06 0.96725386
 outer loop
  vertex -0.14721774 -0.00050134957 -0.06416315
  vertex -0.13570595 -0.03371124 -0.061142474
  vertex -0.1440537 -0.00050134957 -0.06333289
 endloop
endfacet
facet normal -0.25380614 -9.0681755e-07 0.9672551
 outer loop
  vertex -0.1398161 -0.036164597 -0.06222096
  vertex -0.11510801 -0.06959063 -0.05573763
  vertex -0.11175206 -0.06612106 -0.05485703
 endloop
endfacet
facet normal -0.2538041 1.173093e-06 0.9672556
 outer loop
  vertex -0.1398161 -0.036164597 -0.06222096
  vertex -0.11175206 -0.06612106 -0.05485703
  vertex -0.13570595 -0.03371124 -0.061142474
 endloop
endfacet
facet normal -0.33945364 -0.09071629 0.93623817
 outer loop
  vertex -0.06463428 0.08042102 -0.035545018
  vertex -0.121724196 0.06773201 -0.05747371
  vertex -0.11836822 0.064262435 -0.056593113
 endloop
endfacet
facet normal -0.36472642 0 0.9311147
 outer loop
  vertex -0.06463428 0.08042102 -0.035545018
  vertex -0.11836822 0.064262435 -0.056593113
  vertex -0.06463428 0.075514324 -0.035545018
 endloop
endfacet
facet normal -0.25380537 1.2719762e-07 0.96725535
 outer loop
  vertex -0.14200556 0.034256473 -0.062795475
  vertex -0.14748582 0.037527613 -0.06423348
  vertex -0.15354586 -0.000501357 -0.065823615
 endloop
endfacet
facet normal -0.25380138 -1.2878676e-06 0.96725637
 outer loop
  vertex -0.14200556 0.034256473 -0.062795475
  vertex -0.15354586 -0.000501357 -0.065823615
  vertex -0.1503818 -0.000501357 -0.06499339
 endloop
endfacet
facet normal -0.25380522 4.6406714e-07 0.96725535
 outer loop
  vertex -0.14392632 -0.038617954 -0.06329947
  vertex -0.1398161 -0.036164597 -0.06222096
  vertex -0.1503818 -0.000501357 -0.06499339
 endloop
endfacet
facet normal -0.25380138 1.1597944e-06 0.9672563
 outer loop
  vertex -0.14392632 -0.038617954 -0.06329947
  vertex -0.1503818 -0.000501357 -0.06499339
  vertex -0.15354586 -0.000501357 -0.065823615
 endloop
endfacet
facet normal -0.2538055 -4.917725e-07 0.96725535
 outer loop
  vertex -0.14392632 -0.038617954 -0.06329947
  vertex -0.11846398 -0.0730602 -0.05661823
  vertex -0.11510801 -0.06959063 -0.05573763
 endloop
endfacet
facet normal -0.25380495 0 0.9672554
 outer loop
  vertex -0.14392632 -0.038617954 -0.06329947
  vertex -0.11510801 -0.06959063 -0.05573763
  vertex -0.1398161 -0.036164597 -0.06222096
 endloop
endfacet
facet normal -0.33270976 -0.08340515 0.93933374
 outer loop
  vertex -0.06463428 0.0869633 -0.035545018
  vertex -0.12508017 0.07120159 -0.05835432
  vertex -0.121724196 0.06773201 -0.05747371
 endloop
endfacet
facet normal -0.35856658 0 0.93350416
 outer loop
  vertex -0.06463428 0.0869633 -0.035545018
  vertex -0.121724196 0.06773201 -0.05747371
  vertex -0.06463428 0.083692156 -0.035545018
 endloop
endfacet
facet normal -0.25380424 1.6141091e-07 0.96725565
 outer loop
  vertex -0.15670985 -0.000501357 -0.066653825
  vertex -0.14666647 -0.040253535 -0.06401847
  vertex -0.14392632 -0.038617954 -0.06329947
 endloop
endfacet
facet normal -0.25380158 1.0795774e-06 0.96725625
 outer loop
  vertex -0.15670985 -0.000501357 -0.066653825
  vertex -0.14392632 -0.038617954 -0.06329947
  vertex -0.15354586 -0.000501357 -0.065823615
 endloop
endfacet
facet normal -0.2538059 -1.0026203e-06 0.9672552
 outer loop
  vertex -0.14666647 -0.040253535 -0.06401847
  vertex -0.12070126 -0.07537325 -0.05720529
  vertex -0.11846398 -0.0730602 -0.05661823
 endloop
endfacet
facet normal -0.25380436 4.1391462e-07 0.96725553
 outer loop
  vertex -0.14666647 -0.040253535 -0.06401847
  vertex -0.11846398 -0.0730602 -0.05661823
  vertex -0.14392632 -0.038617954 -0.06329947
 endloop
endfacet
facet normal -0.436573 0.45968708 0.7733639
 outer loop
  vertex -0.06463428 0.09023444 -0.035545018
  vertex -0.1270628 0.07375376 -0.060990542
  vertex -0.12508017 0.07120159 -0.05835432
 endloop
endfacet
facet normal -0.35305086 0 0.93560416
 outer loop
  vertex -0.06463428 0.09023444 -0.035545018
  vertex -0.12508017 0.07120159 -0.05835432
  vertex -0.06463428 0.0869633 -0.035545018
 endloop
endfacet
facet normal -0.5781964 0.32420948 0.748717
 outer loop
  vertex -0.12508017 0.07120159 -0.05835432
  vertex -0.1270628 0.07375376 -0.060990542
  vertex -0.151596 0.039980967 -0.065312
 endloop
endfacet
facet normal -0.25380784 2.4293065e-06 0.9672547
 outer loop
  vertex -0.12508017 0.07120159 -0.05835432
  vertex -0.151596 0.039980967 -0.065312
  vertex -0.14748582 0.037527613 -0.06423348
 endloop
endfacet
facet normal -0.25380877 6.78522e-07 0.9672544
 outer loop
  vertex -0.14748582 0.037527613 -0.06423348
  vertex -0.151596 0.039980967 -0.065312
  vertex -0.15987387 -0.000501357 -0.067484096
 endloop
endfacet
facet normal -0.25381643 3.326574e-06 0.96725243
 outer loop
  vertex -0.14748582 0.037527613 -0.06423348
  vertex -0.15987387 -0.000501357 -0.067484096
  vertex -0.15670985 -0.000501357 -0.066653825
 endloop
endfacet
facet normal -0.25381 -8.5257545e-07 0.9672541
 outer loop
  vertex -0.15987387 -0.000501357 -0.067484096
  vertex -0.14940657 -0.041889094 -0.064737484
  vertex -0.14666647 -0.040253535 -0.06401847
 endloop
endfacet
facet normal -0.25381646 -3.1334116e-06 0.9672524
 outer loop
  vertex -0.15987387 -0.000501357 -0.067484096
  vertex -0.14666647 -0.040253535 -0.06401847
  vertex -0.15670985 -0.000501357 -0.066653825
 endloop
endfacet
facet normal -0.5858251 -0.33635223 0.737344
 outer loop
  vertex -0.14940657 -0.041889094 -0.064737484
  vertex -0.12265786 -0.077993706 -0.059955187
  vertex -0.12070126 -0.07537325 -0.05720529
 endloop
endfacet
facet normal -0.25380874 -3.1459283e-06 0.96725446
 outer loop
  vertex -0.14940657 -0.041889094 -0.064737484
  vertex -0.12070126 -0.07537325 -0.05720529
  vertex -0.14666647 -0.040253535 -0.06401847
 endloop
endfacet
facet normal 0.03320524 -0.635204 0.7716303
 outer loop
  vertex -0.10891216 0.05963637 -0.07440314
  vertex -0.09291586 0.020146776 -0.10759923
  vertex -0.07068682 0.027799621 -0.102256
 endloop
endfacet
facet normal -0.11154223 -0.72682524 0.6777046
 outer loop
  vertex -0.10891216 0.05963637 -0.07440314
  vertex -0.07068682 0.027799621 -0.102256
  vertex -0.059652798 0.07060761 -0.054529175
 endloop
endfacet
facet normal -0.86098903 -0.2668551 -0.4329968
 outer loop
  vertex -0.13001195 -0.00067762285 -0.13360892
  vertex -0.117672205 -0.044127658 -0.13136761
  vertex -0.14216563 -0.041441366 -0.084319405
 endloop
endfacet
facet normal 0.8338243 -0.120579004 -0.53870016
 outer loop
  vertex -0.08807912 -0.069709525 -0.12181914
  vertex -0.07067113 -0.035952285 -0.10243027
  vertex -0.070110366 -0.080663055 -0.09155453
 endloop
endfacet
facet normal 0.5406552 -0.06504015 0.8387263
 outer loop
  vertex -0.13590829 -0.00050131977 -0.081486866
  vertex -0.09585828 -0.016949877 -0.10857921
  vertex -0.09291586 0.020146776 -0.10759923
 endloop
endfacet
facet normal 0.563652 -0.1452871 0.8131347
 outer loop
  vertex -0.13590829 -0.00050131977 -0.081486866
  vertex -0.09291586 0.020146776 -0.10759923
  vertex -0.1301738 0.030167583 -0.07998215
 endloop
endfacet
facet normal 0.4431463 -0.4648443 0.76651233
 outer loop
  vertex -0.09291586 0.020146776 -0.10759923
  vertex -0.10891216 0.05963637 -0.07440314
  vertex -0.1301738 0.030167583 -0.07998215
 endloop
endfacet
facet normal -0.62828445 0.71000504 -0.3180431
 outer loop
  vertex -0.12043917 0.038664456 -0.13209362
  vertex -0.14431061 0.03849288 -0.085319355
  vertex -0.09227378 0.06731768 -0.12376754
 endloop
endfacet
facet normal 0.07629102 0.5911789 0.8029241
 outer loop
  vertex -0.07072534 -0.028528363 -0.10244222
  vertex -0.09585828 -0.016949877 -0.10857921
  vertex -0.10453335 -0.06380798 -0.07325414
 endloop
endfacet
facet normal -0.15940098 0.71549624 0.6801886
 outer loop
  vertex -0.07072534 -0.028528363 -0.10244222
  vertex -0.10453335 -0.06380798 -0.07325414
  vertex -0.05965288 -0.07161029 -0.054529168
 endloop
endfacet
facet normal 0.6043822 0.20241655 0.7705516
 outer loop
  vertex -0.13590829 -0.00050131977 -0.081486866
  vertex -0.12798443 -0.032075644 -0.07940767
  vertex -0.09585828 -0.016949877 -0.10857921
 endloop
endfacet
facet normal 0.45428458 0.48112315 0.749764
 outer loop
  vertex -0.12798443 -0.032075644 -0.07940767
  vertex -0.10453335 -0.06380798 -0.07325414
  vertex -0.09585828 -0.016949877 -0.10857921
 endloop
endfacet
facet normal 0.96725535 -0 0.25380525
 outer loop
  vertex -0.060483087 -0.07161029 -0.05136513
  vertex -0.060483087 -0.07488142 -0.05136513
  vertex -0.059652857 -0.07488142 -0.054529145
 endloop
endfacet
facet normal 0.96725744 8.343501e-06 0.25379717
 outer loop
  vertex -0.060483087 -0.07161029 -0.05136513
  vertex -0.059652857 -0.07488142 -0.054529145
  vertex -0.05965288 -0.07161029 -0.054529168
 endloop
endfacet
facet normal 0.9667495 0.0063781994 0.25564572
 outer loop
  vertex -0.05942581 -0.09165737 -0.05523046
  vertex -0.060483094 -0.08633046 -0.051365133
  vertex -0.06464113 -0.0912371 -0.035518683
 endloop
endfacet
facet normal 0.9672559 -1.2466309e-06 0.2538033
 outer loop
  vertex -0.06464113 -0.0912371 -0.035518683
  vertex -0.060483094 -0.08633046 -0.051365133
  vertex -0.061313324 -0.08633046 -0.04820109
 endloop
endfacet
facet normal 0.96725655 -8.556447e-06 0.25380066
 outer loop
  vertex -0.06464113 -0.0912371 -0.035518683
  vertex -0.061313324 -0.08633046 -0.04820109
  vertex -0.062143542 -0.08633046 -0.045037057
 endloop
endfacet
facet normal 0.96725345 1.5894615e-05 0.2538124
 outer loop
  vertex -0.062143542 -0.08633046 -0.045037057
  vertex -0.0629738 -0.08633046 -0.041873038
  vertex -0.06464113 -0.0912371 -0.035518683
 endloop
endfacet
facet normal 0.96725667 -1.1899667e-06 0.25380006
 outer loop
  vertex -0.06464113 -0.0912371 -0.035518683
  vertex -0.0629738 -0.08633046 -0.041873038
  vertex -0.063804016 -0.08633046 -0.038708996
 endloop
endfacet
facet normal 0.96725535 0 0.25380525
 outer loop
  vertex -0.060483087 -0.07815257 -0.05136513
  vertex -0.059652857 -0.07815257 -0.054529145
  vertex -0.059652857 -0.07488142 -0.054529145
 endloop
endfacet
facet normal 0.96725535 0 0.25380525
 outer loop
  vertex -0.060483087 -0.07815257 -0.05136513
  vertex -0.059652857 -0.07488142 -0.054529145
  vertex -0.060483087 -0.07488142 -0.05136513
 endloop
endfacet
facet normal 0.9672548 -2.203073e-06 0.2538074
 outer loop
  vertex -0.060483087 -0.07815257 -0.05136513
  vertex -0.060483094 -0.08142373 -0.05136513
  vertex -0.059652857 -0.0814237 -0.054529145
 endloop
endfacet
facet normal 0.96725535 0 0.25380525
 outer loop
  vertex -0.060483087 -0.07815257 -0.05136513
  vertex -0.059652857 -0.0814237 -0.054529145
  vertex -0.059652857 -0.07815257 -0.054529145
 endloop
endfacet
facet normal 0.96456677 -2.0031197e-07 0.2638389
 outer loop
  vertex -0.060483094 -0.08142373 -0.05136513
  vertex -0.060483094 -0.08633046 -0.051365133
  vertex -0.05942581 -0.09165737 -0.05523046
 endloop
endfacet
facet normal 0.96724683 0.004066454 0.2538053
 outer loop
  vertex -0.060483094 -0.08142373 -0.05136513
  vertex -0.05942581 -0.09165737 -0.05523046
  vertex -0.059652857 -0.0814237 -0.054529145
 endloop
endfacet
facet normal 0.96725464 0 0.2538078
 outer loop
  vertex -0.06131333 -0.07488142 -0.04820109
  vertex -0.060483087 -0.07488142 -0.05136513
  vertex -0.060483087 -0.07161029 -0.05136513
 endloop
endfacet
facet normal 0.96725464 0 0.2538078
 outer loop
  vertex -0.06131333 -0.07488142 -0.04820109
  vertex -0.060483087 -0.07161029 -0.05136513
  vertex -0.06131333 -0.07161029 -0.04820109
 endloop
endfacet
facet normal 0.96725464 0 0.25380784
 outer loop
  vertex -0.06131333 -0.07815257 -0.04820109
  vertex -0.060483087 -0.07815257 -0.05136513
  vertex -0.060483087 -0.07488142 -0.05136513
 endloop
endfacet
facet normal 0.96725464 0 0.25380784
 outer loop
  vertex -0.06131333 -0.07815257 -0.04820109
  vertex -0.060483087 -0.07488142 -0.05136513
  vertex -0.06131333 -0.07488142 -0.04820109
 endloop
endfacet
facet normal 0.9672552 -2.203074e-06 0.2538057
 outer loop
  vertex -0.06131333 -0.08142373 -0.04820109
  vertex -0.060483094 -0.08142373 -0.05136513
  vertex -0.060483087 -0.07815257 -0.05136513
 endloop
endfacet
facet normal 0.96725464 0 0.25380784
 outer loop
  vertex -0.06131333 -0.08142373 -0.04820109
  vertex -0.060483087 -0.07815257 -0.05136513
  vertex -0.06131333 -0.07815257 -0.04820109
 endloop
endfacet
facet normal 0.9672559 -1.9269274e-07 0.2538033
 outer loop
  vertex -0.061313324 -0.08633046 -0.04820109
  vertex -0.060483094 -0.08633046 -0.051365133
  vertex -0.060483094 -0.08142373 -0.05136513
 endloop
endfacet
facet normal 0.96725523 1.4590989e-06 0.2538057
 outer loop
  vertex -0.061313324 -0.08633046 -0.04820109
  vertex -0.060483094 -0.08142373 -0.05136513
  vertex -0.06131333 -0.08142373 -0.04820109
 endloop
endfacet
facet normal 0.9672552 0 0.25380573
 outer loop
  vertex -0.062143564 -0.07488142 -0.04503707
  vertex -0.06131333 -0.07488142 -0.04820109
  vertex -0.06131333 -0.07161029 -0.04820109
 endloop
endfacet
facet normal 0.9672552 0 0.25380573
 outer loop
  vertex -0.062143564 -0.07488142 -0.04503707
  vertex -0.06131333 -0.07161029 -0.04820109
  vertex -0.062143564 -0.07161029 -0.04503707
 endloop
endfacet
facet normal 0.96725523 0 0.25380576
 outer loop
  vertex -0.062143564 -0.07815257 -0.04503707
  vertex -0.06131333 -0.07815257 -0.04820109
  vertex -0.06131333 -0.07488142 -0.04820109
 endloop
endfacet
facet normal 0.96725523 0 0.25380576
 outer loop
  vertex -0.062143564 -0.07815257 -0.04503707
  vertex -0.06131333 -0.07488142 -0.04820109
  vertex -0.062143564 -0.07488142 -0.04503707
 endloop
endfacet
facet normal 0.96725523 0 0.25380576
 outer loop
  vertex -0.062143564 -0.08142373 -0.04503707
  vertex -0.06131333 -0.08142373 -0.04820109
  vertex -0.06131333 -0.07815257 -0.04820109
 endloop
endfacet
facet normal 0.96725523 0 0.25380576
 outer loop
  vertex -0.062143564 -0.08142373 -0.04503707
  vertex -0.06131333 -0.07815257 -0.04820109
  vertex -0.062143564 -0.07815257 -0.04503707
 endloop
endfacet
facet normal 0.9672566 1.4687225e-06 0.25380066
 outer loop
  vertex -0.062143542 -0.08633046 -0.045037057
  vertex -0.061313324 -0.08633046 -0.04820109
  vertex -0.06131333 -0.08142373 -0.04820109
 endloop
endfacet
facet normal 0.9672553 4.986459e-06 0.2538058
 outer loop
  vertex -0.062143542 -0.08633046 -0.045037057
  vertex -0.06131333 -0.08142373 -0.04820109
  vertex -0.062143564 -0.08142373 -0.04503707
 endloop
endfacet
facet normal 0.96725535 0 0.2538052
 outer loop
  vertex -0.0629738 -0.07488142 -0.041873038
  vertex -0.062143564 -0.07488142 -0.04503707
  vertex -0.062143564 -0.07161029 -0.04503707
 endloop
endfacet
facet normal 0.96725535 0 0.2538052
 outer loop
  vertex -0.0629738 -0.07488142 -0.041873038
  vertex -0.062143564 -0.07161029 -0.04503707
  vertex -0.0629738 -0.07161029 -0.041873038
 endloop
endfacet
facet normal 0.9672554 0 0.2538052
 outer loop
  vertex -0.0629738 -0.07815257 -0.041873038
  vertex -0.062143564 -0.07815257 -0.04503707
  vertex -0.062143564 -0.07488142 -0.04503707
 endloop
endfacet
facet normal 0.9672554 0 0.2538052
 outer loop
  vertex -0.0629738 -0.07815257 -0.041873038
  vertex -0.062143564 -0.07488142 -0.04503707
  vertex -0.0629738 -0.07488142 -0.041873038
 endloop
endfacet
facet normal 0.96725535 0 0.25380522
 outer loop
  vertex -0.0629738 -0.08142373 -0.041873038
  vertex -0.062143564 -0.08142373 -0.04503707
  vertex -0.062143564 -0.07815257 -0.04503707
 endloop
endfacet
facet normal 0.96725535 0 0.25380522
 outer loop
  vertex -0.0629738 -0.08142373 -0.041873038
  vertex -0.062143564 -0.07815257 -0.04503707
  vertex -0.0629738 -0.07815257 -0.041873038
 endloop
endfacet
facet normal 0.9672535 -0 0.25381243
 outer loop
  vertex -0.0629738 -0.08142373 -0.041873038
  vertex -0.0629738 -0.08633046 -0.041873038
  vertex -0.062143542 -0.08633046 -0.045037057
 endloop
endfacet
facet normal 0.96725535 4.9842447e-06 0.2538052
 outer loop
  vertex -0.0629738 -0.08142373 -0.041873038
  vertex -0.062143542 -0.08633046 -0.045037057
  vertex -0.062143564 -0.08142373 -0.04503707
 endloop
endfacet
facet normal 0.9672559 0 0.25380337
 outer loop
  vertex -0.06380402 -0.07488142 -0.03870901
  vertex -0.0629738 -0.07488142 -0.041873038
  vertex -0.0629738 -0.07161029 -0.041873038
 endloop
endfacet
facet normal 0.9672559 0 0.25380337
 outer loop
  vertex -0.06380402 -0.07488142 -0.03870901
  vertex -0.0629738 -0.07161029 -0.041873038
  vertex -0.06380402 -0.07161029 -0.03870901
 endloop
endfacet
facet normal 0.96725583 0 0.25380337
 outer loop
  vertex -0.06380402 -0.07815257 -0.03870901
  vertex -0.0629738 -0.07815257 -0.041873038
  vertex -0.0629738 -0.07488142 -0.041873038
 endloop
endfacet
facet normal 0.96725583 0 0.25380337
 outer loop
  vertex -0.06380402 -0.07815257 -0.03870901
  vertex -0.0629738 -0.07488142 -0.041873038
  vertex -0.06380402 -0.07488142 -0.03870901
 endloop
endfacet
facet normal 0.96725583 -0 0.25380334
 outer loop
  vertex -0.06380402 -0.07815257 -0.03870901
  vertex -0.06380402 -0.08142373 -0.03870901
  vertex -0.0629738 -0.08142373 -0.041873038
 endloop
endfacet
facet normal 0.96725583 0 0.25380334
 outer loop
  vertex -0.06380402 -0.07815257 -0.03870901
  vertex -0.0629738 -0.08142373 -0.041873038
  vertex -0.0629738 -0.07815257 -0.041873038
 endloop
endfacet
facet normal 0.96725667 2.2394838e-06 0.2538001
 outer loop
  vertex -0.06380402 -0.08142373 -0.03870901
  vertex -0.063804016 -0.08633046 -0.038708996
  vertex -0.0629738 -0.08633046 -0.041873038
 endloop
endfacet
facet normal 0.9672558 0 0.25380334
 outer loop
  vertex -0.06380402 -0.08142373 -0.03870901
  vertex -0.0629738 -0.08633046 -0.041873038
  vertex -0.0629738 -0.08142373 -0.041873038
 endloop
endfacet
facet normal 0.9672571 0 0.2537988
 outer loop
  vertex -0.06463423 -0.07488142 -0.03554498
  vertex -0.06380402 -0.07488142 -0.03870901
  vertex -0.06380402 -0.07161029 -0.03870901
 endloop
endfacet
facet normal 0.9672571 0 0.2537988
 outer loop
  vertex -0.06463423 -0.07488142 -0.03554498
  vertex -0.06380402 -0.07161029 -0.03870901
  vertex -0.06463423 -0.07161029 -0.03554498
 endloop
endfacet
facet normal 0.967257 0 0.25379878
 outer loop
  vertex -0.06463423 -0.07815257 -0.03554498
  vertex -0.06380402 -0.07815257 -0.03870901
  vertex -0.06380402 -0.07488142 -0.03870901
 endloop
endfacet
facet normal 0.967257 0 0.25379878
 outer loop
  vertex -0.06463423 -0.07815257 -0.03554498
  vertex -0.06380402 -0.07488142 -0.03870901
  vertex -0.06463423 -0.07488142 -0.03554498
 endloop
endfacet
facet normal 0.96725595 0 0.25380307
 outer loop
  vertex -0.06463425 -0.08142373 -0.03554498
  vertex -0.06380402 -0.08142373 -0.03870901
  vertex -0.06380402 -0.07815257 -0.03870901
 endloop
endfacet
facet normal 0.967257 -4.4198e-06 0.2537988
 outer loop
  vertex -0.06463425 -0.08142373 -0.03554498
  vertex -0.06380402 -0.07815257 -0.03870901
  vertex -0.06463423 -0.07815257 -0.03554498
 endloop
endfacet
facet normal 0.9672551 -0 0.25380632
 outer loop
  vertex -0.06463425 -0.08142373 -0.03554498
  vertex -0.06463425 -0.08633046 -0.03554498
  vertex -0.063804016 -0.08633046 -0.038708996
 endloop
endfacet
facet normal 0.9672559 2.2394918e-06 0.25380307
 outer loop
  vertex -0.06463425 -0.08142373 -0.03554498
  vertex -0.063804016 -0.08633046 -0.038708996
  vertex -0.06380402 -0.08142373 -0.03870901
 endloop
endfacet
facet normal 0.1546761 0.9871313 0.040585216
 outer loop
  vertex -0.105363615 -0.06380798 -0.070090115
  vertex -0.060483087 -0.07161029 -0.05136513
  vertex -0.05965288 -0.07161029 -0.054529168
 endloop
endfacet
facet normal 0.15467517 0.9871313 0.040588036
 outer loop
  vertex -0.105363615 -0.06380798 -0.070090115
  vertex -0.05965288 -0.07161029 -0.054529168
  vertex -0.10453335 -0.06380798 -0.07325414
 endloop
endfacet
facet normal 0.15467535 0.98713124 0.040586844
 outer loop
  vertex -0.10619388 -0.06380798 -0.06692608
  vertex -0.06131333 -0.07161029 -0.04820109
  vertex -0.060483087 -0.07161029 -0.05136513
 endloop
endfacet
facet normal 0.1546751 0.9871313 0.040587828
 outer loop
  vertex -0.10619388 -0.06380798 -0.06692608
  vertex -0.060483087 -0.07161029 -0.05136513
  vertex -0.105363615 -0.06380798 -0.070090115
 endloop
endfacet
facet normal 0.15467554 0.9871313 0.040586542
 outer loop
  vertex -0.107439205 -0.06380798 -0.062180042
  vertex -0.062143564 -0.07161029 -0.04503707
  vertex -0.06131333 -0.07161029 -0.04820109
 endloop
endfacet
facet normal 0.15467574 0.98713124 0.040585876
 outer loop
  vertex -0.107439205 -0.06380798 -0.062180042
  vertex -0.06131333 -0.07161029 -0.04820109
  vertex -0.10619388 -0.06380798 -0.06692608
 endloop
endfacet
facet normal 0.15467577 0.9871313 0.04058619
 outer loop
  vertex -0.108684525 -0.06380798 -0.057433993
  vertex -0.06380402 -0.07161029 -0.03870901
  vertex -0.0629738 -0.07161029 -0.041873038
 endloop
endfacet
facet normal 0.154676 0.9871313 0.040585574
 outer loop
  vertex -0.108684525 -0.06380798 -0.057433993
  vertex -0.0629738 -0.07161029 -0.041873038
  vertex -0.107439205 -0.06380798 -0.062180042
 endloop
endfacet
facet normal 0.197172 -0.97900254 0.051741358
 outer loop
  vertex -0.109742455 0.05963637 -0.07123912
  vertex -0.10891216 0.05963637 -0.07440314
  vertex -0.059652798 0.07060761 -0.054529175
 endloop
endfacet
facet normal 0.1971726 -0.9790026 0.051739596
 outer loop
  vertex -0.109742455 0.05963637 -0.07123912
  vertex -0.059652798 0.07060761 -0.054529175
  vertex -0.06048306 0.07060761 -0.051365156
 endloop
endfacet
facet normal 0.7753207 -0.5979047 0.20343973
 outer loop
  vertex -0.109742455 0.05963637 -0.07123912
  vertex -0.13100404 0.030167568 -0.07681812
  vertex -0.1301738 0.030167583 -0.07998215
 endloop
endfacet
facet normal 0.77531546 -0.59790593 0.20345615
 outer loop
  vertex -0.109742455 0.05963637 -0.07123912
  vertex -0.1301738 0.030167583 -0.07998215
  vertex -0.10891216 0.05963637 -0.07440314
 endloop
endfacet
facet normal 0.9496718 -0.18979755 0.24919924
 outer loop
  vertex -0.13100404 0.030167568 -0.07681812
  vertex -0.13673855 -0.0005013272 -0.07832283
  vertex -0.13590829 -0.00050131977 -0.081486866
 endloop
endfacet
facet normal 0.949674 -0.18979672 0.24919161
 outer loop
  vertex -0.13100404 0.030167568 -0.07681812
  vertex -0.13590829 -0.00050131977 -0.081486866
  vertex -0.1301738 0.030167583 -0.07998215
 endloop
endfacet
facet normal 0.93626 0.25114202 0.24565214
 outer loop
  vertex -0.13673855 -0.0005013272 -0.07832283
  vertex -0.12881461 -0.032075644 -0.07624361
  vertex -0.12798443 -0.032075644 -0.07940767
 endloop
endfacet
facet normal 0.9362536 0.2511393 0.2456792
 outer loop
  vertex -0.13673855 -0.0005013272 -0.07832283
  vertex -0.12798443 -0.032075644 -0.07940767
  vertex -0.13590829 -0.00050131977 -0.081486866
 endloop
endfacet
facet normal 0.7685905 0.60711795 0.20168379
 outer loop
  vertex -0.12881461 -0.032075644 -0.07624361
  vertex -0.105363615 -0.06380798 -0.070090115
  vertex -0.10453335 -0.06380798 -0.07325414
 endloop
endfacet
facet normal 0.76859534 0.6071195 0.20166087
 outer loop
  vertex -0.12881461 -0.032075644 -0.07624361
  vertex -0.10453335 -0.06380798 -0.07325414
  vertex -0.12798443 -0.032075644 -0.07940767
 endloop
endfacet
facet normal 0.19717427 -0.9790025 0.05173533
 outer loop
  vertex -0.11057264 0.05963637 -0.0680751
  vertex -0.109742455 0.05963637 -0.07123912
  vertex -0.06048306 0.07060761 -0.051365156
 endloop
endfacet
facet normal 0.1971734 -0.97900254 0.051737998
 outer loop
  vertex -0.11057264 0.05963637 -0.0680751
  vertex -0.06048306 0.07060761 -0.051365156
  vertex -0.061313298 0.07060761 -0.048201125
 endloop
endfacet
facet normal 0.77531964 -0.59790546 0.20344177
 outer loop
  vertex -0.11057264 0.05963637 -0.0680751
  vertex -0.13183427 0.030167568 -0.07365409
  vertex -0.13100404 0.030167568 -0.07681812
 endloop
endfacet
facet normal 0.77532274 -0.59790474 0.20343186
 outer loop
  vertex -0.11057264 0.05963637 -0.0680751
  vertex -0.13100404 0.030167568 -0.07681812
  vertex -0.109742455 0.05963637 -0.07123912
 endloop
endfacet
facet normal 0.9496747 -0.18979755 0.2491882
 outer loop
  vertex -0.13756877 -0.0005013272 -0.075158805
  vertex -0.13673855 -0.0005013272 -0.07832283
  vertex -0.13100404 0.030167568 -0.07681812
 endloop
endfacet
facet normal 0.9496739 -0.1897972 0.24919187
 outer loop
  vertex -0.13756877 -0.0005013272 -0.075158805
  vertex -0.13100404 0.030167568 -0.07681812
  vertex -0.13183427 0.030167568 -0.07365409
 endloop
endfacet
facet normal 0.9362528 0.25114202 0.2456796
 outer loop
  vertex -0.12964487 -0.032075644 -0.073079586
  vertex -0.12881461 -0.032075644 -0.07624361
  vertex -0.13673855 -0.0005013272 -0.07832283
 endloop
endfacet
facet normal 0.93625635 0.2511408 0.24566732
 outer loop
  vertex -0.12964487 -0.032075644 -0.073079586
  vertex -0.13673855 -0.0005013272 -0.07832283
  vertex -0.13756877 -0.0005013272 -0.075158805
 endloop
endfacet
facet normal 0.7685905 0.60711807 0.20168379
 outer loop
  vertex -0.12881461 -0.032075644 -0.07624361
  vertex -0.12964487 -0.032075644 -0.073079586
  vertex -0.10619388 -0.06380798 -0.06692608
 endloop
endfacet
facet normal 0.76859075 0.607118 0.20168291
 outer loop
  vertex -0.12881461 -0.032075644 -0.07624361
  vertex -0.10619388 -0.06380798 -0.06692608
  vertex -0.105363615 -0.06380798 -0.070090115
 endloop
endfacet
facet normal 0.1971732 -0.9790024 0.05173824
 outer loop
  vertex -0.061313298 0.07060761 -0.048201125
  vertex -0.06214354 0.07060761 -0.0450371
  vertex -0.11140291 0.05963637 -0.06491107
 endloop
endfacet
facet normal 0.1971728 -0.9790025 0.05173947
 outer loop
  vertex -0.061313298 0.07060761 -0.048201125
  vertex -0.11140291 0.05963637 -0.06491107
  vertex -0.11057264 0.05963637 -0.0680751
 endloop
endfacet
facet normal 0.77531767 -0.59790546 0.20344904
 outer loop
  vertex -0.11140291 0.05963637 -0.06491107
  vertex -0.13266453 0.030167568 -0.07049007
  vertex -0.13183427 0.030167568 -0.07365409
 endloop
endfacet
facet normal 0.7753178 -0.59790546 0.20344849
 outer loop
  vertex -0.11140291 0.05963637 -0.06491107
  vertex -0.13183427 0.030167568 -0.07365409
  vertex -0.11057264 0.05963637 -0.0680751
 endloop
endfacet
facet normal 0.94967175 -0.18979582 0.24920084
 outer loop
  vertex -0.13183427 0.030167568 -0.07365409
  vertex -0.13266453 0.030167568 -0.07049007
  vertex -0.13839899 -0.0005013272 -0.07199478
 endloop
endfacet
facet normal 0.9496748 -0.18979718 0.24918821
 outer loop
  vertex -0.13183427 0.030167568 -0.07365409
  vertex -0.13839899 -0.0005013272 -0.07199478
  vertex -0.13756877 -0.0005013272 -0.075158805
 endloop
endfacet
facet normal 0.9362559 0.25114056 0.24566928
 outer loop
  vertex -0.13839899 -0.0005013272 -0.07199478
  vertex -0.1304751 -0.032075644 -0.06991553
  vertex -0.12964487 -0.032075644 -0.073079586
 endloop
endfacet
facet normal 0.9362563 0.25114077 0.24566744
 outer loop
  vertex -0.13839899 -0.0005013272 -0.07199478
  vertex -0.12964487 -0.032075644 -0.073079586
  vertex -0.13756877 -0.0005013272 -0.075158805
 endloop
endfacet
facet normal 0.7685931 0.6071181 0.20167361
 outer loop
  vertex -0.1304751 -0.032075644 -0.06991553
  vertex -0.107439205 -0.06380798 -0.062180042
  vertex -0.10619388 -0.06380798 -0.06692608
 endloop
endfacet
facet normal 0.7685927 0.60711807 0.20167537
 outer loop
  vertex -0.1304751 -0.032075644 -0.06991553
  vertex -0.10619388 -0.06380798 -0.06692608
  vertex -0.12964487 -0.032075644 -0.073079586
 endloop
endfacet
facet normal 0.19717358 -0.9790025 0.051737644
 outer loop
  vertex -0.06214354 0.07060761 -0.0450371
  vertex -0.06297377 0.07060761 -0.04187307
  vertex -0.11223314 0.059636362 -0.061747044
 endloop
endfacet
facet normal 0.19717418 -0.9790024 0.051735785
 outer loop
  vertex -0.06214354 0.07060761 -0.0450371
  vertex -0.11223314 0.059636362 -0.061747044
  vertex -0.11140291 0.05963637 -0.06491107
 endloop
endfacet
facet normal 0.775321 -0.5979039 0.2034412
 outer loop
  vertex -0.11140291 0.05963637 -0.06491107
  vertex -0.11223314 0.059636362 -0.061747044
  vertex -0.13349468 0.030167568 -0.06732602
 endloop
endfacet
facet normal 0.77532536 -0.59790546 0.20341994
 outer loop
  vertex -0.11140291 0.05963637 -0.06491107
  vertex -0.13349468 0.030167568 -0.06732602
  vertex -0.13266453 0.030167568 -0.07049007
 endloop
endfacet
facet normal 0.9496742 -0.18979846 0.24918973
 outer loop
  vertex -0.13349468 0.030167568 -0.06732602
  vertex -0.13922922 -0.00050133467 -0.06883073
  vertex -0.13839899 -0.0005013272 -0.07199478
 endloop
endfacet
facet normal 0.94968116 -0.18979585 0.24916524
 outer loop
  vertex -0.13349468 0.030167568 -0.06732602
  vertex -0.13839899 -0.0005013272 -0.07199478
  vertex -0.13266453 0.030167568 -0.07049007
 endloop
endfacet
facet normal 0.9362536 0.2511397 0.2456789
 outer loop
  vertex -0.13922922 -0.00050133467 -0.06883073
  vertex -0.13130535 -0.03207566 -0.06675154
  vertex -0.1304751 -0.032075644 -0.06991553
 endloop
endfacet
facet normal 0.9362557 0.25114056 0.2456699
 outer loop
  vertex -0.13922922 -0.00050133467 -0.06883073
  vertex -0.1304751 -0.032075644 -0.06991553
  vertex -0.13839899 -0.0005013272 -0.07199478
 endloop
endfacet
facet normal 0.1971746 -0.9790025 0.05173518
 outer loop
  vertex -0.113063365 0.059636354 -0.058583006
  vertex -0.11223314 0.059636362 -0.061747044
  vertex -0.06297377 0.07060761 -0.04187307
 endloop
endfacet
facet normal 0.1971734 -0.9790025 0.051738694
 outer loop
  vertex -0.113063365 0.059636354 -0.058583006
  vertex -0.06297377 0.07060761 -0.04187307
  vertex -0.063804016 0.07060761 -0.03870904
 endloop
endfacet
facet normal 0.7753139 -0.5979057 0.20346269
 outer loop
  vertex -0.113063365 0.059636354 -0.058583006
  vertex -0.134325 0.030167561 -0.064162016
  vertex -0.13349468 0.030167568 -0.06732602
 endloop
endfacet
facet normal 0.77532166 -0.597904 0.2034383
 outer loop
  vertex -0.113063365 0.059636354 -0.058583006
  vertex -0.13349468 0.030167568 -0.06732602
  vertex -0.11223314 0.059636362 -0.061747044
 endloop
endfacet
facet normal 0.9496719 -0.18979645 0.24919984
 outer loop
  vertex -0.134325 0.030167561 -0.064162016
  vertex -0.14005949 -0.0005013421 -0.0656667
  vertex -0.13922922 -0.00050133467 -0.06883073
 endloop
endfacet
facet normal 0.9496666 -0.18979846 0.24921867
 outer loop
  vertex -0.134325 0.030167561 -0.064162016
  vertex -0.13922922 -0.00050133467 -0.06883073
  vertex -0.13349468 0.030167568 -0.06732602
 endloop
endfacet
facet normal 0.9362555 0.2511406 0.24567035
 outer loop
  vertex -0.14005949 -0.0005013421 -0.0656667
  vertex -0.13213558 -0.03207566 -0.0635875
  vertex -0.13130535 -0.03207566 -0.06675154
 endloop
endfacet
facet normal 0.93625337 0.25113967 0.2456797
 outer loop
  vertex -0.14005949 -0.0005013421 -0.0656667
  vertex -0.13130535 -0.03207566 -0.06675154
  vertex -0.13922922 -0.00050133467 -0.06883073
 endloop
endfacet
facet normal 0.7685929 0.60711896 0.20167173
 outer loop
  vertex -0.108684525 -0.06380798 -0.057433993
  vertex -0.107439205 -0.06380798 -0.062180042
  vertex -0.13130535 -0.03207566 -0.06675154
 endloop
endfacet
facet normal 0.7685916 0.60711926 0.20167588
 outer loop
  vertex -0.108684525 -0.06380798 -0.057433993
  vertex -0.13130535 -0.03207566 -0.06675154
  vertex -0.13213558 -0.03207566 -0.0635875
 endloop
endfacet
facet normal 0.19717269 -0.9790025 0.051740486
 outer loop
  vertex -0.11389364 0.059636354 -0.055418983
  vertex -0.113063365 0.059636354 -0.058583006
  vertex -0.063804016 0.07060761 -0.03870904
 endloop
endfacet
facet normal 0.19717327 -0.97900254 0.051738724
 outer loop
  vertex -0.11389364 0.059636354 -0.055418983
  vertex -0.063804016 0.07060761 -0.03870904
  vertex -0.06463426 0.07060761 -0.035545014
 endloop
endfacet
facet normal 0.77532053 -0.59790474 0.20344013
 outer loop
  vertex -0.11389364 0.059636354 -0.055418983
  vertex -0.13515523 0.030167554 -0.060997978
  vertex -0.134325 0.030167561 -0.064162016
 endloop
endfacet
facet normal 0.7753166 -0.5979057 0.20345251
 outer loop
  vertex -0.11389364 0.059636354 -0.055418983
  vertex -0.134325 0.030167561 -0.064162016
  vertex -0.113063365 0.059636354 -0.058583006
 endloop
endfacet
facet normal 0.9496753 -0.18979606 0.2491873
 outer loop
  vertex -0.13515523 0.030167554 -0.060997978
  vertex -0.1408897 -0.00050134957 -0.06250267
  vertex -0.14005949 -0.0005013421 -0.0656667
 endloop
endfacet
facet normal 0.9496743 -0.18979645 0.24919096
 outer loop
  vertex -0.13515523 0.030167554 -0.060997978
  vertex -0.14005949 -0.0005013421 -0.0656667
  vertex -0.134325 0.030167561 -0.064162016
 endloop
endfacet
facet normal 0.9362573 0.25114104 0.24566318
 outer loop
  vertex -0.1408897 -0.00050134957 -0.06250267
  vertex -0.13296579 -0.032075673 -0.060423464
  vertex -0.13213558 -0.03207566 -0.0635875
 endloop
endfacet
facet normal 0.93625635 0.25114062 0.24566746
 outer loop
  vertex -0.1408897 -0.00050134957 -0.06250267
  vertex -0.13213558 -0.03207566 -0.0635875
  vertex -0.14005949 -0.0005013421 -0.0656667
 endloop
endfacet
facet normal 0.7685902 0.6071185 0.20168352
 outer loop
  vertex -0.13296579 -0.032075673 -0.060423464
  vertex -0.109514765 -0.06380801 -0.054269962
  vertex -0.108684525 -0.06380798 -0.057433993
 endloop
endfacet
facet normal 0.76859266 0.60711926 0.2016721
 outer loop
  vertex -0.13296579 -0.032075673 -0.060423464
  vertex -0.108684525 -0.06380798 -0.057433993
  vertex -0.13213558 -0.03207566 -0.0635875
 endloop
endfacet
facet normal -0.9228283 -0.2995854 -0.24215007
 outer loop
  vertex -0.15572271 -0.00050133467 -0.083304256
  vertex -0.15489247 -0.0005013272 -0.086468264
  vertex -0.14216563 -0.041441366 -0.084319405
 endloop
endfacet
facet normal -0.7386943 -0.22889443 -0.6339858
 outer loop
  vertex -0.15572271 -0.00050133467 -0.083304256
  vertex -0.14216563 -0.041441366 -0.084319405
  vertex -0.14525545 -0.04188908 -0.08055764
 endloop
endfacet
facet normal -0.20863436 -0.9773899 -0.034361485
 outer loop
  vertex -0.05942581 -0.09165737 -0.05523046
  vertex -0.06464113 -0.0912371 -0.035518683
  vertex -0.12265786 -0.077993706 -0.059955187
 endloop
endfacet
facet normal -0.94633955 0.2068321 -0.24831821
 outer loop
  vertex -0.15489247 -0.0005013272 -0.086468264
  vertex -0.15572271 -0.00050133467 -0.083304256
  vertex -0.14744484 0.039980985 -0.08113215
 endloop
endfacet
facet normal -0.74184155 0.21997792 -0.63346726
 outer loop
  vertex -0.15489247 -0.0005013272 -0.086468264
  vertex -0.14744484 0.039980985 -0.08113215
  vertex -0.14431061 0.03849288 -0.085319355
 endloop
endfacet
facet normal -0.93579173 -0.25296503 -0.2455657
 outer loop
  vertex -0.156553 -0.00050133467 -0.08014021
  vertex -0.15572271 -0.00050133467 -0.083304256
  vertex -0.14525545 -0.04188908 -0.08055764
 endloop
endfacet
facet normal -0.93579954 -0.25296748 -0.24553365
 outer loop
  vertex -0.156553 -0.00050133467 -0.08014021
  vertex -0.14525545 -0.04188908 -0.08055764
  vertex -0.14608562 -0.04188908 -0.07739361
 endloop
endfacet
facet normal -0.7737263 -0.6001124 -0.20300911
 outer loop
  vertex -0.14608562 -0.04188908 -0.07739361
  vertex -0.14525545 -0.04188908 -0.08055764
  vertex -0.12265786 -0.077993706 -0.059955187
 endloop
endfacet
facet normal -0.94633543 0.20683345 -0.24833255
 outer loop
  vertex -0.15572271 -0.00050133467 -0.083304256
  vertex -0.156553 -0.00050133467 -0.08014021
  vertex -0.14827508 0.039980978 -0.077968106
 endloop
endfacet
facet normal -0.94634026 0.20683207 -0.24831547
 outer loop
  vertex -0.15572271 -0.00050133467 -0.083304256
  vertex -0.14827508 0.039980978 -0.077968106
  vertex -0.14744484 0.039980985 -0.08113215
 endloop
endfacet
facet normal -0.9357995 -0.25296748 -0.24553363
 outer loop
  vertex -0.15738317 -0.0005013421 -0.07697617
  vertex -0.156553 -0.00050133467 -0.08014021
  vertex -0.14608562 -0.04188908 -0.07739361
 endloop
endfacet
facet normal -0.93579125 -0.25296485 -0.2455679
 outer loop
  vertex -0.15738317 -0.0005013421 -0.07697617
  vertex -0.14608562 -0.04188908 -0.07739361
  vertex -0.14691591 -0.04188908 -0.07422959
 endloop
endfacet
facet normal -0.9463417 0.20683262 -0.24830975
 outer loop
  vertex -0.15738317 -0.0005013421 -0.07697617
  vertex -0.14910528 0.039980978 -0.07480409
  vertex -0.14827508 0.039980978 -0.077968106
 endloop
endfacet
facet normal -0.9463442 0.20683347 -0.2482994
 outer loop
  vertex -0.15738317 -0.0005013421 -0.07697617
  vertex -0.14827508 0.039980978 -0.077968106
  vertex -0.156553 -0.00050133467 -0.08014021
 endloop
endfacet
facet normal -0.93579113 -0.25296617 -0.24556673
 outer loop
  vertex -0.14774615 -0.04188908 -0.07106555
  vertex -0.15821347 -0.0005013421 -0.07381214
  vertex -0.15738317 -0.0005013421 -0.07697617
 endloop
endfacet
facet normal -0.93579596 -0.2529649 -0.24554975
 outer loop
  vertex -0.14774615 -0.04188908 -0.07106555
  vertex -0.15738317 -0.0005013421 -0.07697617
  vertex -0.14691591 -0.04188908 -0.07422959
 endloop
endfacet
facet normal -0.77934146 0.5922925 -0.2044907
 outer loop
  vertex -0.1270628 0.07375376 -0.060990542
  vertex -0.14827508 0.039980978 -0.077968106
  vertex -0.14910528 0.039980978 -0.07480409
 endloop
endfacet
facet normal -0.9463352 0.2068333 -0.24833363
 outer loop
  vertex -0.15738317 -0.0005013421 -0.07697617
  vertex -0.15821347 -0.0005013421 -0.07381214
  vertex -0.14993554 0.039980974 -0.07164006
 endloop
endfacet
facet normal -0.94633764 0.20683263 -0.24832514
 outer loop
  vertex -0.15738317 -0.0005013421 -0.07697617
  vertex -0.14993554 0.039980974 -0.07164006
  vertex -0.14910528 0.039980978 -0.07480409
 endloop
endfacet
facet normal -0.9357994 -0.25296617 -0.24553534
 outer loop
  vertex -0.15904364 -0.0005013421 -0.070648134
  vertex -0.15821347 -0.0005013421 -0.07381214
  vertex -0.14774615 -0.04188908 -0.07106555
 endloop
endfacet
facet normal -0.9357968 -0.25296533 -0.24554616
 outer loop
  vertex -0.15904364 -0.0005013421 -0.070648134
  vertex -0.14774615 -0.04188908 -0.07106555
  vertex -0.14857636 -0.04188908 -0.06790152
 endloop
endfacet
facet normal -0.9463436 0.20683312 -0.24830195
 outer loop
  vertex -0.15821347 -0.0005013421 -0.07381214
  vertex -0.15904364 -0.0005013421 -0.070648134
  vertex -0.15076573 0.03998097 -0.06847603
 endloop
endfacet
facet normal -0.94634295 0.20683332 -0.24830422
 outer loop
  vertex -0.15821347 -0.0005013421 -0.07381214
  vertex -0.15076573 0.03998097 -0.06847603
  vertex -0.14993554 0.039980974 -0.07164006
 endloop
endfacet
facet normal -0.93579763 -0.252966 -0.24554257
 outer loop
  vertex -0.14857636 -0.04188908 -0.06790152
  vertex -0.14940657 -0.041889094 -0.064737484
  vertex -0.15987387 -0.000501357 -0.067484096
 endloop
endfacet
facet normal -0.93579555 -0.2529654 -0.24555086
 outer loop
  vertex -0.14857636 -0.04188908 -0.06790152
  vertex -0.15987387 -0.000501357 -0.067484096
  vertex -0.15904364 -0.0005013421 -0.070648134
 endloop
endfacet
facet normal -0.77934253 0.5922928 -0.20448565
 outer loop
  vertex -0.14993554 0.039980974 -0.07164006
  vertex -0.15076573 0.03998097 -0.06847603
  vertex -0.1270628 0.07375376 -0.060990542
 endloop
endfacet
facet normal -0.77372164 -0.6001157 -0.20301752
 outer loop
  vertex -0.14940657 -0.041889094 -0.064737484
  vertex -0.14857636 -0.04188908 -0.06790152
  vertex -0.12265786 -0.077993706 -0.059955187
 endloop
endfacet
facet normal -0.9463376 0.20683311 -0.24832508
 outer loop
  vertex -0.151596 0.039980967 -0.065312
  vertex -0.15076573 0.03998097 -0.06847603
  vertex -0.15904364 -0.0005013421 -0.070648134
 endloop
endfacet
facet normal -0.94634014 0.20683236 -0.24831554
 outer loop
  vertex -0.151596 0.039980967 -0.065312
  vertex -0.15904364 -0.0005013421 -0.070648134
  vertex -0.15987387 -0.000501357 -0.067484096
 endloop
endfacet
facet normal 0.9672529 0 0.25381455
 outer loop
  vertex -0.06048306 0.07060761 -0.051365156
  vertex -0.059652798 0.07060761 -0.054529175
  vertex -0.059652798 0.07387875 -0.054529175
 endloop
endfacet
facet normal 0.96725285 0 0.25381455
 outer loop
  vertex -0.06048306 0.07060761 -0.051365156
  vertex -0.059652798 0.07387875 -0.054529175
  vertex -0.06048306 0.075514324 -0.051365156
 endloop
endfacet
facet normal -0.77933776 0.59229326 -0.20450278
 outer loop
  vertex -0.15076573 0.03998097 -0.06847603
  vertex -0.151596 0.039980967 -0.065312
  vertex -0.1270628 0.07375376 -0.060990542
 endloop
endfacet
facet normal 0.96725506 0 0.25380626
 outer loop
  vertex -0.061313298 0.07060761 -0.048201125
  vertex -0.06048306 0.07060761 -0.051365156
  vertex -0.06048306 0.075514324 -0.051365156
 endloop
endfacet
facet normal 0.96725506 0 0.25380626
 outer loop
  vertex -0.061313298 0.07060761 -0.048201125
  vertex -0.06048306 0.075514324 -0.051365156
  vertex -0.061313298 0.075514324 -0.048201125
 endloop
endfacet
facet normal 0.9672547 0 0.2538076
 outer loop
  vertex -0.06214354 0.07060761 -0.0450371
  vertex -0.061313298 0.07060761 -0.048201125
  vertex -0.061313298 0.075514324 -0.048201125
 endloop
endfacet
facet normal 0.9672547 0 0.2538076
 outer loop
  vertex -0.06214354 0.07060761 -0.0450371
  vertex -0.061313298 0.075514324 -0.048201125
  vertex -0.06214354 0.075514324 -0.0450371
 endloop
endfacet
facet normal 0.96725553 0 0.25380442
 outer loop
  vertex -0.06297377 0.07060761 -0.04187307
  vertex -0.06214354 0.07060761 -0.0450371
  vertex -0.06214354 0.075514324 -0.0450371
 endloop
endfacet
facet normal 0.96725374 4.7881463e-06 0.25381136
 outer loop
  vertex -0.06297377 0.07060761 -0.04187307
  vertex -0.06214354 0.075514324 -0.0450371
  vertex -0.06297379 0.075514324 -0.04187308
 endloop
endfacet
facet normal 0.9672543 -1.92698e-07 0.25380948
 outer loop
  vertex -0.063804016 0.075514324 -0.038709037
  vertex -0.063804016 0.07060761 -0.03870904
  vertex -0.06297377 0.07060761 -0.04187307
 endloop
endfacet
facet normal 0.9672561 4.791564e-06 0.25380224
 outer loop
  vertex -0.063804016 0.075514324 -0.038709037
  vertex -0.06297377 0.07060761 -0.04187307
  vertex -0.06297379 0.075514324 -0.04187308
 endloop
endfacet
facet normal 0.96725553 -0 0.25380465
 outer loop
  vertex -0.06048307 0.0869633 -0.051365152
  vertex -0.06048307 0.083692156 -0.051365152
  vertex -0.059652835 0.08369218 -0.05452919
 endloop
endfacet
facet normal 0.9676056 0.0013866451 0.25246292
 outer loop
  vertex -0.06048307 0.0869633 -0.051365152
  vertex -0.059652835 0.08369218 -0.05452919
  vertex -0.059425823 0.09015533 -0.05543475
 endloop
endfacet
facet normal 0.9672555 -0 0.25380462
 outer loop
  vertex -0.06048307 0.083692156 -0.051365152
  vertex -0.06048307 0.08042102 -0.051365152
  vertex -0.059652835 0.08042104 -0.05452919
 endloop
endfacet
facet normal 0.9672555 0 0.25380462
 outer loop
  vertex -0.06048307 0.083692156 -0.051365152
  vertex -0.059652835 0.08042104 -0.05452919
  vertex -0.059652835 0.08369218 -0.05452919
 endloop
endfacet
facet normal 0.9672528 1.2760228e-06 0.2538152
 outer loop
  vertex -0.06048307 0.08042102 -0.051365152
  vertex -0.06048306 0.075514324 -0.051365156
  vertex -0.059652798 0.07714989 -0.054529175
 endloop
endfacet
facet normal 0.9672555 1.2171587e-05 0.25380462
 outer loop
  vertex -0.06048307 0.08042102 -0.051365152
  vertex -0.059652798 0.07714989 -0.054529175
  vertex -0.059652835 0.08042104 -0.05452919
 endloop
endfacet
facet normal 0.9672531 0 0.25381368
 outer loop
  vertex -0.06131333 0.083692156 -0.04820112
  vertex -0.06048307 0.083692156 -0.051365152
  vertex -0.06048307 0.0869633 -0.051365152
 endloop
endfacet
facet normal 0.9672531 0 0.25381368
 outer loop
  vertex -0.06131333 0.083692156 -0.04820112
  vertex -0.06048307 0.0869633 -0.051365152
  vertex -0.06131333 0.0869633 -0.04820112
 endloop
endfacet
facet normal 0.9672531 0 0.2538137
 outer loop
  vertex -0.06131333 0.08042102 -0.04820112
  vertex -0.06048307 0.08042102 -0.051365152
  vertex -0.06048307 0.083692156 -0.051365152
 endloop
endfacet
facet normal 0.9672531 0 0.2538137
 outer loop
  vertex -0.06131333 0.08042102 -0.04820112
  vertex -0.06048307 0.083692156 -0.051365152
  vertex -0.06131333 0.083692156 -0.04820112
 endloop
endfacet
facet normal 0.9672531 6.416566e-06 0.2538137
 outer loop
  vertex -0.06048307 0.08042102 -0.051365152
  vertex -0.06131333 0.08042102 -0.04820112
  vertex -0.061313298 0.075514324 -0.048201125
 endloop
endfacet
facet normal 0.96725506 1.2891174e-06 0.25380626
 outer loop
  vertex -0.06048307 0.08042102 -0.051365152
  vertex -0.061313298 0.075514324 -0.048201125
  vertex -0.06048306 0.075514324 -0.051365156
 endloop
endfacet
facet normal 0.9672559 0 0.25380304
 outer loop
  vertex -0.062143557 0.083692156 -0.04503709
  vertex -0.06131333 0.083692156 -0.04820112
  vertex -0.06131333 0.0869633 -0.04820112
 endloop
endfacet
facet normal 0.9672559 0 0.25380304
 outer loop
  vertex -0.062143557 0.083692156 -0.04503709
  vertex -0.06131333 0.0869633 -0.04820112
  vertex -0.062143557 0.0869633 -0.04503709
 endloop
endfacet
facet normal 0.9672559 0 0.25380304
 outer loop
  vertex -0.062143557 0.08042102 -0.04503709
  vertex -0.06131333 0.08042102 -0.04820112
  vertex -0.06131333 0.083692156 -0.04820112
 endloop
endfacet
facet normal 0.9672559 0 0.25380304
 outer loop
  vertex -0.062143557 0.08042102 -0.04503709
  vertex -0.06131333 0.083692156 -0.04820112
  vertex -0.062143557 0.083692156 -0.04503709
 endloop
endfacet
facet normal 0.96725595 3.2864389e-06 0.25380307
 outer loop
  vertex -0.06131333 0.08042102 -0.04820112
  vertex -0.062143557 0.08042102 -0.04503709
  vertex -0.06214354 0.075514324 -0.0450371
 endloop
endfacet
facet normal 0.9672547 6.4172605e-06 0.2538076
 outer loop
  vertex -0.06131333 0.08042102 -0.04820112
  vertex -0.06214354 0.075514324 -0.0450371
  vertex -0.061313298 0.075514324 -0.048201125
 endloop
endfacet
facet normal 0.96725494 0 0.2538066
 outer loop
  vertex -0.06297379 0.083692156 -0.04187308
  vertex -0.062143557 0.083692156 -0.04503709
  vertex -0.062143557 0.0869633 -0.04503709
 endloop
endfacet
facet normal 0.96725494 0 0.2538066
 outer loop
  vertex -0.06297379 0.083692156 -0.04187308
  vertex -0.062143557 0.0869633 -0.04503709
  vertex -0.06297379 0.0869633 -0.04187308
 endloop
endfacet
facet normal 0.967255 0 0.2538066
 outer loop
  vertex -0.06297379 0.08042102 -0.04187308
  vertex -0.062143557 0.08042102 -0.04503709
  vertex -0.062143557 0.083692156 -0.04503709
 endloop
endfacet
facet normal 0.967255 0 0.2538066
 outer loop
  vertex -0.06297379 0.08042102 -0.04187308
  vertex -0.062143557 0.083692156 -0.04503709
  vertex -0.06297379 0.083692156 -0.04187308
 endloop
endfacet
facet normal 0.96725374 -0 0.2538114
 outer loop
  vertex -0.06297379 0.08042102 -0.04187308
  vertex -0.06297379 0.075514324 -0.04187308
  vertex -0.06214354 0.075514324 -0.0450371
 endloop
endfacet
facet normal 0.967255 3.2864298e-06 0.2538066
 outer loop
  vertex -0.06297379 0.08042102 -0.04187308
  vertex -0.06214354 0.075514324 -0.0450371
  vertex -0.062143557 0.08042102 -0.04503709
 endloop
endfacet
facet normal 0.9672537 0 0.2538113
 outer loop
  vertex -0.063804045 0.083692156 -0.038709044
  vertex -0.06297379 0.083692156 -0.04187308
  vertex -0.06297379 0.0869633 -0.04187308
 endloop
endfacet
facet normal 0.9672537 0 0.2538113
 outer loop
  vertex -0.063804045 0.083692156 -0.038709044
  vertex -0.06297379 0.0869633 -0.04187308
  vertex -0.063804045 0.0869633 -0.038709044
 endloop
endfacet
facet normal 0.96725374 0 0.2538113
 outer loop
  vertex -0.063804045 0.08042102 -0.038709044
  vertex -0.06297379 0.08042102 -0.04187308
  vertex -0.06297379 0.083692156 -0.04187308
 endloop
endfacet
facet normal 0.96725374 0 0.2538113
 outer loop
  vertex -0.063804045 0.08042102 -0.038709044
  vertex -0.06297379 0.083692156 -0.04187308
  vertex -0.063804045 0.083692156 -0.038709044
 endloop
endfacet
facet normal 0.9672561 6.2603094e-06 0.25380224
 outer loop
  vertex -0.063804045 0.08042102 -0.038709044
  vertex -0.063804016 0.075514324 -0.038709037
  vertex -0.06297379 0.075514324 -0.04187308
 endloop
endfacet
facet normal 0.9672538 0 0.25381133
 outer loop
  vertex -0.063804045 0.08042102 -0.038709044
  vertex -0.06297379 0.075514324 -0.04187308
  vertex -0.06297379 0.08042102 -0.04187308
 endloop
endfacet
facet normal 0.96725035 0.0032007652 0.25380418
 outer loop
  vertex -0.06463428 0.0869633 -0.035545018
  vertex -0.063804045 0.0869633 -0.038709044
  vertex -0.059425823 0.09015533 -0.05543475
 endloop
endfacet
facet normal 0.96738124 0 0.2533248
 outer loop
  vertex -0.06463428 0.0869633 -0.035545018
  vertex -0.059425823 0.09015533 -0.05543475
  vertex -0.06463428 0.09023444 -0.035545018
 endloop
endfacet
facet normal 0.9672553 0 0.2538055
 outer loop
  vertex -0.06463428 0.083692156 -0.035545018
  vertex -0.063804045 0.083692156 -0.038709044
  vertex -0.063804045 0.0869633 -0.038709044
 endloop
endfacet
facet normal 0.9672553 0 0.2538055
 outer loop
  vertex -0.06463428 0.083692156 -0.035545018
  vertex -0.063804045 0.0869633 -0.038709044
  vertex -0.06463428 0.0869633 -0.035545018
 endloop
endfacet
facet normal 0.9672553 0 0.2538055
 outer loop
  vertex -0.06463428 0.08042102 -0.035545018
  vertex -0.063804045 0.08042102 -0.038709044
  vertex -0.063804045 0.083692156 -0.038709044
 endloop
endfacet
facet normal 0.9672553 0 0.2538055
 outer loop
  vertex -0.06463428 0.08042102 -0.035545018
  vertex -0.063804045 0.083692156 -0.038709044
  vertex -0.06463428 0.083692156 -0.035545018
 endloop
endfacet
facet normal 0.96725285 6.260308e-06 0.25381455
 outer loop
  vertex -0.06463428 0.075514324 -0.035545018
  vertex -0.063804016 0.075514324 -0.038709037
  vertex -0.063804045 0.08042102 -0.038709044
 endloop
endfacet
facet normal 0.96725523 0 0.2538055
 outer loop
  vertex -0.06463428 0.075514324 -0.035545018
  vertex -0.063804045 0.08042102 -0.038709044
  vertex -0.06463428 0.08042102 -0.035545018
 endloop
endfacet
facet normal 0.58321404 -0.024810174 -0.81193954
 outer loop
  vertex -0.09291586 0.020146776 -0.10759923
  vertex -0.09585828 -0.016949877 -0.10857921
  vertex -0.13001195 -0.00067762285 -0.13360892
 endloop
endfacet
facet normal 0.61403626 -0.11935803 -0.7802007
 outer loop
  vertex -0.09291586 0.020146776 -0.10759923
  vertex -0.13001195 -0.00067762285 -0.13360892
  vertex -0.12043917 0.038664456 -0.13209362
 endloop
endfacet
facet normal 0.42098793 0.27868915 -0.8631926
 outer loop
  vertex -0.07067113 -0.035952285 -0.10243027
  vertex -0.08807912 -0.069709525 -0.12181914
  vertex -0.09585828 -0.016949877 -0.10857921
 endloop
endfacet
facet normal -0.8259856 0 0.56369126
 outer loop
  vertex -0.059652835 0.08369218 -0.05452919
  vertex -0.018500105 0.08369217 0.005772549
  vertex -0.018500105 0.08696332 0.005772549
 endloop
endfacet
facet normal -0.82394224 0.10691106 0.5564973
 outer loop
  vertex -0.059652835 0.08369218 -0.05452919
  vertex -0.018500105 0.08696332 0.005772549
  vertex -0.059425823 0.09015533 -0.05543475
 endloop
endfacet
facet normal 0.627544 0.13870184 -0.7661268
 outer loop
  vertex -0.09585828 -0.016949877 -0.10857921
  vertex -0.117672205 -0.044127658 -0.13136761
  vertex -0.13001195 -0.00067762285 -0.13360892
 endloop
endfacet
facet normal 0.5050194 0.27939582 -0.8166354
 outer loop
  vertex -0.09585828 -0.016949877 -0.10857921
  vertex -0.08807912 -0.069709525 -0.12181914
  vertex -0.117672205 -0.044127658 -0.13136761
 endloop
endfacet
facet normal 0.1546754 0.98713136 0.040585313
 outer loop
  vertex -0.109514765 -0.06380801 -0.054269962
  vertex -0.06463423 -0.07161029 -0.03554498
  vertex -0.06380402 -0.07161029 -0.03870901
 endloop
endfacet
facet normal 0.15467201 0.9871315 0.04059516
 outer loop
  vertex -0.109514765 -0.06380801 -0.054269962
  vertex -0.06380402 -0.07161029 -0.03870901
  vertex -0.108684525 -0.06380798 -0.057433993
 endloop
endfacet
facet normal 0.35189265 0.0010624122 -0.9360398
 outer loop
  vertex -0.05217814 -0.023861684 -0.095464334
  vertex -0.07067113 -0.035952285 -0.10243027
  vertex -0.07072534 -0.028528363 -0.10244222
 endloop
endfacet
facet normal -0.8259858 0 0.563691
 outer loop
  vertex -0.018500105 0.07387874 0.005772549
  vertex -0.018500105 0.07714988 0.005772549
  vertex -0.059652798 0.07714989 -0.054529175
 endloop
endfacet
facet normal -0.8259858 0 0.563691
 outer loop
  vertex -0.018500105 0.07387874 0.005772549
  vertex -0.059652798 0.07714989 -0.054529175
  vertex -0.059652798 0.07387875 -0.054529175
 endloop
endfacet
facet normal -0.83043236 0 0.5571194
 outer loop
  vertex -0.05942581 -0.09165737 -0.05523046
  vertex -0.018500166 -0.08633043 0.0057725804
  vertex -0.018500166 -0.081423745 0.0057725804
 endloop
endfacet
facet normal -0.82464933 -0.056863263 0.5627789
 outer loop
  vertex -0.05942581 -0.09165737 -0.05523046
  vertex -0.018500166 -0.081423745 0.0057725804
  vertex -0.059652857 -0.0814237 -0.054529145
 endloop
endfacet
facet normal -0.8259857 -1.0482545e-07 0.56369096
 outer loop
  vertex -0.059652857 -0.07488142 -0.054529145
  vertex -0.018500166 -0.07488142 0.0057725804
  vertex -0.018500175 -0.07161029 0.0057725674
 endloop
endfacet
facet normal -0.8259858 -1.9499107e-06 0.563691
 outer loop
  vertex -0.059652857 -0.07488142 -0.054529145
  vertex -0.018500175 -0.07161029 0.0057725674
  vertex -0.05965288 -0.07161029 -0.054529168
 endloop
endfacet
facet normal -0.8259857 0 0.56369096
 outer loop
  vertex -0.059652798 0.07714989 -0.054529175
  vertex -0.018500105 0.07714988 0.005772549
  vertex -0.018500105 0.08042104 0.005772549
 endloop
endfacet
facet normal -0.8259856 -6.8246545e-06 0.56369126
 outer loop
  vertex -0.059652798 0.07714989 -0.054529175
  vertex -0.018500105 0.08042104 0.005772549
  vertex -0.059652835 0.08042104 -0.05452919
 endloop
endfacet
facet normal -0.8259858 0 0.563691
 outer loop
  vertex -0.018500166 -0.081423745 0.0057725804
  vertex -0.018500166 -0.07815258 0.0057725804
  vertex -0.059652857 -0.07815257 -0.054529145
 endloop
endfacet
facet normal -0.8259857 0 0.56369096
 outer loop
  vertex -0.018500166 -0.081423745 0.0057725804
  vertex -0.059652857 -0.07815257 -0.054529145
  vertex -0.059652857 -0.0814237 -0.054529145
 endloop
endfacet
facet normal -0.82598555 0 0.5636912
 outer loop
  vertex -0.018500105 0.08042104 0.005772549
  vertex -0.018500105 0.08369217 0.005772549
  vertex -0.059652835 0.08369218 -0.05452919
 endloop
endfacet
facet normal -0.8259856 0 0.56369126
 outer loop
  vertex -0.018500105 0.08042104 0.005772549
  vertex -0.059652835 0.08369218 -0.05452919
  vertex -0.059652835 0.08042104 -0.05452919
 endloop
endfacet
facet normal -0.8259858 0 0.563691
 outer loop
  vertex -0.018500166 -0.07815258 0.0057725804
  vertex -0.018500166 -0.07488142 0.0057725804
  vertex -0.059652857 -0.07488142 -0.054529145
 endloop
endfacet
facet normal -0.8259857 0 0.563691
 outer loop
  vertex -0.018500166 -0.07815258 0.0057725804
  vertex -0.059652857 -0.07488142 -0.054529145
  vertex -0.059652857 -0.07815257 -0.054529145
 endloop
endfacet
facet normal -0.8259858 0 0.563691
 outer loop
  vertex -0.018500105 0.0706076 0.005772549
  vertex -0.018500105 0.07387874 0.005772549
  vertex -0.059652798 0.07387875 -0.054529175
 endloop
endfacet
facet normal -0.8259858 0 0.563691
 outer loop
  vertex -0.018500105 0.0706076 0.005772549
  vertex -0.059652798 0.07387875 -0.054529175
  vertex -0.059652798 0.07060761 -0.054529175
 endloop
endfacet
facet normal 0.99367565 2.0426896e-06 -0.1122885
 outer loop
  vertex 0.015117269 -0.07161032 0.023046216
  vertex 0.01511731 -0.09123717 0.023046222
  vertex 0.008675449 -0.09123714 -0.033959806
 endloop
endfacet
facet normal 0.99367565 1.1923598e-06 -0.11228819
 outer loop
  vertex 0.015117269 -0.07161032 0.023046216
  vertex 0.008675449 -0.09123714 -0.033959806
  vertex 0.0086754225 -0.07161029 -0.03395983
 endloop
endfacet
facet normal 0.99367565 1.6761371e-06 -0.112288125
 outer loop
  vertex 0.008675512 0.0706076 -0.033959836
  vertex 0.008675478 0.090234436 -0.03395984
  vertex 0.015117317 0.09023443 0.023046175
 endloop
endfacet
facet normal 0.99367565 1.4374602e-06 -0.11228805
 outer loop
  vertex 0.008675512 0.0706076 -0.033959836
  vertex 0.015117317 0.09023443 0.023046175
  vertex 0.0151173435 0.070607595 0.023046155
 endloop
endfacet
facet normal 0.867423 7.504842e-07 -0.49757138
 outer loop
  vertex 0.037628345 0.09023443 0.062289923
  vertex 0.037628375 0.07060759 0.062289946
  vertex 0.0151173435 0.070607595 0.023046155
 endloop
endfacet
facet normal 0.8674228 1.6719258e-06 -0.49757177
 outer loop
  vertex 0.037628345 0.09023443 0.062289923
  vertex 0.0151173435 0.070607595 0.023046155
  vertex 0.015117317 0.09023443 0.023046175
 endloop
endfacet
facet normal 0.867423 1.6693976e-06 -0.49757153
 outer loop
  vertex 0.01511731 -0.09123717 0.023046222
  vertex 0.015117269 -0.07161032 0.023046216
  vertex 0.037628286 -0.07161032 0.062289968
 endloop
endfacet
facet normal -0.40483934 -2.5384043e-06 0.9143878
 outer loop
  vertex 0.037628345 0.09023443 0.062289923
  vertex -0.039971102 0.08042103 0.027933236
  vertex -0.03997108 0.07551432 0.027933232
 endloop
endfacet
facet normal -0.40483984 4.1935584e-07 0.9143876
 outer loop
  vertex 0.037628345 0.09023443 0.062289923
  vertex -0.03997108 0.07551432 0.027933232
  vertex 0.037628375 0.07060759 0.062289946
 endloop
endfacet
facet normal -0.40484017 -4.15988e-07 0.91438746
 outer loop
  vertex 0.037628286 -0.07161032 0.062289968
  vertex -0.03997117 -0.081423745 0.02793322
  vertex -0.039971143 -0.08633046 0.027933229
 endloop
endfacet
facet normal -0.40484026 0 0.91438746
 outer loop
  vertex 0.037628286 -0.07161032 0.062289968
  vertex -0.039971143 -0.08633046 0.027933229
  vertex 0.037628286 -0.0912372 0.062289968
 endloop
endfacet
facet normal -0.61698884 0.36851528 -0.6953569
 outer loop
  vertex -0.019233022 -0.08633046 0.012132753
  vertex -0.017843077 -0.091487095 0.008166617
  vertex -0.03997112 -0.09123717 0.027933238
 endloop
endfacet
facet normal -0.60604334 -4.270508e-06 -0.7954317
 outer loop
  vertex -0.019233022 -0.08633046 0.012132753
  vertex -0.03997112 -0.09123717 0.027933238
  vertex -0.039971143 -0.08633046 0.027933229
 endloop
endfacet
facet normal -0.6060439 0 -0.7954313
 outer loop
  vertex -0.01923297 0.08042103 0.0121327415
  vertex -0.01923297 0.07551432 0.0121327415
  vertex -0.03997108 0.07551432 0.027933232
 endloop
endfacet
facet normal -0.60604346 -2.1568233e-06 -0.79543144
 outer loop
  vertex -0.01923297 0.08042103 0.0121327415
  vertex -0.03997108 0.07551432 0.027933232
  vertex -0.039971102 0.08042103 0.027933236
 endloop
endfacet
facet normal -0.6060432 0 -0.79543173
 outer loop
  vertex -0.019233037 -0.07488145 0.012132741
  vertex -0.019233037 -0.07815258 0.012132741
  vertex -0.03997117 -0.07815258 0.02793322
 endloop
endfacet
facet normal -0.6060432 -0 -0.79543173
 outer loop
  vertex -0.019233037 -0.07488145 0.012132741
  vertex -0.03997117 -0.07815258 0.02793322
  vertex -0.03997117 -0.07488145 0.02793322
 endloop
endfacet
facet normal -0.6060432 -2.26467e-07 -0.79543173
 outer loop
  vertex -0.019233037 -0.07161032 0.01213274
  vertex -0.019233037 -0.07488145 0.012132741
  vertex -0.03997117 -0.07488145 0.02793322
 endloop
endfacet
facet normal -0.6060433 4.52934e-07 -0.79543173
 outer loop
  vertex -0.019233037 -0.07161032 0.01213274
  vertex -0.03997117 -0.07488145 0.02793322
  vertex -0.03997117 -0.07161032 0.027933221
 endloop
endfacet
facet normal -0.6060435 0 -0.79543144
 outer loop
  vertex -0.01923297 0.083692156 0.0121327415
  vertex -0.01923297 0.08042103 0.0121327415
  vertex -0.039971102 0.08042103 0.027933236
 endloop
endfacet
facet normal -0.6060435 -0 -0.79543144
 outer loop
  vertex -0.01923297 0.083692156 0.0121327415
  vertex -0.039971102 0.08042103 0.027933236
  vertex -0.039971102 0.083692156 0.027933236
 endloop
endfacet
facet normal -0.6060439 0 -0.79543126
 outer loop
  vertex -0.01923297 0.07551432 0.0121327415
  vertex -0.01923297 0.070607595 0.0121327415
  vertex -0.03997108 0.070607595 0.027933232
 endloop
endfacet
facet normal -0.6060439 -0 -0.79543126
 outer loop
  vertex -0.01923297 0.07551432 0.0121327415
  vertex -0.03997108 0.070607595 0.027933232
  vertex -0.03997108 0.07551432 0.027933232
 endloop
endfacet
facet normal -0.6060428 -4.7306276e-06 -0.7954321
 outer loop
  vertex -0.039971143 -0.08633046 0.027933229
  vertex -0.03997117 -0.081423745 0.02793322
  vertex -0.019233037 -0.081423745 0.0121327555
 endloop
endfacet
facet normal -0.6060433 -1.3875556e-06 -0.7954317
 outer loop
  vertex -0.039971143 -0.08633046 0.027933229
  vertex -0.019233037 -0.081423745 0.0121327555
  vertex -0.019233022 -0.08633046 0.012132753
 endloop
endfacet
facet normal -0.6060435 0 -0.7954315
 outer loop
  vertex -0.01923297 0.0869633 0.0121327415
  vertex -0.01923297 0.083692156 0.0121327415
  vertex -0.039971102 0.083692156 0.027933236
 endloop
endfacet
facet normal -0.6060435 -0 -0.7954315
 outer loop
  vertex -0.01923297 0.0869633 0.0121327415
  vertex -0.039971102 0.083692156 0.027933236
  vertex -0.039971102 0.0869633 0.027933236
 endloop
endfacet
facet normal -0.60604316 -3.6234387e-06 -0.79543173
 outer loop
  vertex -0.03997117 -0.07815258 0.02793322
  vertex -0.019233037 -0.07815258 0.012132741
  vertex -0.019233037 -0.081423745 0.0121327555
 endloop
endfacet
facet normal -0.6060428 0 -0.79543203
 outer loop
  vertex -0.03997117 -0.07815258 0.02793322
  vertex -0.019233037 -0.081423745 0.0121327555
  vertex -0.03997117 -0.081423745 0.02793322
 endloop
endfacet
facet normal -0.58054245 -0.47044978 -0.6645656
 outer loop
  vertex -0.039971102 0.09023443 0.027933236
  vertex -0.017991576 0.0905187 0.008531418
  vertex -0.01923297 0.0869633 0.0121327415
 endloop
endfacet
facet normal -0.6060435 0 -0.79543144
 outer loop
  vertex -0.039971102 0.09023443 0.027933236
  vertex -0.01923297 0.0869633 0.0121327415
  vertex -0.039971102 0.0869633 0.027933236
 endloop
endfacet
facet normal 0 0 0
 outer loop
  vertex -0.01923297 0.07551432 0.0121327415
  vertex -0.01923297 0.08042103 0.0121327415
  vertex -0.01923297 0.083692156 0.0121327415
 endloop
endfacet
facet normal -0.94540876 -0 -0.32588688
 outer loop
  vertex -0.01923297 0.083692156 0.0121327415
  vertex -0.01923297 0.0869633 0.0121327415
  vertex -0.017991576 0.0905187 0.008531418
 endloop
endfacet
facet normal -0.9834331 0 0.18127123
 outer loop
  vertex -0.017991576 0.0905187 0.008531418
  vertex -0.018500105 0.08696332 0.005772549
  vertex -0.018500105 0.08369217 0.005772549
 endloop
endfacet
facet normal 0 0 0
 outer loop
  vertex -0.018500105 0.08369217 0.005772549
  vertex -0.018500105 0.08042104 0.005772549
  vertex -0.018500105 0.07714988 0.005772549
 endloop
endfacet
facet normal -0.9934268 0 -0.11446948
 outer loop
  vertex -0.018500105 0.07387874 0.005772549
  vertex -0.018500105 0.0706076 0.005772549
  vertex -0.01923297 0.070607595 0.0121327415
 endloop
endfacet
facet normal -0.9834332 0 0.18127124
 outer loop
  vertex -0.017991576 0.0905187 0.008531418
  vertex -0.018500105 0.08369217 0.005772549
  vertex -0.018500105 0.07714988 0.005772549
 endloop
endfacet
facet normal -0.9934268 0 -0.11446948
 outer loop
  vertex -0.018500105 0.07714988 0.005772549
  vertex -0.018500105 0.07387874 0.005772549
  vertex -0.01923297 0.070607595 0.0121327415
 endloop
endfacet
facet normal 0 0 0
 outer loop
  vertex -0.01923297 0.070607595 0.0121327415
  vertex -0.01923297 0.07551432 0.0121327415
  vertex -0.01923297 0.083692156 0.0121327415
 endloop
endfacet
facet normal -0.9784405 0.07678373 -0.19172457
 outer loop
  vertex -0.01923297 0.083692156 0.0121327415
  vertex -0.017991576 0.0905187 0.008531418
  vertex -0.018500105 0.07714988 0.005772549
 endloop
endfacet
facet normal -0.9934268 0 -0.11446948
 outer loop
  vertex -0.01923297 0.083692156 0.0121327415
  vertex -0.018500105 0.07714988 0.005772549
  vertex -0.01923297 0.070607595 0.0121327415
 endloop
endfacet
facet normal 0.8852291 -0.30371806 -0.35231328
 outer loop
  vertex -0.05217814 -0.023861684 -0.095464334
  vertex -0.05942581 -0.09165737 -0.05523046
  vertex -0.070110366 -0.080663055 -0.09155453
 endloop
endfacet
facet normal 0.4593111 -0.20450489 -0.86441374
 outer loop
  vertex -0.05217814 -0.023861684 -0.095464334
  vertex -0.070110366 -0.080663055 -0.09155453
  vertex -0.07067113 -0.035952285 -0.10243027
 endloop
endfacet
facet normal -0.18870384 -0.9539395 -0.23321737
 outer loop
  vertex -0.12265786 -0.077993706 -0.059955187
  vertex -0.08807912 -0.069709525 -0.12181914
  vertex -0.070110366 -0.080663055 -0.09155453
 endloop
endfacet
facet normal -0.18870746 -0.95393723 -0.23322359
 outer loop
  vertex -0.12265786 -0.077993706 -0.059955187
  vertex -0.070110366 -0.080663055 -0.09155453
  vertex -0.05942581 -0.09165737 -0.05523046
 endloop
endfacet
facet normal -0.63637054 -0.63324267 -0.44049543
 outer loop
  vertex -0.08807912 -0.069709525 -0.12181914
  vertex -0.12265786 -0.077993706 -0.059955187
  vertex -0.14216563 -0.041441366 -0.084319405
 endloop
endfacet
endsolid 
